2026-04-12 16:33:07,695 [INFO] Activator:176 - 


2026-04-12 16:33:07,702 [INFO] Activator:177 - !SESSION log4j initialized
2026-04-12 16:33:16,572 [INFO] LogOutputStream:77 - [STDOUT_REDIRECT] 
2026-04-12 16:33:22,668 [INFO] ApplicationProperties:184 - Using Application install path: C:\ST\STM32CubeIDE_1.17.0\STM32CubeIDE\plugins\com.st.stm32cube.common.mx_6.14.0.202502271554
2026-04-12 16:33:22,687 [INFO] DbMcusXml:78 - Set database path to: C:\ST\STM32CubeIDE_1.17.0\STM32CubeIDE\plugins\com.st.stm32cube.common.mx_6.14.0.202502271554\\db\/mcu/
2026-04-12 16:33:22,687 [INFO] ApiDb:274 - Set plugin database path to: C:\ST\STM32CubeIDE_1.17.0\STM32CubeIDE\plugins\com.st.stm32cube.common.mx_6.14.0.202502271554\\db\/plugins/boardmanager/
2026-04-12 16:33:22,687 [WARN] ApiDb:259 - Overriding images path with different value:  => C:\ST\STM32CubeIDE_1.17.0\STM32CubeIDE\plugins\com.st.stm32cube.common.mx_6.14.0.202502271554\\db\/plugins/mcufinder/images/
2026-04-12 16:33:22,700 [INFO] ApiDb:250 - Set database path to: C:\Users\blew2\.stmcufinder\plugins\mcufinder//mcu/
2026-04-12 16:33:22,701 [INFO] DbMcusAds:125 - Set database path to: C:\Users\blew2\.stmcufinder\plugins\mcufinder//mcu/
2026-04-12 16:33:22,703 [INFO] CrossReferenceDbSqlite:203 - Set database path to: C:\Users\blew2\.stmcufinder\plugins\mcufinder//mcu/cs/
2026-04-12 16:33:22,816 [INFO] RulesReader:64 - Compatibility file has been processed (301 Rules)
2026-04-12 16:33:22,909 [INFO] DbMcusXml:78 - Set database path to: C:\ST\STM32CubeIDE_1.17.0\STM32CubeIDE\plugins\com.st.stm32cube.common.mx_6.14.0.202502271554\\db\/mcu/
2026-04-12 16:33:22,910 [INFO] ApiDb:274 - Set plugin database path to: C:\ST\STM32CubeIDE_1.17.0\STM32CubeIDE\plugins\com.st.stm32cube.common.mx_6.14.0.202502271554\\db\/plugins/boardmanager/
2026-04-12 16:33:22,910 [INFO] ApiDb:261 - Set plugin images path to: C:\ST\STM32CubeIDE_1.17.0\STM32CubeIDE\plugins\com.st.stm32cube.common.mx_6.14.0.202502271554\\db\/plugins/mcufinder/images/
2026-04-12 16:33:22,910 [WARN] DbFile:41 - Overriding database path with different value: C:\Users\blew2\.stmcufinder\plugins\mcufinder/ => C:\Users\blew2\.stmcufinder\plugins\mcufinder
2026-04-12 16:33:22,910 [INFO] ApiDb:250 - Set database path to: C:\Users\blew2\.stmcufinder\plugins\mcufinder//mcu/
2026-04-12 16:33:22,910 [WARN] DbFile:41 - Overriding database path with different value: C:\Users\blew2\.stmcufinder\plugins\mcufinder/ => C:\Users\blew2\.stmcufinder\plugins\mcufinder
2026-04-12 16:33:22,910 [INFO] DbMcusAds:125 - Set database path to: C:\Users\blew2\.stmcufinder\plugins\mcufinder//mcu/
2026-04-12 16:33:22,910 [WARN] DbFile:41 - Overriding database path with different value: C:\Users\blew2\.stmcufinder\plugins\mcufinder/ => C:\Users\blew2\.stmcufinder\plugins\mcufinder
2026-04-12 16:33:22,910 [WARN] DbFile:41 - Overriding database path with different value: C:\Users\blew2\.stmcufinder\plugins\mcufinder/ => C:\Users\blew2\.stmcufinder\plugins\mcufinder
2026-04-12 16:33:22,910 [INFO] CrossReferenceDbSqlite:203 - Set database path to: C:\Users\blew2\.stmcufinder\plugins\mcufinder//mcu/cs/
2026-04-12 16:33:22,990 [INFO] MainPanel:272 - HeapMemory: 268435456
2026-04-12 16:33:23,108 [INFO] DbMcusXml:78 - Set database path to: C:\ST\STM32CubeIDE_1.17.0\STM32CubeIDE\plugins\com.st.stm32cube.common.mx_6.14.0.202502271554\\db\/mcu/
2026-04-12 16:33:23,108 [INFO] ApiDb:274 - Set plugin database path to: C:\ST\STM32CubeIDE_1.17.0\STM32CubeIDE\plugins\com.st.stm32cube.common.mx_6.14.0.202502271554\\db\/plugins/boardmanager/
2026-04-12 16:33:23,108 [INFO] ApiDb:261 - Set plugin images path to: C:\ST\STM32CubeIDE_1.17.0\STM32CubeIDE\plugins\com.st.stm32cube.common.mx_6.14.0.202502271554\\db\/plugins/mcufinder/images/
2026-04-12 16:33:23,108 [WARN] DbFile:41 - Overriding database path with different value: C:\Users\blew2\.stmcufinder\plugins\mcufinder/ => C:\Users\blew2\.stmcufinder\plugins\mcufinder
2026-04-12 16:33:23,108 [INFO] ApiDb:250 - Set database path to: C:\Users\blew2\.stmcufinder\plugins\mcufinder//mcu/
2026-04-12 16:33:23,108 [WARN] DbFile:41 - Overriding database path with different value: C:\Users\blew2\.stmcufinder\plugins\mcufinder/ => C:\Users\blew2\.stmcufinder\plugins\mcufinder
2026-04-12 16:33:23,108 [INFO] DbMcusAds:125 - Set database path to: C:\Users\blew2\.stmcufinder\plugins\mcufinder//mcu/
2026-04-12 16:33:23,108 [WARN] DbFile:41 - Overriding database path with different value: C:\Users\blew2\.stmcufinder\plugins\mcufinder/ => C:\Users\blew2\.stmcufinder\plugins\mcufinder
2026-04-12 16:33:23,108 [WARN] DbFile:41 - Overriding database path with different value: C:\Users\blew2\.stmcufinder\plugins\mcufinder/ => C:\Users\blew2\.stmcufinder\plugins\mcufinder
2026-04-12 16:33:23,108 [INFO] CrossReferenceDbSqlite:203 - Set database path to: C:\Users\blew2\.stmcufinder\plugins\mcufinder//mcu/cs/
2026-04-12 16:33:23,129 [INFO] ApplicationProperties:184 - Using Application install path: C:\ST\STM32CubeIDE_1.17.0\STM32CubeIDE\plugins\com.st.stm32cube.common.mx_6.14.0.202502271554
2026-04-12 16:33:23,130 [INFO] PluginManage:196 - Search for loadable plugins [exclusion list=, ]
2026-04-12 16:33:23,132 [INFO] PluginManage:310 - Check plugin analytics
2026-04-12 16:33:28,238 [INFO] AnalyticsPlugin:253 - Accepted Software Licenses: 
2026-04-12 16:33:28,239 [INFO] AnalyticsPlugin:255 - Accepted CMSIS Pack Licenses: 
2026-04-12 16:33:28,239 [INFO] AnalyticsPlugin:257 - Accepted Firmware Licenses: 
2026-04-12 16:33:28,243 [INFO] PluginManage:359 - Loaded plugin analytics (category:tool,tabindex:-1)
2026-04-12 16:33:28,243 [INFO] PluginManage:310 - Check plugin cadmodel
2026-04-12 16:33:28,250 [INFO] CADModel:105 - Init CAD model plugin
2026-04-12 16:33:28,250 [INFO] PluginManage:359 - Loaded plugin cadmodel (category:power,tabindex:5)
2026-04-12 16:33:28,250 [INFO] PluginManage:310 - Check plugin clock
2026-04-12 16:33:28,262 [INFO] PluginManage:359 - Loaded plugin clock (category:base,tabindex:2)
2026-04-12 16:33:28,262 [INFO] PluginManage:310 - Check plugin ddr
2026-04-12 16:33:28,265 [INFO] PluginManage:359 - Loaded plugin ddr (category:tool,tabindex:6)
2026-04-12 16:33:28,265 [INFO] PluginManage:310 - Check plugin filemanager
2026-04-12 16:33:28,433 [INFO] PluginManage:359 - Loaded plugin filemanager (category:base,tabindex:10)
2026-04-12 16:33:28,433 [INFO] PluginManage:310 - Check plugin ipmanager
2026-04-12 16:33:28,442 [INFO] PluginManage:359 - Loaded plugin ipmanager (category:base,tabindex:5)
2026-04-12 16:33:28,442 [INFO] PluginManage:310 - Check plugin lpbam
2026-04-12 16:33:28,450 [INFO] PluginManage:359 - Loaded plugin lpbam (category:base,tabindex:0)
2026-04-12 16:33:28,450 [INFO] PluginManage:310 - Check plugin memorymap
2026-04-12 16:33:28,468 [INFO] PluginManage:359 - Loaded plugin memorymap (category:base,tabindex:4)
2026-04-12 16:33:28,468 [INFO] PluginManage:310 - Check plugin pinoutandconfiguration
2026-04-12 16:33:28,479 [INFO] PluginManage:359 - Loaded plugin pinoutandconfiguration (category:base,tabindex:1)
2026-04-12 16:33:28,479 [INFO] PluginManage:310 - Check plugin pinoutconfig
2026-04-12 16:33:28,577 [WARN] SupportedApi:132 - Cannot load RTOS API schema: s4s-elt-must-match.1: The content of 'definitions' must match (annotation?, (simpleType | complexType)?, (unique | key | keyref)*)). A problem was found starting at: attribute.
2026-04-12 16:33:28,713 [INFO] PluginManage:359 - Loaded plugin pinoutconfig (category:base,tabindex:0)
2026-04-12 16:33:28,714 [INFO] PluginManage:310 - Check plugin power
2026-04-12 16:33:28,725 [INFO] PluginManage:359 - Loaded plugin power (category:power,tabindex:4)
2026-04-12 16:33:28,725 [INFO] PluginManage:310 - Check plugin projectmanager
2026-04-12 16:33:28,740 [INFO] PluginManage:359 - Loaded plugin projectmanager (category:projectmanager,tabindex:4)
2026-04-12 16:33:28,740 [INFO] PluginManage:310 - Check plugin rif
2026-04-12 16:33:28,751 [INFO] PluginManage:359 - Loaded plugin rif (category:base,tabindex:3)
2026-04-12 16:33:28,751 [INFO] PluginManage:310 - Check plugin thirdparty
2026-04-12 16:33:28,901 [INFO] PluginManage:359 - Loaded plugin thirdparty (category:base,tabindex:-1)
2026-04-12 16:33:28,901 [WARN] IntegrityCheckThread:84 - waiting for thirdparty lock release [integrity check]
2026-04-12 16:33:28,901 [INFO] PluginManage:310 - Check plugin tools
2026-04-12 16:33:28,901 [INFO] IntegrityCheckThread:86 - entering critical section [integrity check]
2026-04-12 16:33:28,901 [INFO] ThirdPartyUpdaterWithRetryManager:70 - Updater plugin not ready yet. [1/15]
2026-04-12 16:33:28,904 [INFO] PluginManage:359 - Loaded plugin tools (category:base,tabindex:7)
2026-04-12 16:33:28,904 [INFO] PluginManage:310 - Check plugin tutovideos
2026-04-12 16:33:29,086 [INFO] PluginManage:359 - Loaded plugin tutovideos (category:base,tabindex:-1)
2026-04-12 16:33:29,086 [INFO] PluginManage:310 - Check plugin updater
2026-04-12 16:33:29,112 [INFO] PluginManage:359 - Loaded plugin updater (category:base,tabindex:12)
2026-04-12 16:33:29,112 [INFO] PluginManage:310 - Check plugin userauth
2026-04-12 16:33:29,117 [INFO] UserAuth:118 - Init User Auth plugin
2026-04-12 16:33:29,118 [INFO] PluginManage:359 - Loaded plugin userauth (category:base,tabindex:14)
2026-04-12 16:33:29,118 [INFO] PluginManage:283 - PluginManage : Loaded plugins [18]
2026-04-12 16:33:29,349 [INFO] PinOutPanel:1589 - setPackage(No Configuration,No Configuration)
2026-04-12 16:33:29,454 [INFO] CADModel:165 - CPN selected for project level
2026-04-12 16:33:29,455 [INFO] CADModel:114 - Register for checkConnection events
2026-04-12 16:33:29,480 [INFO] IPUIPlugin:80 - create IPUIPlugin
2026-04-12 16:33:29,480 [INFO] PluginManager:220 - loadIPPluginJar : add adc
2026-04-12 16:33:29,484 [INFO] IPUIPlugin:80 - create IPUIPlugin
2026-04-12 16:33:29,484 [INFO] PluginManager:220 - loadIPPluginJar : add aes
2026-04-12 16:33:29,487 [INFO] IPUIPlugin:80 - create IPUIPlugin
2026-04-12 16:33:29,488 [INFO] PluginManager:220 - loadIPPluginJar : add can
2026-04-12 16:33:29,490 [INFO] IPUIPlugin:80 - create IPUIPlugin
2026-04-12 16:33:29,490 [INFO] PluginManager:220 - loadIPPluginJar : add comp
2026-04-12 16:33:29,494 [INFO] IPUIPlugin:80 - create IPUIPlugin
2026-04-12 16:33:29,494 [INFO] PluginManager:220 - loadIPPluginJar : add cryp
2026-04-12 16:33:29,499 [INFO] IPUIPlugin:80 - create IPUIPlugin
2026-04-12 16:33:29,500 [INFO] PluginManager:220 - loadIPPluginJar : add ddr_ctrl_phy
2026-04-12 16:33:29,503 [INFO] IPUIPlugin:80 - create IPUIPlugin
2026-04-12 16:33:29,503 [INFO] PluginManager:220 - loadIPPluginJar : add dfsdm
2026-04-12 16:33:29,510 [INFO] IPUIPlugin:80 - create IPUIPlugin
2026-04-12 16:33:29,511 [INFO] PluginManager:220 - loadIPPluginJar : add dma
2026-04-12 16:33:29,514 [INFO] IPUIPlugin:80 - create IPUIPlugin
2026-04-12 16:33:29,514 [INFO] PluginManager:220 - loadIPPluginJar : add dma3
2026-04-12 16:33:29,518 [INFO] IPUIPlugin:80 - create IPUIPlugin
2026-04-12 16:33:29,518 [INFO] PluginManager:220 - loadIPPluginJar : add extmemmanager
2026-04-12 16:33:29,522 [INFO] IPUIPlugin:80 - create IPUIPlugin
2026-04-12 16:33:29,522 [INFO] PluginManager:220 - loadIPPluginJar : add fatfs
2026-04-12 16:33:29,527 [INFO] IPUIPlugin:80 - create IPUIPlugin
2026-04-12 16:33:29,527 [INFO] PluginManager:220 - loadIPPluginJar : add fmc
2026-04-12 16:33:29,537 [INFO] IPUIPlugin:80 - create IPUIPlugin
2026-04-12 16:33:29,537 [INFO] PluginManager:220 - loadIPPluginJar : add freertos
2026-04-12 16:33:29,539 [INFO] IPUIPlugin:80 - create IPUIPlugin
2026-04-12 16:33:29,539 [INFO] PluginManager:220 - loadIPPluginJar : add genericplugin
2026-04-12 16:33:29,541 [INFO] IPUIPlugin:80 - create IPUIPlugin
2026-04-12 16:33:29,541 [INFO] PluginManager:220 - loadIPPluginJar : add gfxmmu
2026-04-12 16:33:29,549 [INFO] IPUIPlugin:80 - create IPUIPlugin
2026-04-12 16:33:29,549 [INFO] PluginManager:220 - loadIPPluginJar : add gic
2026-04-12 16:33:29,553 [INFO] IPUIPlugin:80 - create IPUIPlugin
2026-04-12 16:33:29,553 [INFO] PluginManager:220 - loadIPPluginJar : add gpio
2026-04-12 16:33:29,557 [INFO] IPUIPlugin:80 - create IPUIPlugin
2026-04-12 16:33:29,558 [INFO] PluginManager:220 - loadIPPluginJar : add gtzc
2026-04-12 16:33:29,561 [INFO] IPUIPlugin:80 - create IPUIPlugin
2026-04-12 16:33:29,561 [INFO] PluginManager:220 - loadIPPluginJar : add hash
2026-04-12 16:33:29,564 [INFO] IPUIPlugin:80 - create IPUIPlugin
2026-04-12 16:33:29,564 [INFO] PluginManager:220 - loadIPPluginJar : add i2c
2026-04-12 16:33:29,567 [INFO] IPUIPlugin:80 - create IPUIPlugin
2026-04-12 16:33:29,568 [INFO] PluginManager:220 - loadIPPluginJar : add i2s
2026-04-12 16:33:29,571 [INFO] IPUIPlugin:80 - create IPUIPlugin
2026-04-12 16:33:29,571 [INFO] PluginManager:220 - loadIPPluginJar : add i3c
2026-04-12 16:33:29,575 [INFO] IPUIPlugin:80 - create IPUIPlugin
2026-04-12 16:33:29,576 [INFO] PluginManager:220 - loadIPPluginJar : add ipddr
2026-04-12 16:33:29,583 [INFO] IPUIPlugin:80 - create IPUIPlugin
2026-04-12 16:33:29,583 [INFO] PluginManager:220 - loadIPPluginJar : add linkedlist
2026-04-12 16:33:29,587 [INFO] IPUIPlugin:80 - create IPUIPlugin
2026-04-12 16:33:29,587 [INFO] PluginManager:220 - loadIPPluginJar : add lorawan
2026-04-12 16:33:29,589 [INFO] IPUIPlugin:80 - create IPUIPlugin
2026-04-12 16:33:29,589 [INFO] PluginManager:220 - loadIPPluginJar : add ltdc
2026-04-12 16:33:29,598 [INFO] IPUIPlugin:80 - create IPUIPlugin
2026-04-12 16:33:29,598 [INFO] PluginManager:220 - loadIPPluginJar : add mdma
2026-04-12 16:33:29,603 [INFO] IPUIPlugin:80 - create IPUIPlugin
2026-04-12 16:33:29,603 [INFO] PluginManager:220 - loadIPPluginJar : add nvic
2026-04-12 16:33:29,608 [INFO] IPUIPlugin:80 - create IPUIPlugin
2026-04-12 16:33:29,608 [INFO] PluginManager:220 - loadIPPluginJar : add opamp
2026-04-12 16:33:29,612 [INFO] IPUIPlugin:80 - create IPUIPlugin
2026-04-12 16:33:29,612 [INFO] PluginManager:220 - loadIPPluginJar : add openamp
2026-04-12 16:33:29,617 [INFO] IPUIPlugin:80 - create IPUIPlugin
2026-04-12 16:33:29,617 [INFO] PluginManager:220 - loadIPPluginJar : add pdm2pcm
2026-04-12 16:33:29,623 [INFO] IPUIPlugin:80 - create IPUIPlugin
2026-04-12 16:33:29,626 [INFO] PluginManager:220 - loadIPPluginJar : add plateformsettings
2026-04-12 16:33:29,630 [INFO] IPUIPlugin:80 - create IPUIPlugin
2026-04-12 16:33:29,630 [INFO] PluginManager:220 - loadIPPluginJar : add quadspi
2026-04-12 16:33:29,633 [INFO] IPUIPlugin:80 - create IPUIPlugin
2026-04-12 16:33:29,633 [INFO] PluginManager:220 - loadIPPluginJar : add radio
2026-04-12 16:33:29,643 [INFO] IPUIPlugin:80 - create IPUIPlugin
2026-04-12 16:33:29,643 [INFO] PluginManager:220 - loadIPPluginJar : add resmgrutility
2026-04-12 16:33:29,647 [INFO] IPUIPlugin:80 - create IPUIPlugin
2026-04-12 16:33:29,648 [INFO] PluginManager:220 - loadIPPluginJar : add sai
2026-04-12 16:33:29,651 [INFO] IPUIPlugin:80 - create IPUIPlugin
2026-04-12 16:33:29,652 [INFO] PluginManager:220 - loadIPPluginJar : add spi
2026-04-12 16:33:29,657 [INFO] IPUIPlugin:80 - create IPUIPlugin
2026-04-12 16:33:29,657 [INFO] PluginManager:220 - loadIPPluginJar : add stm32_wpan
2026-04-12 16:33:29,660 [INFO] IPUIPlugin:80 - create IPUIPlugin
2026-04-12 16:33:29,660 [INFO] PluginManager:220 - loadIPPluginJar : add tim
2026-04-12 16:33:29,664 [INFO] IPUIPlugin:80 - create IPUIPlugin
2026-04-12 16:33:29,664 [INFO] PluginManager:220 - loadIPPluginJar : add touchsensing
2026-04-12 16:33:29,666 [INFO] IPUIPlugin:80 - create IPUIPlugin
2026-04-12 16:33:29,666 [INFO] PluginManager:220 - loadIPPluginJar : add tracer_emb
2026-04-12 16:33:29,670 [INFO] IPUIPlugin:80 - create IPUIPlugin
2026-04-12 16:33:29,670 [INFO] PluginManager:220 - loadIPPluginJar : add ts
2026-04-12 16:33:29,673 [INFO] IPUIPlugin:80 - create IPUIPlugin
2026-04-12 16:33:29,673 [INFO] PluginManager:220 - loadIPPluginJar : add tsc
2026-04-12 16:33:29,676 [INFO] IPUIPlugin:80 - create IPUIPlugin
2026-04-12 16:33:29,676 [INFO] PluginManager:220 - loadIPPluginJar : add ucpd
2026-04-12 16:33:29,679 [INFO] IPUIPlugin:80 - create IPUIPlugin
2026-04-12 16:33:29,679 [INFO] PluginManager:220 - loadIPPluginJar : add usart
2026-04-12 16:33:29,683 [INFO] IPUIPlugin:80 - create IPUIPlugin
2026-04-12 16:33:29,683 [INFO] PluginManager:220 - loadIPPluginJar : add usbx
2026-04-12 16:33:29,812 [FATAL] Updater:351 - Updater called before beeing initialized
2026-04-12 16:33:29,834 [INFO] RulesReader:64 - Compatibility file has been processed (301 Rules)
2026-04-12 16:33:29,843 [INFO] RulesReader:64 - Compatibility file has been processed (301 Rules)
2026-04-12 16:33:29,852 [INFO] CADModel:165 - CPN selected for project level
2026-04-12 16:33:29,852 [INFO] CADModel:114 - Register for checkConnection events
2026-04-12 16:33:29,852 [FATAL] Updater:351 - Updater called before beeing initialized
2026-04-12 16:33:29,852 [ERROR] CADModel:125 - Updater not yet initialized, retry later 
2026-04-12 16:33:30,087 [FATAL] Updater:351 - Updater called before beeing initialized
2026-04-12 16:33:30,090 [INFO] CADModel:165 - CPN selected for project level
2026-04-12 16:33:30,090 [INFO] CADModel:114 - Register for checkConnection events
2026-04-12 16:33:30,090 [FATAL] Updater:351 - Updater called before beeing initialized
2026-04-12 16:33:30,090 [ERROR] CADModel:125 - Updater not yet initialized, retry later 
2026-04-12 16:33:30,094 [FATAL] Updater:351 - Updater called before beeing initialized
2026-04-12 16:33:30,227 [FATAL] Updater:351 - Updater called before beeing initialized
2026-04-12 16:33:30,233 [INFO] DbMcusAds:53 - JSON generation date=Thu Oct 02 02:36:05 PDT 2025 (1759397765645)
2026-04-12 16:33:30,233 [FATAL] Updater:351 - Updater called before beeing initialized
2026-04-12 16:33:30,337 [WARN] DetailPanel:346 - Failed to get advertising image, set to default
2026-04-12 16:33:30,570 [FATAL] Updater:351 - Updater called before beeing initialized
2026-04-12 16:33:30,572 [FATAL] Updater:351 - Updater called before beeing initialized
2026-04-12 16:33:30,572 [FATAL] Updater:351 - Updater called before beeing initialized
2026-04-12 16:33:30,572 [WARN] DetailPanel:346 - Failed to get advertising image, set to default
2026-04-12 16:33:30,573 [FATAL] Updater:351 - Updater called before beeing initialized
2026-04-12 16:33:30,625 [ERROR] Updater:1198 - MainUpdater not yet initialized. External WinMGr cannot be set.
2026-04-12 16:33:30,627 [INFO] Updater:1134 - Updater Version found : 6.14.0
2026-04-12 16:33:30,647 [INFO] ApplicationProperties:184 - Using Application install path: C:\ST\STM32CubeIDE_1.17.0\STM32CubeIDE\plugins\com.st.stm32cube.common.mx_6.14.0.202502271554
2026-04-12 16:33:31,909 [INFO] ThirdPartyUpdaterWithRetryManager:70 - Updater plugin not ready yet. [2/15]
2026-04-12 16:33:32,217 [ERROR] LogOutputStream:75 - [STDERR_REDIRECT] Apr 12, 2026 4:33:32 PM java.util.prefs.WindowsPreferences <init>
2026-04-12 16:33:32,218 [ERROR] LogOutputStream:75 - [STDERR_REDIRECT] WARNING: Could not open/create prefs root node Software\JavaSoft\Prefs at root 0xffffffff80000002. Windows RegCreateKeyEx(...) returned error code 5.
2026-04-12 16:33:32,218 [ERROR] LogOutputStream:75 - [STDERR_REDIRECT] 
2026-04-12 16:33:32,577 [INFO] MainUpdater:2872 - connection check result : 10
2026-04-12 16:33:32,578 [INFO] MainUpdater:3566 - Updater definition file requires update
2026-04-12 16:33:32,579 [INFO] MainUpdater:289 - Updater Check For Update Now.
2026-04-12 16:33:32,579 [INFO] MicroXplorer:498 - Change Database Version : DB.6.0.140
2026-04-12 16:33:32,586 [INFO] McuFinderGlobals:63 - Set McuFinder mode to 2 (CubeIDE integrated)
2026-04-12 16:33:32,588 [INFO] UserAuth:486 - Internet connection configuration mode: 1
2026-04-12 16:33:32,606 [INFO] JxBrowserEngine:152 - Initiate JxBrowser Engine with user profile folder
2026-04-12 16:33:32,710 [INFO] ServerAccessManage:473 - Download File updaters.zip
2026-04-12 16:33:32,846 [INFO] FileExtend:242 - Unzip File : updaters.zip
2026-04-12 16:33:32,848 [INFO] FileExtend:257 - Standard Zip Deflate
2026-04-12 16:33:33,391 [INFO] ServerAccessManage:473 - Download File PacksControlFlags.xml
2026-04-12 16:33:33,506 [INFO] ServerAccessManage:473 - Download File cubemx.pidx
2026-04-12 16:33:33,968 [INFO] ServerAccessManage:473 - Download File STMicroelectronics.FP-SNS-MOTENVWB1.pdsc
2026-04-12 16:33:34,406 [INFO] ServerAccessManage:473 - Download File STMicroelectronics.X-CUBE-FREERTOS.pdsc
2026-04-12 16:33:34,909 [WARN] MainUpdater:1193 - Updater busy. Cannot search thirdparties
2026-04-12 16:33:34,909 [INFO] ThirdPartyUpdaterWithRetryManager:96 - Updater plugin is busy. [1/15]
2026-04-12 16:33:34,914 [INFO] ServerAccessManage:473 - Download File STMicroelectronics.X-CUBE-MEMS1.pdsc
2026-04-12 16:33:36,483 [INFO] ServerAccessManage:473 - Download File STMicroelectronics.X-CUBE-NFC6.pdsc
2026-04-12 16:33:36,848 [INFO] ServerAccessManage:473 - Download File STMicroelectronics.X-CUBE-ST67W61.pdsc
2026-04-12 16:33:36,989 [INFO] ServerAccessManage:473 - Download File STMicroelectronics.X-CUBE-STSE01.pdsc
2026-04-12 16:33:37,207 [INFO] ServerAccessManage:473 - Download File STMicroelectronics.X-CUBE-TOUCHGFX.pdsc
2026-04-12 16:33:37,736 [INFO] WebApp:169 - Instantiating new browser for Auth
2026-04-12 16:33:37,910 [WARN] MainUpdater:1193 - Updater busy. Cannot search thirdparties
2026-04-12 16:33:37,910 [INFO] ThirdPartyUpdaterWithRetryManager:96 - Updater plugin is busy. [2/15]
2026-04-12 16:33:38,610 [INFO] ServerAccessManage:473 - Download File STMicroelectronics.X-CUBE-AZRTOS-H7.pdsc
2026-04-12 16:33:38,812 [INFO] WebApp:463 - Apply proxy settings
2026-04-12 16:33:38,812 [INFO] WebApp:548 - Chromium requires no authentication
2026-04-12 16:33:38,838 [INFO] WebApp:491 - Direct internet connection detected
2026-04-12 16:33:38,894 [INFO] WebApp:894 - Register for checkConnection events
2026-04-12 16:33:38,895 [INFO] WebApp:463 - Apply proxy settings
2026-04-12 16:33:38,895 [INFO] WebApp:548 - Chromium requires no authentication
2026-04-12 16:33:38,895 [INFO] WebApp:491 - Direct internet connection detected
2026-04-12 16:33:39,082 [INFO] WebApp:191 - Connection restablished
2026-04-12 16:33:39,204 [INFO] WebApp:225 - Starting web application
2026-04-12 16:33:39,204 [INFO] WebApp:593 - Web application path used C:\ST\STM32CubeIDE_1.17.0\STM32CubeIDE\plugins\com.st.stm32cube.common.mx_6.14.0.202502271554\db\plugins\mcufinder\reactClient1\index.html
2026-04-12 16:33:39,343 [INFO] UserAuth:486 - Internet connection configuration mode: 1
2026-04-12 16:33:39,429 [INFO] ServerAccessManage:473 - Download File STMicroelectronics.X-CUBE-AZRTOS-H7RS.pdsc
2026-04-12 16:33:39,981 [INFO] ServerAccessManage:473 - Download File STMicroelectronics.X-CUBE-WB05N.pdsc
2026-04-12 16:33:40,119 [INFO] ServerAccessManage:473 - Download File STMicroelectronics.eDS-WB_DPC_VIENNA.pdsc
2026-04-12 16:33:40,610 [ERROR] ServerAccessManage:1089 - Problem, file not found on Server
2026-04-12 16:33:40,800 [ERROR] ServerAccessManage:1089 - Problem, file not found on Server
2026-04-12 16:33:40,911 [WARN] MainUpdater:1193 - Updater busy. Cannot search thirdparties
2026-04-12 16:33:40,911 [INFO] ThirdPartyUpdaterWithRetryManager:96 - Updater plugin is busy. [3/15]
2026-04-12 16:33:41,119 [ERROR] ServerAccessManage:1089 - Problem, file not found on Server
2026-04-12 16:33:41,515 [ERROR] ServerAccessManage:1089 - Problem, file not found on Server
2026-04-12 16:33:41,695 [ERROR] ServerAccessManage:1089 - Problem, file not found on Server
2026-04-12 16:33:41,774 [INFO] ServerAccessManage:473 - Download File STMicroelectronics.eDS-WB_DPC_TT-BIDIR.pdsc
2026-04-12 16:33:42,152 [ERROR] ServerAccessManage:1089 - Problem, file not found on Server
2026-04-12 16:33:42,467 [ERROR] ServerAccessManage:1089 - Problem, file not found on Server
2026-04-12 16:33:42,826 [ERROR] ServerAccessManage:1089 - Problem, file not found on Server
2026-04-12 16:33:43,163 [ERROR] ServerAccessManage:1089 - Problem, file not found on Server
2026-04-12 16:33:43,224 [INFO] ServerAccessManage:473 - Download File STMicroelectronics.eDS-WB_DPC_3PH2L-BIDIR.pdsc
2026-04-12 16:33:43,598 [ERROR] ServerAccessManage:1089 - Problem, file not found on Server
2026-04-12 16:33:43,912 [WARN] MainUpdater:1193 - Updater busy. Cannot search thirdparties
2026-04-12 16:33:43,912 [INFO] ThirdPartyUpdaterWithRetryManager:96 - Updater plugin is busy. [4/15]
2026-04-12 16:33:44,033 [INFO] ServerAccessManage:473 - Download File Avnet-IOTCONNECT.X-CUBE-iotc-st67-sdk.pdsc
2026-04-12 16:33:44,131 [WARN] PopulateThirdPartyThread:106 - Error when creating pack: C:/Users/blew2/.stm32cubemx/thirdparties/pdsc/STMicroelectronics.FP-SNS-MOTENVWB1.pdsc
2026-04-12 16:33:44,134 [WARN] PopulateThirdPartyThread:106 - Error when creating pack: C:/Users/blew2/.stm32cubemx/thirdparties/pdsc/STMicroelectronics.X-CUBE-FREERTOS.pdsc
2026-04-12 16:33:44,216 [WARN] PackLoader:240 - Cannot read IP mode file for STMicroelectronics.X-CUBE-MEMS1.12.0.0
2026-04-12 16:33:44,279 [INFO] CheckServerUpdateThread:120 - End of CheckServer Thread
2026-04-12 16:33:44,298 [WARN] PackLoader:240 - Cannot read IP mode file for STMicroelectronics.X-CUBE-NFC6.3.2.0
2026-04-12 16:33:44,301 [WARN] PopulateThirdPartyThread:106 - Error when creating pack: C:/Users/blew2/.stm32cubemx/thirdparties/pdsc/STMicroelectronics.X-CUBE-ST67W61.pdsc
2026-04-12 16:33:44,308 [WARN] PackLoader:240 - Cannot read IP mode file for STMicroelectronics.X-CUBE-STSE01.2.0.0
2026-04-12 16:33:44,313 [WARN] PackLoader:240 - Cannot read IP mode file for STMicroelectronics.X-CUBE-TOUCHGFX.4.26.1
2026-04-12 16:33:44,328 [WARN] PackLoader:240 - Cannot read IP mode file for STMicroelectronics.X-CUBE-AZRTOS-H7.3.5.0
2026-04-12 16:33:44,345 [WARN] PackLoader:240 - Cannot read IP mode file for STMicroelectronics.X-CUBE-AZRTOS-H7RS.1.2.0
2026-04-12 16:33:44,352 [WARN] PackLoader:240 - Cannot read IP mode file for STMicroelectronics.X-CUBE-WB05N.2.1.0
2026-04-12 16:33:44,357 [WARN] PackLoader:240 - Cannot read IP mode file for STMicroelectronics.eDS-WB_DPC_VIENNA.1.2.0
2026-04-12 16:33:44,360 [WARN] PackLoader:240 - Cannot read IP mode file for STMicroelectronics.eDS-WB_DPC_TT-BIDIR.2.1.1
2026-04-12 16:33:44,365 [WARN] PackLoader:240 - Cannot read IP mode file for STMicroelectronics.eDS-WB_DPC_3PH2L-BIDIR.1.1.1
2026-04-12 16:33:44,376 [INFO] PopulateThirdPartyThread:66 - Ending populate Thread
2026-04-12 16:33:44,378 [INFO] ThirdParty:1030 - CMSIS Pack Vendor :STMicroelectronics X-CUBE-AZRTOS-H7 3.5.0
2026-04-12 16:33:44,378 [INFO] ThirdParty:1030 - CMSIS Pack Vendor :STMicroelectronics eDS-WB_DPC_TT-BIDIR 2.1.1
2026-04-12 16:33:44,378 [INFO] ThirdParty:1030 - CMSIS Pack Vendor :STMicroelectronics eDS-WB_DPC_VIENNA 1.2.0
2026-04-12 16:33:44,378 [INFO] ThirdParty:1030 - CMSIS Pack Vendor :STMicroelectronics X-CUBE-MEMS1 12.0.0
2026-04-12 16:33:44,378 [INFO] ThirdParty:1030 - CMSIS Pack Vendor :STMicroelectronics X-CUBE-STSE01 2.0.0
2026-04-12 16:33:44,378 [INFO] ThirdParty:1030 - CMSIS Pack Vendor :Avnet-IOTCONNECT X-CUBE-iotc-st67-sdk 1.0.0
2026-04-12 16:33:44,378 [INFO] ThirdParty:1030 - CMSIS Pack Vendor :STMicroelectronics eDS-WB_DPC_3PH2L-BIDIR 1.1.1
2026-04-12 16:33:44,378 [INFO] ThirdParty:1030 - CMSIS Pack Vendor :STMicroelectronics X-CUBE-TOUCHGFX 4.26.1
2026-04-12 16:33:44,378 [INFO] ThirdParty:1030 - CMSIS Pack Vendor :STMicroelectronics X-CUBE-AZRTOS-H7RS 1.2.0
2026-04-12 16:33:44,378 [INFO] ThirdParty:1030 - CMSIS Pack Vendor :STMicroelectronics X-CUBE-NFC6 3.2.0
2026-04-12 16:33:44,378 [INFO] ThirdParty:1030 - CMSIS Pack Vendor :STMicroelectronics X-CUBE-WB05N 2.1.0
2026-04-12 16:33:44,380 [INFO] LoadServerUpdatesThread:375 - End of LoadServerUpdate Thread
2026-04-12 16:33:47,324 [WARN] PackLoader:240 - Cannot read IP mode file for STMicroelectronics.X-CUBE-AZRTOS-H7.3.5.0
2026-04-12 16:33:47,330 [WARN] PackLoader:240 - Cannot read IP mode file for STMicroelectronics.FP-SNS-MOTENVWB1.1.4.0
2026-04-12 16:33:47,336 [WARN] PackLoader:240 - Cannot read IP mode file for STMicroelectronics.FP-ATR-ASTRA1.2.0.2
2026-04-12 16:33:47,341 [WARN] PackLoader:240 - Cannot read IP mode file for STMicroelectronics.FP-ATR-ASTRA1.2.0.1
2026-04-12 16:33:47,348 [WARN] PackLoader:240 - Cannot read IP mode file for STMicroelectronics.X-CUBE-SMBUS.2.1.0
2026-04-12 16:33:47,355 [WARN] PackLoader:240 - Cannot read IP mode file for STMicroelectronics.X-CUBE-WB05N.1.1.0
2026-04-12 16:33:47,369 [WARN] PackLoader:240 - Cannot read IP mode file for STMicroelectronics.X-CUBE-AZRTOS-F7.1.1.0
2026-04-12 16:33:47,373 [ERROR] Engine:466 - C:\Users\blew2\.stm32cubemx\thirdparties\pdsc\STMicroelectronics.FP-SNS-MOTENV1.5.1.0.pdsc: PDSC version is not supported
2026-04-12 16:33:47,378 [WARN] PackLoader:240 - Cannot read IP mode file for STMicroelectronics.FP-SNS-FLIGHT1.5.0.2
2026-04-12 16:33:47,397 [WARN] PackLoader:240 - Cannot read IP mode file for Infineon.AIROC-Wi-Fi-Bluetooth-STM32.1.7.0
2026-04-12 16:33:47,415 [WARN] PackLoader:240 - Cannot read IP mode file for STMicroelectronics.X-CUBE-AZRTOS-H7.3.4.0
2026-04-12 16:33:47,425 [WARN] PackLoader:240 - Cannot read IP mode file for STMicroelectronics.X-CUBE-DISPLAY.3.0.0
2026-04-12 16:33:47,430 [ERROR] Engine:466 - C:\Users\blew2\.stm32cubemx\thirdparties\pdsc\STMicroelectronics.FP-SNS-MOTENVWB1.1.5.0.pdsc: PDSC version is not supported
2026-04-12 16:33:47,437 [WARN] PackLoader:240 - Cannot read IP mode file for STMicroelectronics.X-CUBE-BLE1.7.0.0
2026-04-12 16:33:47,445 [WARN] PackLoader:240 - Cannot read IP mode file for STMicroelectronics.X-CUBE-NFC10.1.0.0
2026-04-12 16:33:47,454 [WARN] PackLoader:240 - Cannot read IP mode file for STMicroelectronics.X-CUBE-BLEMGR.4.0.0
2026-04-12 16:33:47,464 [WARN] PackLoader:240 - Cannot read IP mode file for STMicroelectronics.X-CUBE-ST60.1.1.0
2026-04-12 16:33:47,472 [WARN] PackLoader:240 - Cannot read IP mode file for emotas.I-CUBE-CANOPEN.1.3.0
2026-04-12 16:33:47,479 [WARN] PackLoader:240 - Cannot read IP mode file for STMicroelectronics.X-CUBE-GNSS1.7.1.0
2026-04-12 16:33:47,484 [WARN] ConditionMgr:438 - getConditionDescription Invalid condition id : Cortex-A Device cause : null
2026-04-12 16:33:47,492 [WARN] ConditionMgr:1044 - genDependencies : Invalid condition id : Cortex-A Device cause : null
2026-04-12 16:33:47,492 [WARN] ConditionMgr:1044 - genDependencies : Invalid condition id : Cortex-A Device cause : null
2026-04-12 16:33:47,492 [WARN] ConditionMgr:1044 - genDependencies : Invalid condition id : Cortex-A Device cause : null
2026-04-12 16:33:47,499 [WARN] PackLoader:240 - Cannot read IP mode file for STMicroelectronics.X-CUBE-AI.10.0.0
2026-04-12 16:33:47,503 [ERROR] Engine:466 - C:\Users\blew2\.stm32cubemx\thirdparties\pdsc\STMicroelectronics.FP-SNS-STBOX1.2.1.0.pdsc: PDSC version is not supported
2026-04-12 16:33:47,508 [WARN] PackLoader:240 - Cannot read IP mode file for STMicroelectronics.FP-SNS-SMARTAG2.1.2.0
2026-04-12 16:33:47,511 [WARN] PackLoader:240 - Cannot read IP mode file for STMicroelectronics.FP-SNS-FLIGHT1.5.1.0
2026-04-12 16:33:47,542 [WARN] PackLoader:240 - Cannot read IP mode file for STMicroelectronics.X-CUBE-MEMS1.11.1.0
2026-04-12 16:33:47,659 [INFO] LogOutputStream:77 - [STDOUT_REDIRECT] 1 : Invalid condition id : UX_CORESTACK_Condition cause : null
2026-04-12 16:33:47,661 [INFO] LogOutputStream:77 - [STDOUT_REDIRECT] 1 : Invalid condition id : UX_CORESTACK_Condition cause : null
2026-04-12 16:33:47,661 [INFO] LogOutputStream:77 - [STDOUT_REDIRECT] 1 : Invalid condition id : UX_CORESTACK_Condition cause : null
2026-04-12 16:33:47,663 [INFO] LogOutputStream:77 - [STDOUT_REDIRECT] 1 : Invalid condition id : UX_CORESTACK_Condition cause : null
2026-04-12 16:33:47,663 [INFO] LogOutputStream:77 - [STDOUT_REDIRECT] 1 : Invalid condition id : UX_CORESTACK_Condition cause : null
2026-04-12 16:33:47,666 [WARN] PackLoader:240 - Cannot read IP mode file for STMicroelectronics.X-CUBE-AZRTOS-WL.2.0.0
2026-04-12 16:33:47,672 [WARN] PackLoader:240 - Cannot read IP mode file for STMicroelectronics.FP-SNS-MOTENV1.5.0.0
2026-04-12 16:33:47,686 [WARN] PackLoader:240 - Cannot read IP mode file for STMicroelectronics.X-CUBE-AZRTOS-H7RS.1.2.0
2026-04-12 16:33:47,693 [WARN] PackLoader:240 - Cannot read IP mode file for wolfSSL.I-CUBE-wolfMQTT.1.19.0
2026-04-12 16:33:47,702 [WARN] PackLoader:240 - Cannot read IP mode file for WES.I-CUBE-Cesium.1.3.0
2026-04-12 16:33:47,707 [WARN] PackLoader:240 - Cannot read IP mode file for STMicroelectronics.X-CUBE-BLE2.3.3.0
2026-04-12 16:33:47,721 [WARN] PackLoader:240 - Cannot read IP mode file for STMicroelectronics.X-CUBE-NFC9.1.0.0
2026-04-12 16:33:47,727 [WARN] PackLoader:240 - Cannot read IP mode file for STMicroelectronics.X-CUBE-BLE1.7.1.0
2026-04-12 16:33:47,732 [WARN] PackLoader:240 - Cannot read IP mode file for STMicroelectronics.X-CUBE-EEPRMA1.5.2.0
2026-04-12 16:33:47,736 [ERROR] Engine:466 - C:\Users\blew2\.stm32cubemx\thirdparties\pdsc\STMicroelectronics.X-CUBE-ST67W61.1.1.0.pdsc: PDSC version is not supported
2026-04-12 16:33:47,761 [WARN] PackLoader:240 - Cannot read IP mode file for STMicroelectronics.X-CUBE-MEMS1.12.0.0
2026-04-12 16:33:47,833 [WARN] PackLoader:240 - Cannot read IP mode file for STMicroelectronics.X-CUBE-MEMS1.11.2.0
2026-04-12 16:33:47,918 [WARN] PackLoader:240 - Cannot read IP mode file for STMicroelectronics.X-CUBE-AZRTOS-G0.1.1.0
2026-04-12 16:33:47,927 [WARN] PackLoader:240 - Cannot read IP mode file for STMicroelectronics.X-CUBE-SAFEA1.1.2.2
2026-04-12 16:33:47,934 [WARN] PackLoader:240 - Cannot read IP mode file for STMicroelectronics.X-CUBE-NFC4.3.0.0
2026-04-12 16:33:47,943 [WARN] PackLoader:240 - Cannot read IP mode file for EmbeddedOffice.I-CUBE-FS-RTOS.1.0.1
2026-04-12 16:33:47,946 [WARN] PackLoader:240 - Cannot read IP mode file for STMicroelectronics.X-CUBE-WB05N.2.0.0
2026-04-12 16:33:47,954 [WARN] PackLoader:240 - Cannot read IP mode file for RealThread.X-CUBE-RT-Thread_Nano.4.1.1
2026-04-12 16:33:47,958 [WARN] PackLoader:240 - Cannot read IP mode file for STMicroelectronics.FP-ATR-SIGFOX1.3.2.0
2026-04-12 16:33:47,973 [WARN] PackLoader:240 - Cannot read IP mode file for STMicroelectronics.X-CUBE-EEPRMA1.5.1.0
2026-04-12 16:33:47,977 [ERROR] Engine:466 - C:\Users\blew2\.stm32cubemx\thirdparties\pdsc\STMicroelectronics.X-CUBE-FREERTOS.1.5.0.pdsc: PDSC version is not supported
2026-04-12 16:33:47,984 [WARN] PackLoader:240 - Cannot read IP mode file for ITTIA_DB.I-CUBE-ITTIADB.8.9.0
2026-04-12 16:33:47,990 [WARN] PackLoader:240 - Cannot read IP mode file for STMicroelectronics.X-CUBE-NFC6.3.2.0
2026-04-12 16:33:47,995 [WARN] PackLoader:240 - Cannot read IP mode file for STMicroelectronics.X-CUBE-AI.10.2.0
2026-04-12 16:33:48,021 [WARN] PackLoader:240 - Cannot read IP mode file for SEGGER.I-CUBE-embOS.1.3.1
2026-04-12 16:33:48,047 [WARN] PackLoader:240 - Cannot read IP mode file for STMicroelectronics.X-CUBE-ALGOBUILD.1.4.0
2026-04-12 16:33:48,074 [WARN] PackLoader:240 - Cannot read IP mode file for STMicroelectronics.X-CUBE-MEMS1.11.3.0
2026-04-12 16:33:48,162 [WARN] PackLoader:240 - Cannot read IP mode file for STMicroelectronics.X-CUBE-PM33A1.1.0.0
2026-04-12 16:33:48,174 [WARN] PackLoader:240 - Cannot read IP mode file for STMicroelectronics.X-CUBE-AZRTOS-F4.1.1.0
2026-04-12 16:33:48,180 [WARN] PackLoader:240 - Cannot read IP mode file for Avnet-IotConnect.X-CUBE-IoTC-DA16k-PMOD.1.0.0
2026-04-12 16:33:48,186 [WARN] PackLoader:240 - Cannot read IP mode file for STMicroelectronics.X-CUBE-ISPU.2.1.0
2026-04-12 16:33:48,190 [ERROR] Engine:466 - C:\Users\blew2\.stm32cubemx\thirdparties\pdsc\STMicroelectronics.X-CUBE-IPS.3.2.0.pdsc: PDSC version is not supported
2026-04-12 16:33:48,194 [WARN] PackLoader:240 - Cannot read IP mode file for STMicroelectronics.eDS-WB_DPC_TT-BIDIR.2.1.1
2026-04-12 16:33:48,201 [WARN] PackLoader:240 - Cannot read IP mode file for STMicroelectronics.X-CUBE-NFC12.1.0.0
2026-04-12 16:33:48,216 [WARN] PackLoader:240 - Cannot read IP mode file for STMicroelectronics.X-CUBE-AZRTOS-L5.2.0.0
2026-04-12 16:33:48,222 [WARN] PackLoader:240 - Cannot read IP mode file for STMicroelectronics.X-CUBE-NFC6.3.1.0
2026-04-12 16:33:48,230 [WARN] PackLoader:240 - Cannot read IP mode file for STMicroelectronics.X-CUBE-DPower.1.2.0
2026-04-12 16:33:48,234 [WARN] PackLoader:240 - Cannot read IP mode file for STMicroelectronics.eDS-WB_DPC_VIENNA.1.2.0
2026-04-12 16:33:48,237 [WARN] PackLoader:240 - Cannot read IP mode file for STMicroelectronics.eDS-WB_DPC_3PH2L-BIDIR.1.1.1
2026-04-12 16:33:48,244 [WARN] PackLoader:240 - Cannot read IP mode file for STMicroelectronics.X-CUBE-FREERTOS.1.3.1
2026-04-12 16:33:48,247 [WARN] PackLoader:240 - Cannot read IP mode file for STMicroelectronics.X-CUBE-FREERTOS.1.3.0
2026-04-12 16:33:48,253 [WARN] PackLoader:240 - Cannot read IP mode file for STMicroelectronics.X-CUBE-NFC7.1.0.1
2026-04-12 16:33:48,259 [WARN] PackLoader:240 - Cannot read IP mode file for STMicroelectronics.X-CUBE-TOUCHGFX.4.26.0
2026-04-12 16:33:48,261 [WARN] PackLoader:240 - Cannot read IP mode file for STMicroelectronics.X-CUBE-TOUCHGFX.4.26.1
2026-04-12 16:33:48,267 [WARN] PackLoader:240 - Cannot read IP mode file for STMicroelectronics.FP-SNS-STAIOTCFT.1.0.0
2026-04-12 16:33:48,271 [WARN] PackLoader:240 - Cannot read IP mode file for STMicroelectronics.X-CUBE-DPower.1.3.0
2026-04-12 16:33:48,284 [WARN] ConditionMgr:438 - getConditionDescription Invalid condition id : LAN8742 Phy interface Condition cause : null
2026-04-12 16:33:48,284 [WARN] PackLoader:240 - Cannot read IP mode file for STMicroelectronics.X-CUBE-AZRTOS-L4.2.0.0
2026-04-12 16:33:48,285 [WARN] ConditionMgr:1044 - genDependencies : Invalid condition id : LAN8742 Phy interface Condition cause : null
2026-04-12 16:33:48,285 [WARN] ConditionMgr:1044 - genDependencies : Invalid condition id : LAN8742 Phy interface Condition cause : null
2026-04-12 16:33:48,285 [WARN] ConditionMgr:1044 - genDependencies : Invalid condition id : LAN8742 Phy interface Condition cause : null
2026-04-12 16:33:48,291 [WARN] PackLoader:240 - Cannot read IP mode file for STMicroelectronics.X-CUBE-SFXS2LP1.4.0.0
2026-04-12 16:33:48,295 [WARN] PackLoader:240 - Cannot read IP mode file for STMicroelectronics.X-CUBE-WB05N.2.1.0
2026-04-12 16:33:48,299 [ERROR] Engine:466 - C:\Users\blew2\.stm32cubemx\thirdparties\pdsc\STMicroelectronics.X-CUBE-ST67W61.1.2.0.pdsc: PDSC version is not supported
2026-04-12 16:33:48,311 [WARN] PackLoader:240 - Cannot read IP mode file for STMicroelectronics.X-CUBE-AZRTOS-H7.3.3.0
2026-04-12 16:33:48,320 [WARN] PackLoader:240 - Cannot read IP mode file for STMicroelectronics.X-CUBE-BLEMGR.4.1.0
2026-04-12 16:33:48,334 [WARN] ConditionMgr:438 - getConditionDescription Invalid condition id : UX DEVICE CLASS RTOS Condition cause : null
2026-04-12 16:33:48,334 [WARN] ConditionMgr:438 - getConditionDescription Invalid condition id : UX DEVICE CLASS RTOS Condition cause : null
2026-04-12 16:33:48,336 [WARN] PackLoader:240 - Cannot read IP mode file for STMicroelectronics.X-CUBE-AZRTOS-WB.2.0.0
2026-04-12 16:33:48,337 [WARN] ConditionMgr:1044 - genDependencies : Invalid condition id : UX DEVICE CLASS RTOS Condition cause : null
2026-04-12 16:33:48,337 [WARN] ConditionMgr:1044 - genDependencies : Invalid condition id : UX DEVICE CLASS RTOS Condition cause : null
2026-04-12 16:33:48,337 [WARN] ConditionMgr:1044 - genDependencies : Invalid condition id : UX DEVICE CLASS RTOS Condition cause : null
2026-04-12 16:33:48,337 [WARN] ConditionMgr:1044 - genDependencies : Invalid condition id : UX DEVICE CLASS RTOS Condition cause : null
2026-04-12 16:33:48,337 [WARN] ConditionMgr:1044 - genDependencies : Invalid condition id : UX DEVICE CLASS RTOS Condition cause : null
2026-04-12 16:33:48,342 [WARN] PackLoader:240 - Cannot read IP mode file for STMicroelectronics.X-CUBE-GNSS1.7.0.1
2026-04-12 16:33:48,344 [WARN] PackLoader:240 - Cannot read IP mode file for STMicroelectronics.X-CUBE-TOUCHGFX.4.25.0
2026-04-12 16:33:48,352 [WARN] PackLoader:240 - Cannot read IP mode file for STMicroelectronics.FP-SNS-STBOX1.2.0.0
2026-04-12 16:33:48,360 [WARN] PackLoader:240 - Cannot read IP mode file for STMicroelectronics.X-CUBE-STSE01.2.0.0
2026-04-12 16:33:48,369 [WARN] PackLoader:240 - Cannot read IP mode file for STMicroelectronics.X-CUBE-SUBG2.5.0.0
2026-04-12 16:33:48,382 [WARN] PackLoader:240 - Cannot read IP mode file for STMicroelectronics.X-CUBE-AZRTOS-H7RS.1.1.0
2026-04-12 16:33:48,387 [WARN] PackLoader:240 - Cannot read IP mode file for Cesanta.I-CUBE-Mongoose.7.13.0
2026-04-12 16:33:48,398 [WARN] PackLoader:240 - Cannot read IP mode file for STMicroelectronics.X-CUBE-AZRTOS-G4.2.0.0
2026-04-12 16:33:48,404 [WARN] PackLoader:240 - Cannot read IP mode file for STMicroelectronics.X-CUBE-NFC7.2.0.0
2026-04-12 16:33:48,412 [WARN] PackLoader:240 - Cannot read IP mode file for STMicroelectronics.X-CUBE-IPS.3.1.0
2026-04-12 16:33:48,420 [WARN] PackLoader:240 - Cannot read IP mode file for STMicroelectronics.X-CUBE-ALS.1.0.2
2026-04-12 16:33:48,429 [WARN] PackLoader:240 - Cannot read IP mode file for STMicroelectronics.X-CUBE-TOUCHGFX.4.24.2
2026-04-12 16:33:48,437 [WARN] PackLoader:240 - Cannot read IP mode file for STMicroelectronics.X-CUBE-STSE01.1.0.0
2026-04-12 16:33:48,446 [WARN] PackLoader:240 - Cannot read IP mode file for portGmbH.I-Cube-SoM-uGOAL.1.1.0
2026-04-12 16:33:48,461 [WARN] PackLoader:240 - Cannot read IP mode file for STMicroelectronics.X-CUBE-AZRTOS-H7RS.1.0.0
2026-04-12 16:33:48,474 [WARN] PackLoader:240 - Cannot read IP mode file for STMicroelectronics.X-CUBE-TOF1.3.4.2
2026-04-12 16:33:48,494 [WARN] PackLoader:240 - Cannot read IP mode file for STMicroelectronics.X-CUBE-TOF1.3.4.3
2026-04-12 16:33:48,521 [WARN] PackLoader:240 - Cannot read IP mode file for wolfSSL.I-CUBE-wolfSSH.1.4.17
2026-04-12 16:33:48,522 [INFO] ThirdParty:978 - Integrity check success = true
2026-04-12 16:33:48,522 [INFO] IntegrityCheckThread:100 - exiting critical section [integrity check]
2026-04-12 16:33:48,522 [INFO] IntegrityCheckThread:103 - End integrity checks thread
2026-04-12 16:34:03,060 [INFO] McuFinderGlobals:63 - Set McuFinder mode to 2 (CubeIDE integrated)
2026-04-12 16:34:03,065 [INFO] MainUpdater:2872 - connection check result : 10
2026-04-12 16:34:03,068 [INFO] McuFinderGlobals:76 - Set McuFinderConnectedMode to true
2026-04-12 16:34:03,403 [INFO] ServerAccessManage:473 - Download File mcusAds.json._tmp_
2026-04-12 16:34:03,527 [INFO] LoadUrlFilesThread:156 - End of LoadUrlFiles Thread
2026-04-12 16:34:03,750 [INFO] ServerAccessManage:473 - Download File cube-finder-db.zip
2026-04-12 16:34:20,803 [INFO] FileExtend:242 - Unzip File : cube-finder-db.zip
2026-04-12 16:34:20,803 [INFO] FileExtend:257 - Standard Zip Deflate
2026-04-12 16:34:21,602 [INFO] LoadUrlFilesThread:156 - End of LoadUrlFiles Thread
2026-04-12 16:34:22,670 [INFO] ServerAccessManage:473 - Download File crdb.zip
2026-04-12 16:34:25,027 [INFO] FileExtend:242 - Unzip File : crdb.zip
2026-04-12 16:34:25,027 [INFO] FileExtend:257 - Standard Zip Deflate
2026-04-12 16:34:25,154 [INFO] LoadUrlFilesThread:156 - End of LoadUrlFiles Thread
2026-04-12 16:34:25,303 [INFO] ServerAccessManage:473 - Download File tutoVideoDB.zip
2026-04-12 16:34:25,418 [INFO] FileExtend:242 - Unzip File : tutoVideoDB.zip
2026-04-12 16:34:25,419 [INFO] FileExtend:257 - Standard Zip Deflate
2026-04-12 16:34:25,536 [INFO] LoadUrlFilesThread:156 - End of LoadUrlFiles Thread
2026-04-12 16:34:25,538 [WARN] DbFile:41 - Overriding database path with different value: C:\Users\blew2\.stmcufinder\plugins\mcufinder/ => C:\Users\blew2\.stmcufinder\plugins\mcufinder
2026-04-12 16:34:26,123 [INFO] ServerAccessManage:473 - Download File api_config.json
2026-04-12 16:34:26,241 [INFO] LoadUrlFilesThread:156 - End of LoadUrlFiles Thread
2026-04-12 16:34:26,242 [INFO] DbMcusAds:53 - JSON generation date=Fri Apr 10 02:19:02 PDT 2026 (1775812742310)
2026-04-12 16:34:26,378 [INFO] ServerAccessManage:473 - Download File 
2026-04-12 16:34:26,404 [INFO] LoadUrlFilesThread:185 - End of LoadServerUrlFiles without Thread
2026-04-12 16:34:26,404 [INFO] TargetSelectorAdapter:259 - Refresh data is successful
2026-04-12 16:34:26,802 [INFO] ApiDb:581 - Connected to CubeFinder SQLite database (C:\Users\blew2\.stmcufinder\plugins\mcufinder\mcu\cube-finder-db.db)
2026-04-12 16:34:26,939 [INFO] ApiDb:668 - CubeFinder database Data Model version=2.1
2026-04-12 16:34:26,939 [INFO] ApiDb:669 - CubeFinder database Configuration version=3.0.42
2026-04-12 16:34:26,940 [INFO] ApiDb:670 - CubeFinder database generation date=2026-03-11 (1773229989)
2026-04-12 16:34:26,940 [INFO] ApiDb:671 - CubeFinder database FW Pack versions=[FP-ATR-ASTRA1_V2.0.0, FP-SNS-FLIGHT1_V5.1.0, FP-SNS-MOTENV1_V5.1.0, FP-SNS-MOTENVWB1_V1.5.0, FP-SNS-SMARTAG2_V1.2.0, FP-SNS-STBOX1_V2.1.0, STM32Cube_FW_C0_V1.4.0, STM32Cube_FW_F4_V1.28.3, STM32Cube_FW_F7_V1.17.4, STM32Cube_FW_G0_V1.6.3, STM32Cube_FW_G4_V1.6.2, STM32Cube_FW_H5_V1.6.0, STM32Cube_FW_H7RS_V1.3.0, STM32Cube_FW_H7_V1.13.0, STM32Cube_FW_L0_V1.12.2, STM32Cube_FW_L4_V1.18.2, STM32Cube_FW_L5_V1.6.0, STM32Cube_FW_N6_V1.3.0, STM32Cube_FW_U0_V1.3.0, STM32Cube_FW_U3_V1.3.0, STM32Cube_FW_U5_V1.8.0, STM32Cube_FW_WB0_V1.4.0, STM32Cube_FW_WBA_V1.9.0, STM32Cube_FW_WB_V1.24.0, STM32Cube_FW_WL3_V1.4.0, STM32Cube_FW_WL_V1.5.0, X-CUBE-ALGOBUILD_V1.4.0, X-CUBE-ALS_V1.0.2, X-CUBE-AZRTOS-F4_V1.1.0, X-CUBE-AZRTOS-F7_V1.1.0, X-CUBE-AZRTOS-G0_V1.1.0, X-CUBE-AZRTOS-G4_V2.0.0, X-CUBE-AZRTOS-H7RS_V1.1.0, X-CUBE-AZRTOS-H7_V3.4.0, X-CUBE-AZRTOS-L4_V2.0.0, X-CUBE-AZRTOS-L5_V2.0.0, X-CUBE-AZRTOS-WB_V2.0.0, X-CUBE-AZRTOS-WL_V2.0.0, X-CUBE-BLE1_V7.1.0, X-CUBE-BLE2_V3.3.0, X-CUBE-BLEMGR_V4.1.0, X-CUBE-EEPRMA1_V5.2.0, X-CUBE-FREERTOS_V1.5.0, X-CUBE-GNSS1_V6.0.0, X-CUBE-MEMS1_V12.0.0, X-CUBE-NFC4_V3.0.0, X-CUBE-NFC7_V2.0.0, X-CUBE-SFXS2LP1_V4.0.0, X-CUBE-ST67W61_V1.2.0, X-CUBE-SUBG2_V5.0.0, X-CUBE-TOF1_V3.4.3]
2026-04-12 16:34:29,271 [INFO] ApiDb:240 - Found 895 in-development CPN: [B-G473E-ZEST1S, B-WB1M-WPAN1, B-WBA5M-WPAN, B-WL5M-SUBG1, NUCLEO-C031C6, NUCLEO-C051C8, NUCLEO-C071RB, NUCLEO-C092RC, NUCLEO-H503RB, NUCLEO-H533RE, NUCLEO-H563ZI, NUCLEO-H7S3L8, NUCLEO-N657X0-Q, NUCLEO-U031R8, NUCLEO-U083RC, NUCLEO-U385RG-Q, NUCLEO-U545RE-Q, NUCLEO-U5A5ZJ-Q, NUCLEO-WB05KZ, NUCLEO-WB07CC, NUCLEO-WB09KE, NUCLEO-WBA52CG, NUCLEO-WBA55CG, NUCLEO-WBA65RI, NUCLEO-WL33CC1, NUCLEO-WL33CC2, STEVAL-PROTEUS1, STEVAL-SMARTAG2, STEVAL-STWINBX1, STM320518-EVAL, STM32C0116-DK, STM32C011D6Y3TR, STM32C011D6Y6TR, STM32C011F4P3, STM32C011F4P6, STM32C011F4U3, STM32C011F4U6TR, STM32C011F6P3, STM32C011F6P6, STM32C011F6U3, STM32C011F6U6TR, STM32C011J4M3, STM32C011J4M6, STM32C011J6M3, STM32C011J6M6, STM32C0316-DK, STM32C031C4T3, STM32C031C4T6, STM32C031C4U3, STM32C031C4U6, STM32C031C6T3, STM32C031C6T6, STM32C031C6U3, STM32C031C6U6, STM32C031F4P3, STM32C031F4P6, STM32C031F6P3, STM32C031F6P6, STM32C031G4U3, STM32C031G4U6, STM32C031G6U3, STM32C031G6U6, STM32C031K4T3, STM32C031K4T6, STM32C031K4U3, STM32C031K4U6, STM32C031K6T3, STM32C031K6T6, STM32C031K6U3, STM32C031K6U6, STM32C051C6T6, STM32C051C6U6, STM32C051C8T6, STM32C051C8U6, STM32C051D8Y6TR, STM32C051F6P6, STM32C051F8P6, STM32C051G6U6, STM32C051G8U6, STM32C051K6T6, STM32C051K6U6, STM32C051K8T6, STM32C071C8T6, STM32C071C8T6N, STM32C071C8U6, STM32C071C8U6N, STM32C071CBT6, STM32C071CBT6N, STM32C071CBU6, STM32C071CBU6N, STM32C071F8P6, STM32C071F8P6N, STM32C071FBP6, STM32C071FBP6N, STM32C071FBY6TR, STM32C071G8U6, STM32C071G8U6N, STM32C071GBU6, STM32C071GBU6N, STM32C071K8T6, STM32C071K8T6N, STM32C071K8U6, STM32C071K8U6N, STM32C071KBT6, STM32C071KBT6N, STM32C071KBU6, STM32C071KBU6N, STM32C071R8T6, STM32C071R8T6N, STM32C071RBI6N, STM32C071RBT6, STM32C071RBT6N, STM32C091CBT6, STM32C091CBU6, STM32C091CCT6, STM32C091CCU6, STM32C091ECY6TR, STM32C091FBP6, STM32C091FCP6, STM32C091GBU6, STM32C091GCU6, STM32C091KBT6, STM32C091KBU6, STM32C091KCT6, STM32C091KCU6, STM32C091RBT6, STM32C091RCI6, STM32C091RCT6, STM32C092CBT6, STM32C092CBU6, STM32C092CCT6, STM32C092CCU6, STM32C092ECY6TR, STM32C092FBP6, STM32C092FCP6, STM32C092GBU6, STM32C092GCU6, STM32C092KBT6, STM32C092KBU6, STM32C092KCT6, STM32C092KCU6, STM32C092RBT6, STM32C092RCI6, STM32C092RCT6, STM32G071K8TXN, STM32G071K8UXN, STM32G081GBU6N, STM32G081KBT6N, STM32G081KBUXN, STM32G0B1CCT6N, STM32G0B1KCT6, STM32G0B1NEY6TR, STM32G0B1RCT6N, STM32G0C1CCT6, STM32G0C1CCT6N, STM32G0C1CCU6N, STM32G0C1CET6N, STM32G0C1CEU6N, STM32G0C1KCT6, STM32G0C1NEY6TR, STM32G0C1RCI6N, STM32G0C1RCT6N, STM32G0C1REI6N, STM32G0C1RET6N, STM32G0C1VCI6, STM32G0C1VEI6, STM32G411C6T3, STM32G411C6T6, STM32G411C6U3, STM32G411C6U6, STM32G411C8T3, STM32G411C8T6, STM32G411C8U3, STM32G411C8U6, STM32G411CBT3, STM32G411CBT6, STM32G411CBU3, STM32G411CBU6, STM32G411CCT3, STM32G411CCT6, STM32G411CCU3, STM32G411CCU6, STM32G411K6T3, STM32G411K6T6, STM32G411K6U3, STM32G411K6U6, STM32G411K8T3, STM32G411K8T6, STM32G411K8U3, STM32G411K8U6, STM32G411KBT3, STM32G411KBT6, STM32G411KBU3, STM32G411KBU6, STM32G411M6T3, STM32G411M6T6, STM32G411M8T3, STM32G411M8T6, STM32G411MBT3, STM32G411MBT6, STM32G411MCT3, STM32G411MCT6, STM32G411R6T3, STM32G411R6T6, STM32G411R8T3, STM32G411R8T6, STM32G411RBT3, STM32G411RBT6, STM32G411RCT3, STM32G411RCT6, STM32G414CBT3, STM32G414CBT6, STM32G414CBU3, STM32G414CBU6, STM32G414CCT3, STM32G414CCT6, STM32G414CCU3, STM32G414CCU6, STM32G414MBT3, STM32G414MBT6, STM32G414MCT3, STM32G414MCT6, STM32G414RBT3, STM32G414RBT6, STM32G414RCT3, STM32G414RCT6, STM32G414VBT3, STM32G414VBT6, STM32G414VCT3, STM32G414VCT6, STM32G431CBT3Z, STM32G431RBT3Z, STM32G471CCT6, STM32G471CCU6, STM32G471CET3, STM32G471CET6, STM32G471CEU3, STM32G471CEU6, STM32G471MCT6, STM32G471MET3, STM32G471MET6, STM32G471MEY6TR, STM32G471QCT6, STM32G471QET3, STM32G471RCT6, STM32G471RET3, STM32G471RET6, STM32G471VCH6, STM32G471VCI6, STM32G471VCT6, STM32G471VEH3, STM32G471VEH6, STM32G471VEI3, STM32G471VEI6, STM32G471VET3, STM32G471VET6, STM32G473QET3Z, STM32G473RET3Z, STM32G474CCT6, STM32G491RET3Z, STM32H503CBT6, STM32H503CBU6, STM32H503EBY6TR, STM32H503KBU6, STM32H503RBT6, STM32H523CCT6, STM32H523CCU6, STM32H523CET6, STM32H523CEU6, STM32H523HEY6TR, STM32H523RCT6, STM32H523RET6, STM32H523VCI6, STM32H523VCT6, STM32H523VEI6, STM32H523VET6, STM32H523ZCJ6, STM32H523ZCT6, STM32H523ZEJ6, STM32H523ZET6, STM32H533CET6, STM32H533CEU6, STM32H533HEY6TR, STM32H533RET6, STM32H533VEI6, STM32H533VET6, STM32H533ZEJ6, STM32H533ZET6, STM32H562AGI6, STM32H562AII6, STM32H562IGK6, STM32H562IGT6, STM32H562IIK6, STM32H562IIT6, STM32H562RGT6, STM32H562RGV6, STM32H562RIT6, STM32H562RIV6, STM32H562VGT6, STM32H562VIT6, STM32H562ZGT6, STM32H562ZIT6, STM32H563AGI6, STM32H563AII3Q, STM32H563AII6, STM32H563IGK6, STM32H563IGT6, STM32H563IIK3Q, STM32H563IIK6, STM32H563IIT3Q, STM32H563IIT6, STM32H563MIY3QTR, STM32H563RGT6, STM32H563RGV6, STM32H563RIT6, STM32H563RIV6, STM32H563VGT6, STM32H563VIT3Q, STM32H563VIT6, STM32H563ZGT6, STM32H563ZIT3Q, STM32H563ZIT6, STM32H573AII3Q, STM32H573AII6, STM32H573I-DK, STM32H573IIK3Q, STM32H573IIK6, STM32H573IIT3Q, STM32H573IIT6, STM32H573MIY3QTR, STM32H573RIT6, STM32H573RIV6, STM32H573VIT3Q, STM32H573VIT6, STM32H573ZIT3Q, STM32H573ZIT6, STM32H7R3A8I6, STM32H7R3I8K6, STM32H7R3I8T6, STM32H7R3L8H6, STM32H7R3L8H6H, STM32H7R3R8V6, STM32H7R3V8H6, STM32H7R3V8T6, STM32H7R3V8Y6TR, STM32H7R3Z8J6, STM32H7R3Z8T6, STM32H7R7A8I6, STM32H7R7I8K6, STM32H7R7I8T6, STM32H7R7L8H6, STM32H7R7L8H6H, STM32H7R7Z8J6, STM32H7S3A8I6, STM32H7S3I8K6, STM32H7S3I8T6, STM32H7S3L8H6, STM32H7S3L8H6H, STM32H7S3R8V6, STM32H7S3V8H6, STM32H7S3V8T6, STM32H7S3V8Y6TR, STM32H7S3Z8J6, STM32H7S3Z8T6, STM32H7S78-DK, STM32H7S7A8I6, STM32H7S7I8K6, STM32H7S7I8T6, STM32H7S7L8H6, STM32H7S7L8H6H, STM32H7S7Z8J6, STM32L4R5QGI6STR, STM32MP131AAE3, STM32MP131AAF3, STM32MP131AAG3, STM32MP131CAE3, STM32MP131CAF3, STM32MP131CAG3, STM32MP131DAE7, STM32MP131DAF7, STM32MP131DAG7, STM32MP131FAE7, STM32MP131FAF7, STM32MP131FAG7, STM32MP133AAE3, STM32MP133AAF3, STM32MP133AAG3, STM32MP133CAE3, STM32MP133CAF3, STM32MP133CAG3, STM32MP133DAE7, STM32MP133DAF7, STM32MP133DAG7, STM32MP133FAE7, STM32MP133FAF7, STM32MP133FAG7, STM32MP135AAE3, STM32MP135AAF3, STM32MP135AAG3, STM32MP135CAE3, STM32MP135CAF3, STM32MP135CAG3, STM32MP135DAE7, STM32MP135DAF7, STM32MP135DAG7, STM32MP135F-DK, STM32MP135FAE7, STM32MP135FAF7, STM32MP135FAF7T, STM32MP135FAF7U, STM32MP135FAG7, STM32MP231AAJ3, STM32MP231AAK3, STM32MP231AAL3, STM32MP231CAJ3, STM32MP231CAK3, STM32MP231CAL3, STM32MP231DAJ3, STM32MP231DAK3, STM32MP231DAL3, STM32MP231FAJ3, STM32MP231FAK3, STM32MP231FAL3, STM32MP233AAJ3, STM32MP233AAK3, STM32MP233AAL3, STM32MP233CAJ3, STM32MP233CAK3, STM32MP233CAL3, STM32MP233DAJ3, STM32MP233DAK3, STM32MP233DAL3, STM32MP233FAJ3, STM32MP233FAK3, STM32MP233FAL3, STM32MP235AAJ3, STM32MP235AAK3, STM32MP235AAL3, STM32MP235CAJ3, STM32MP235CAK3, STM32MP235CAL3, STM32MP235DAJ3, STM32MP235DAK3, STM32MP235DAL3, STM32MP235FAJ3, STM32MP235FAK3, STM32MP235FAL3, STM32MP251AAI3, STM32MP251AAJ3, STM32MP251AAK3, STM32MP251AAL3, STM32MP251CAI3, STM32MP251CAJ3, STM32MP251CAK3, STM32MP251CAL3, STM32MP251DAI3, STM32MP251DAJ3, STM32MP251DAK3, STM32MP251DAL3, STM32MP251FAI3, STM32MP251FAJ3, STM32MP251FAK3, STM32MP251FAL3, STM32MP253AAI3, STM32MP253AAJ3, STM32MP253AAK3, STM32MP253AAL3, STM32MP253CAI3, STM32MP253CAJ3, STM32MP253CAK3, STM32MP253CAL3, STM32MP253DAI3, STM32MP253DAJ3, STM32MP253DAK3, STM32MP253DAL3, STM32MP253FAI3, STM32MP253FAJ3, STM32MP253FAK3, STM32MP253FAL3, STM32MP255AAI3, STM32MP255AAJ3, STM32MP255AAK3, STM32MP255AAL3, STM32MP255CAI3, STM32MP255CAJ3, STM32MP255CAK3, STM32MP255CAL3, STM32MP255DAI3, STM32MP255DAJ3, STM32MP255DAK3, STM32MP255DAL3, STM32MP255FAI3, STM32MP255FAJ3, STM32MP255FAK3, STM32MP255FAL3, STM32MP257AAI3, STM32MP257AAJ3, STM32MP257AAK3, STM32MP257AAL3, STM32MP257CAI3, STM32MP257CAJ3, STM32MP257CAK3, STM32MP257CAL3, STM32MP257DAI3, STM32MP257DAJ3, STM32MP257DAK3, STM32MP257DAL3, STM32MP257F-DK, STM32MP257F-EV1, STM32MP257FAI3, STM32MP257FAJ3, STM32MP257FAK3, STM32MP257FAL3, STM32N645A0H3Q, STM32N645B0H3Q, STM32N645I0H3Q, STM32N645L0H3Q, STM32N645X0H3Q, STM32N645Z0H3Q, STM32N647A0H3Q, STM32N647B0H3Q, STM32N647I0H3Q, STM32N647L0H3Q, STM32N647X0H3Q, STM32N647Z0H3Q, STM32N655A0H3Q, STM32N655B0H3Q, STM32N655I0H3Q, STM32N655L0H3Q, STM32N655X0H3Q, STM32N655Z0H3Q, STM32N6570-DK, STM32N657A0H3Q, STM32N657B0H3Q, STM32N657I0H3Q, STM32N657L0H3Q, STM32N657X0H3Q, STM32N657Z0H3Q, STM32U031C6T6, STM32U031C6U6, STM32U031C8T6, STM32U031C8U6, STM32U031F4P6, STM32U031F6P6, STM32U031F8P6, STM32U031G6Y6TR, STM32U031G8Y6TR, STM32U031K4U6, STM32U031K6U6, STM32U031K8U6, STM32U031R6I6, STM32U031R6T6, STM32U031R8I6, STM32U031R8T6, STM32U073C8T6, STM32U073C8U6, STM32U073CBT6, STM32U073CBU6, STM32U073CCT6, STM32U073CCU6, STM32U073H8Y6TR, STM32U073HBY6TR, STM32U073HCY6TR, STM32U073K8U6, STM32U073KBU6, STM32U073KCU6, STM32U073M8I6, STM32U073M8T6, STM32U073MBI6, STM32U073MBT6, STM32U073MCI6, STM32U073MCT6, STM32U073R8I6, STM32U073R8T6, STM32U073RBI6, STM32U073RBT6, STM32U073RCI6, STM32U073RCT6, STM32U083C-DK, STM32U083CCT6, STM32U083CCU6, STM32U083HCY6TR, STM32U083KCU6, STM32U083MCI6, STM32U083MCT6, STM32U083RCI6, STM32U083RCT6, STM32U375CET6, STM32U375CET6Q, STM32U375CEU6, STM32U375CEU6Q, STM32U375CEY6QTR, STM32U375CGT6, STM32U375CGT6Q, STM32U375CGU6, STM32U375CGU6Q, STM32U375CGY6QTR, STM32U375KEU6, STM32U375KGU6, STM32U375REI6, STM32U375REI6Q, STM32U375RET6, STM32U375RET6Q, STM32U375REY6GTR, STM32U375REY6QTR, STM32U375RGI6, STM32U375RGI6Q, STM32U375RGT6, STM32U375RGT6Q, STM32U375RGY6GTR, STM32U375RGY6QTR, STM32U375VEI6, STM32U375VEI6Q, STM32U375VET6, STM32U375VET6Q, STM32U375VGI6, STM32U375VGI6Q, STM32U375VGT6, STM32U375VGT6Q, STM32U385CGT6, STM32U385CGT6Q, STM32U385CGU6, STM32U385CGU6Q, STM32U385CGY6QTR, STM32U385KGU6, STM32U385RGI6, STM32U385RGI6Q, STM32U385RGT6, STM32U385RGT6Q, STM32U385RGY6GTR, STM32U385RGY6QTR, STM32U385VGI6, STM32U385VGI6Q, STM32U385VGT6, STM32U385VGT6Q, STM32U535CBT6, STM32U535CBT6Q, STM32U535CBU6, STM32U535CBU6Q, STM32U535CCT6, STM32U535CCT6Q, STM32U535CCU6, STM32U535CCU6Q, STM32U535CET6, STM32U535CET6Q, STM32U535CEU6, STM32U535CEU6Q, STM32U535JEY6QTR, STM32U535NCY6QTR, STM32U535NEY6QTR, STM32U535RBI6, STM32U535RBI6Q, STM32U535RBT6, STM32U535RBT6Q, STM32U535RCI6, STM32U535RCI6Q, STM32U535RCT6, STM32U535RCT6Q, STM32U535REI6, STM32U535REI6Q, STM32U535RET6, STM32U535RET6Q, STM32U535VCI6, STM32U535VCI6Q, STM32U535VCT6, STM32U535VCT6Q, STM32U535VEI6, STM32U535VEI6Q, STM32U535VET6, STM32U535VET6Q, STM32U545CET6, STM32U545CET6Q, STM32U545CEU6, STM32U545CEU6Q, STM32U545JEY6QTR, STM32U545NEY6QTR, STM32U545REI6, STM32U545REI6Q, STM32U545RET6, STM32U545RET6Q, STM32U545VEI6, STM32U545VEI6Q, STM32U545VET6, STM32U545VET6Q, STM32U595AIH6, STM32U595AIH6Q, STM32U595AJH6, STM32U595AJH6Q, STM32U595QII6, STM32U595QII6Q, STM32U595QJI6, STM32U595QJI6Q, STM32U595RIT6, STM32U595RIT6Q, STM32U595RJT6, STM32U595RJT6Q, STM32U595VIT6, STM32U595VIT6Q, STM32U595VJT6, STM32U595VJT6Q, STM32U595ZIT6, STM32U595ZIT6Q, STM32U595ZIY6QTR, STM32U595ZJT6, STM32U595ZJT6Q, STM32U595ZJY6QTR, STM32U599BJY6QTR, STM32U599NIH6Q, STM32U599NJH6Q, STM32U599VIT6Q, STM32U599VJT6, STM32U599VJT6Q, STM32U599ZIT6Q, STM32U599ZIY6QTR, STM32U599ZJT6Q, STM32U599ZJY6QTR, STM32U5A5AJH6, STM32U5A5AJH6Q, STM32U5A5QII3Q , STM32U5A5QJI6, STM32U5A5QJI6Q, STM32U5A5RJT6, STM32U5A5RJT6Q, STM32U5A5VJT6, STM32U5A5VJT6Q, STM32U5A5ZJT6, STM32U5A5ZJT6Q, STM32U5A5ZJY6QTR, STM32U5A9BJY6QTR, STM32U5A9J-DK, STM32U5A9NJH6Q, STM32U5A9VJT6Q, STM32U5A9ZJT6Q, STM32U5A9ZJY6QTR, STM32U5F7VIT6, STM32U5F7VIT6Q, STM32U5F7VJT6, STM32U5F7VJT6Q, STM32U5F9BJY6QTR, STM32U5F9NJH6Q, STM32U5F9VIT6Q, STM32U5F9VJT6Q, STM32U5F9ZIJ6QTR, STM32U5F9ZIT6Q, STM32U5F9ZJJ6QTR, STM32U5F9ZJT6Q, STM32U5G7VJT6, STM32U5G7VJT6Q, STM32U5G9BJY6QTR, STM32U5G9J-DK1, STM32U5G9J-DK2, STM32U5G9NJH6Q, STM32U5G9VJT6Q, STM32U5G9ZJJ6QTR, STM32U5G9ZJT6Q, STM32WB05KZV6TR, STM32WB05KZV7TR, STM32WB05TZF6TR, STM32WB05TZF7TR, STM32WB06CCF6TR, STM32WB06CCF7TR, STM32WB06CCV6TR, STM32WB06CCV7TR, STM32WB06KCV6TR, STM32WB06KCV7TR, STM32WB07CCF6TR, STM32WB07CCF7TR, STM32WB07CCV6TR, STM32WB07CCV7TR, STM32WB07KCV6TR, STM32WB07KCV7TR, STM32WB09KEV6TR, STM32WB09KEV7TR, STM32WB09TEF6TR, STM32WB09TEF7TR, STM32WB1MMCH6, STM32WBA50KGU6, STM32WBA50KGU6TR, STM32WBA52CEU6, STM32WBA52CEU6TR, STM32WBA52CEU7, STM32WBA52CEU7TR, STM32WBA52CGU6, STM32WBA52CGU6TR, STM32WBA52CGU6U, STM32WBA52CGU7, STM32WBA52CGU7TR, STM32WBA52KEU6, STM32WBA52KEU6TR, STM32WBA52KGU6, STM32WBA52KGU6TR, STM32WBA54CEU6, STM32WBA54CEU6TR, STM32WBA54CEU7, STM32WBA54CEU7TR, STM32WBA54CGU6, STM32WBA54CGU6TR, STM32WBA54CGU7, STM32WBA54CGU7TR, STM32WBA54KEU6, STM32WBA54KEU6TR, STM32WBA54KEU7, STM32WBA54KEU7TR, STM32WBA54KGU6, STM32WBA54KGU6TR, STM32WBA54KGU7, STM32WBA54KGU7TR, STM32WBA55CEU6, STM32WBA55CEU6TR, STM32WBA55CEU7, STM32WBA55CEU7TR, STM32WBA55CGU6, STM32WBA55CGU6TR, STM32WBA55CGU6U, STM32WBA55CGU7, STM32WBA55CGU7TR, STM32WBA55G-DK1, STM32WBA55HEF6, STM32WBA55HEF7, STM32WBA55HGF6, STM32WBA55HGF7, STM32WBA55UEI6, STM32WBA55UEI6TR, STM32WBA55UEI7, STM32WBA55UEI7TR, STM32WBA55UGI6, STM32WBA55UGI6TR, STM32WBA55UGI7, STM32WBA55UGI7TR, STM32WBA5MJGH6TR, STM32WBA62CGU6, STM32WBA62CIU6, STM32WBA62MGF6, STM32WBA62MIF6, STM32WBA62PGI6, STM32WBA62PII6, STM32WBA63CGU6, STM32WBA63CGU7, STM32WBA63CIU6, STM32WBA63CIU7, STM32WBA64CGU6, STM32WBA64CGU7, STM32WBA64CIU6, STM32WBA64CIU7, STM32WBA65CGU6, STM32WBA65CGU7, STM32WBA65CIU6, STM32WBA65CIU7, STM32WBA65I-DK1, STM32WBA65MGF6, STM32WBA65MGF7, STM32WBA65MIF6, STM32WBA65MIF7, STM32WBA65PGI6, STM32WBA65PGI7, STM32WBA65PII6, STM32WBA65PII7, STM32WBA65RGV6, STM32WBA65RGV7, STM32WBA65RIV6, STM32WBA65RIV7, STM32WL30K8V6, STM32WL30KBV6, STM32WL31C8V6, STM32WL31CBV6, STM32WL31K8V6, STM32WL31KBV6, STM32WL33C8V6, STM32WL33C8V6TR, STM32WL33C8V7, STM32WL33C8V7TR, STM32WL33CBV6, STM32WL33CBV6TR, STM32WL33CBV7, STM32WL33CBV7TR, STM32WL33CCV6, STM32WL33CCV6TR, STM32WL33CCV7, STM32WL33CCV7A, STM32WL33CCV7ATR, STM32WL33CCV7TR, STM32WL33K8V6, STM32WL33K8V6TR, STM32WL33K8V7, STM32WL33K8V7TR, STM32WL33KBV6, STM32WL33KBV6TR, STM32WL33KBV7, STM32WL33KBV7TR, STM32WL33KCV6, STM32WL33KCV6TR, STM32WL33KCV7, STM32WL33KCV7TR, STM32WL5MOCH6, STM32WL5MOCH6TR]
2026-04-12 16:34:29,278 [INFO] DbMcus:218 - Found 5051 MCUs, 4964 are supported
2026-04-12 16:34:29,278 [INFO] ApiDb:423 - Load user favorites file C:\Users\blew2/.stm32cubeide/favorites.mcus.txt: 0 item(s)
2026-04-12 16:34:29,278 [INFO] ApiDb:427 - User favorites MCUs=[]
2026-04-12 16:34:29,278 [INFO] DbMcus:224 - Set 0 / 0 favorites MCUs
2026-04-12 16:34:29,730 [INFO] ApiDb:668 - CubeFinder database Data Model version=2.1
2026-04-12 16:34:29,730 [INFO] ApiDb:669 - CubeFinder database Configuration version=3.0.42
2026-04-12 16:34:29,730 [INFO] ApiDb:670 - CubeFinder database generation date=2026-03-11 (1773229989)
2026-04-12 16:34:29,730 [INFO] ApiDb:671 - CubeFinder database FW Pack versions=[FP-ATR-ASTRA1_V2.0.0, FP-SNS-FLIGHT1_V5.1.0, FP-SNS-MOTENV1_V5.1.0, FP-SNS-MOTENVWB1_V1.5.0, FP-SNS-SMARTAG2_V1.2.0, FP-SNS-STBOX1_V2.1.0, STM32Cube_FW_C0_V1.4.0, STM32Cube_FW_F4_V1.28.3, STM32Cube_FW_F7_V1.17.4, STM32Cube_FW_G0_V1.6.3, STM32Cube_FW_G4_V1.6.2, STM32Cube_FW_H5_V1.6.0, STM32Cube_FW_H7RS_V1.3.0, STM32Cube_FW_H7_V1.13.0, STM32Cube_FW_L0_V1.12.2, STM32Cube_FW_L4_V1.18.2, STM32Cube_FW_L5_V1.6.0, STM32Cube_FW_N6_V1.3.0, STM32Cube_FW_U0_V1.3.0, STM32Cube_FW_U3_V1.3.0, STM32Cube_FW_U5_V1.8.0, STM32Cube_FW_WB0_V1.4.0, STM32Cube_FW_WBA_V1.9.0, STM32Cube_FW_WB_V1.24.0, STM32Cube_FW_WL3_V1.4.0, STM32Cube_FW_WL_V1.5.0, X-CUBE-ALGOBUILD_V1.4.0, X-CUBE-ALS_V1.0.2, X-CUBE-AZRTOS-F4_V1.1.0, X-CUBE-AZRTOS-F7_V1.1.0, X-CUBE-AZRTOS-G0_V1.1.0, X-CUBE-AZRTOS-G4_V2.0.0, X-CUBE-AZRTOS-H7RS_V1.1.0, X-CUBE-AZRTOS-H7_V3.4.0, X-CUBE-AZRTOS-L4_V2.0.0, X-CUBE-AZRTOS-L5_V2.0.0, X-CUBE-AZRTOS-WB_V2.0.0, X-CUBE-AZRTOS-WL_V2.0.0, X-CUBE-BLE1_V7.1.0, X-CUBE-BLE2_V3.3.0, X-CUBE-BLEMGR_V4.1.0, X-CUBE-EEPRMA1_V5.2.0, X-CUBE-FREERTOS_V1.5.0, X-CUBE-GNSS1_V6.0.0, X-CUBE-MEMS1_V12.0.0, X-CUBE-NFC4_V3.0.0, X-CUBE-NFC7_V2.0.0, X-CUBE-SFXS2LP1_V4.0.0, X-CUBE-ST67W61_V1.2.0, X-CUBE-SUBG2_V5.0.0, X-CUBE-TOF1_V3.4.3]
2026-04-12 16:34:29,785 [INFO] DbBoardsSqlite:226 - include board P-NUCLEO-WB55-NUCLEO as a kit item of type 'Nucleo-64'
2026-04-12 16:34:29,785 [INFO] DbBoardsSqlite:226 - include board P-NUCLEO-WB55-USBDONGLE as a kit item of type 'Nucleo USB Dongle'
2026-04-12 16:34:29,785 [INFO] DbBoardsSqlite:226 - include board STEVAL-IDP005V1 as a kit item of type 'Evaluation Board'
2026-04-12 16:34:29,785 [INFO] DbBoardsSqlite:226 - include board STEVAL-IDP005V2 as a kit item of type 'Evaluation Board'
2026-04-12 16:34:29,869 [INFO] ApiDb:240 - Found 895 in-development CPN: [B-G473E-ZEST1S, B-WB1M-WPAN1, B-WBA5M-WPAN, B-WL5M-SUBG1, NUCLEO-C031C6, NUCLEO-C051C8, NUCLEO-C071RB, NUCLEO-C092RC, NUCLEO-H503RB, NUCLEO-H533RE, NUCLEO-H563ZI, NUCLEO-H7S3L8, NUCLEO-N657X0-Q, NUCLEO-U031R8, NUCLEO-U083RC, NUCLEO-U385RG-Q, NUCLEO-U545RE-Q, NUCLEO-U5A5ZJ-Q, NUCLEO-WB05KZ, NUCLEO-WB07CC, NUCLEO-WB09KE, NUCLEO-WBA52CG, NUCLEO-WBA55CG, NUCLEO-WBA65RI, NUCLEO-WL33CC1, NUCLEO-WL33CC2, STEVAL-PROTEUS1, STEVAL-SMARTAG2, STEVAL-STWINBX1, STM320518-EVAL, STM32C0116-DK, STM32C011D6Y3TR, STM32C011D6Y6TR, STM32C011F4P3, STM32C011F4P6, STM32C011F4U3, STM32C011F4U6TR, STM32C011F6P3, STM32C011F6P6, STM32C011F6U3, STM32C011F6U6TR, STM32C011J4M3, STM32C011J4M6, STM32C011J6M3, STM32C011J6M6, STM32C0316-DK, STM32C031C4T3, STM32C031C4T6, STM32C031C4U3, STM32C031C4U6, STM32C031C6T3, STM32C031C6T6, STM32C031C6U3, STM32C031C6U6, STM32C031F4P3, STM32C031F4P6, STM32C031F6P3, STM32C031F6P6, STM32C031G4U3, STM32C031G4U6, STM32C031G6U3, STM32C031G6U6, STM32C031K4T3, STM32C031K4T6, STM32C031K4U3, STM32C031K4U6, STM32C031K6T3, STM32C031K6T6, STM32C031K6U3, STM32C031K6U6, STM32C051C6T6, STM32C051C6U6, STM32C051C8T6, STM32C051C8U6, STM32C051D8Y6TR, STM32C051F6P6, STM32C051F8P6, STM32C051G6U6, STM32C051G8U6, STM32C051K6T6, STM32C051K6U6, STM32C051K8T6, STM32C071C8T6, STM32C071C8T6N, STM32C071C8U6, STM32C071C8U6N, STM32C071CBT6, STM32C071CBT6N, STM32C071CBU6, STM32C071CBU6N, STM32C071F8P6, STM32C071F8P6N, STM32C071FBP6, STM32C071FBP6N, STM32C071FBY6TR, STM32C071G8U6, STM32C071G8U6N, STM32C071GBU6, STM32C071GBU6N, STM32C071K8T6, STM32C071K8T6N, STM32C071K8U6, STM32C071K8U6N, STM32C071KBT6, STM32C071KBT6N, STM32C071KBU6, STM32C071KBU6N, STM32C071R8T6, STM32C071R8T6N, STM32C071RBI6N, STM32C071RBT6, STM32C071RBT6N, STM32C091CBT6, STM32C091CBU6, STM32C091CCT6, STM32C091CCU6, STM32C091ECY6TR, STM32C091FBP6, STM32C091FCP6, STM32C091GBU6, STM32C091GCU6, STM32C091KBT6, STM32C091KBU6, STM32C091KCT6, STM32C091KCU6, STM32C091RBT6, STM32C091RCI6, STM32C091RCT6, STM32C092CBT6, STM32C092CBU6, STM32C092CCT6, STM32C092CCU6, STM32C092ECY6TR, STM32C092FBP6, STM32C092FCP6, STM32C092GBU6, STM32C092GCU6, STM32C092KBT6, STM32C092KBU6, STM32C092KCT6, STM32C092KCU6, STM32C092RBT6, STM32C092RCI6, STM32C092RCT6, STM32G071K8TXN, STM32G071K8UXN, STM32G081GBU6N, STM32G081KBT6N, STM32G081KBUXN, STM32G0B1CCT6N, STM32G0B1KCT6, STM32G0B1NEY6TR, STM32G0B1RCT6N, STM32G0C1CCT6, STM32G0C1CCT6N, STM32G0C1CCU6N, STM32G0C1CET6N, STM32G0C1CEU6N, STM32G0C1KCT6, STM32G0C1NEY6TR, STM32G0C1RCI6N, STM32G0C1RCT6N, STM32G0C1REI6N, STM32G0C1RET6N, STM32G0C1VCI6, STM32G0C1VEI6, STM32G411C6T3, STM32G411C6T6, STM32G411C6U3, STM32G411C6U6, STM32G411C8T3, STM32G411C8T6, STM32G411C8U3, STM32G411C8U6, STM32G411CBT3, STM32G411CBT6, STM32G411CBU3, STM32G411CBU6, STM32G411CCT3, STM32G411CCT6, STM32G411CCU3, STM32G411CCU6, STM32G411K6T3, STM32G411K6T6, STM32G411K6U3, STM32G411K6U6, STM32G411K8T3, STM32G411K8T6, STM32G411K8U3, STM32G411K8U6, STM32G411KBT3, STM32G411KBT6, STM32G411KBU3, STM32G411KBU6, STM32G411M6T3, STM32G411M6T6, STM32G411M8T3, STM32G411M8T6, STM32G411MBT3, STM32G411MBT6, STM32G411MCT3, STM32G411MCT6, STM32G411R6T3, STM32G411R6T6, STM32G411R8T3, STM32G411R8T6, STM32G411RBT3, STM32G411RBT6, STM32G411RCT3, STM32G411RCT6, STM32G414CBT3, STM32G414CBT6, STM32G414CBU3, STM32G414CBU6, STM32G414CCT3, STM32G414CCT6, STM32G414CCU3, STM32G414CCU6, STM32G414MBT3, STM32G414MBT6, STM32G414MCT3, STM32G414MCT6, STM32G414RBT3, STM32G414RBT6, STM32G414RCT3, STM32G414RCT6, STM32G414VBT3, STM32G414VBT6, STM32G414VCT3, STM32G414VCT6, STM32G431CBT3Z, STM32G431RBT3Z, STM32G471CCT6, STM32G471CCU6, STM32G471CET3, STM32G471CET6, STM32G471CEU3, STM32G471CEU6, STM32G471MCT6, STM32G471MET3, STM32G471MET6, STM32G471MEY6TR, STM32G471QCT6, STM32G471QET3, STM32G471RCT6, STM32G471RET3, STM32G471RET6, STM32G471VCH6, STM32G471VCI6, STM32G471VCT6, STM32G471VEH3, STM32G471VEH6, STM32G471VEI3, STM32G471VEI6, STM32G471VET3, STM32G471VET6, STM32G473QET3Z, STM32G473RET3Z, STM32G474CCT6, STM32G491RET3Z, STM32H503CBT6, STM32H503CBU6, STM32H503EBY6TR, STM32H503KBU6, STM32H503RBT6, STM32H523CCT6, STM32H523CCU6, STM32H523CET6, STM32H523CEU6, STM32H523HEY6TR, STM32H523RCT6, STM32H523RET6, STM32H523VCI6, STM32H523VCT6, STM32H523VEI6, STM32H523VET6, STM32H523ZCJ6, STM32H523ZCT6, STM32H523ZEJ6, STM32H523ZET6, STM32H533CET6, STM32H533CEU6, STM32H533HEY6TR, STM32H533RET6, STM32H533VEI6, STM32H533VET6, STM32H533ZEJ6, STM32H533ZET6, STM32H562AGI6, STM32H562AII6, STM32H562IGK6, STM32H562IGT6, STM32H562IIK6, STM32H562IIT6, STM32H562RGT6, STM32H562RGV6, STM32H562RIT6, STM32H562RIV6, STM32H562VGT6, STM32H562VIT6, STM32H562ZGT6, STM32H562ZIT6, STM32H563AGI6, STM32H563AII3Q, STM32H563AII6, STM32H563IGK6, STM32H563IGT6, STM32H563IIK3Q, STM32H563IIK6, STM32H563IIT3Q, STM32H563IIT6, STM32H563MIY3QTR, STM32H563RGT6, STM32H563RGV6, STM32H563RIT6, STM32H563RIV6, STM32H563VGT6, STM32H563VIT3Q, STM32H563VIT6, STM32H563ZGT6, STM32H563ZIT3Q, STM32H563ZIT6, STM32H573AII3Q, STM32H573AII6, STM32H573I-DK, STM32H573IIK3Q, STM32H573IIK6, STM32H573IIT3Q, STM32H573IIT6, STM32H573MIY3QTR, STM32H573RIT6, STM32H573RIV6, STM32H573VIT3Q, STM32H573VIT6, STM32H573ZIT3Q, STM32H573ZIT6, STM32H7R3A8I6, STM32H7R3I8K6, STM32H7R3I8T6, STM32H7R3L8H6, STM32H7R3L8H6H, STM32H7R3R8V6, STM32H7R3V8H6, STM32H7R3V8T6, STM32H7R3V8Y6TR, STM32H7R3Z8J6, STM32H7R3Z8T6, STM32H7R7A8I6, STM32H7R7I8K6, STM32H7R7I8T6, STM32H7R7L8H6, STM32H7R7L8H6H, STM32H7R7Z8J6, STM32H7S3A8I6, STM32H7S3I8K6, STM32H7S3I8T6, STM32H7S3L8H6, STM32H7S3L8H6H, STM32H7S3R8V6, STM32H7S3V8H6, STM32H7S3V8T6, STM32H7S3V8Y6TR, STM32H7S3Z8J6, STM32H7S3Z8T6, STM32H7S78-DK, STM32H7S7A8I6, STM32H7S7I8K6, STM32H7S7I8T6, STM32H7S7L8H6, STM32H7S7L8H6H, STM32H7S7Z8J6, STM32L4R5QGI6STR, STM32MP131AAE3, STM32MP131AAF3, STM32MP131AAG3, STM32MP131CAE3, STM32MP131CAF3, STM32MP131CAG3, STM32MP131DAE7, STM32MP131DAF7, STM32MP131DAG7, STM32MP131FAE7, STM32MP131FAF7, STM32MP131FAG7, STM32MP133AAE3, STM32MP133AAF3, STM32MP133AAG3, STM32MP133CAE3, STM32MP133CAF3, STM32MP133CAG3, STM32MP133DAE7, STM32MP133DAF7, STM32MP133DAG7, STM32MP133FAE7, STM32MP133FAF7, STM32MP133FAG7, STM32MP135AAE3, STM32MP135AAF3, STM32MP135AAG3, STM32MP135CAE3, STM32MP135CAF3, STM32MP135CAG3, STM32MP135DAE7, STM32MP135DAF7, STM32MP135DAG7, STM32MP135F-DK, STM32MP135FAE7, STM32MP135FAF7, STM32MP135FAF7T, STM32MP135FAF7U, STM32MP135FAG7, STM32MP231AAJ3, STM32MP231AAK3, STM32MP231AAL3, STM32MP231CAJ3, STM32MP231CAK3, STM32MP231CAL3, STM32MP231DAJ3, STM32MP231DAK3, STM32MP231DAL3, STM32MP231FAJ3, STM32MP231FAK3, STM32MP231FAL3, STM32MP233AAJ3, STM32MP233AAK3, STM32MP233AAL3, STM32MP233CAJ3, STM32MP233CAK3, STM32MP233CAL3, STM32MP233DAJ3, STM32MP233DAK3, STM32MP233DAL3, STM32MP233FAJ3, STM32MP233FAK3, STM32MP233FAL3, STM32MP235AAJ3, STM32MP235AAK3, STM32MP235AAL3, STM32MP235CAJ3, STM32MP235CAK3, STM32MP235CAL3, STM32MP235DAJ3, STM32MP235DAK3, STM32MP235DAL3, STM32MP235FAJ3, STM32MP235FAK3, STM32MP235FAL3, STM32MP251AAI3, STM32MP251AAJ3, STM32MP251AAK3, STM32MP251AAL3, STM32MP251CAI3, STM32MP251CAJ3, STM32MP251CAK3, STM32MP251CAL3, STM32MP251DAI3, STM32MP251DAJ3, STM32MP251DAK3, STM32MP251DAL3, STM32MP251FAI3, STM32MP251FAJ3, STM32MP251FAK3, STM32MP251FAL3, STM32MP253AAI3, STM32MP253AAJ3, STM32MP253AAK3, STM32MP253AAL3, STM32MP253CAI3, STM32MP253CAJ3, STM32MP253CAK3, STM32MP253CAL3, STM32MP253DAI3, STM32MP253DAJ3, STM32MP253DAK3, STM32MP253DAL3, STM32MP253FAI3, STM32MP253FAJ3, STM32MP253FAK3, STM32MP253FAL3, STM32MP255AAI3, STM32MP255AAJ3, STM32MP255AAK3, STM32MP255AAL3, STM32MP255CAI3, STM32MP255CAJ3, STM32MP255CAK3, STM32MP255CAL3, STM32MP255DAI3, STM32MP255DAJ3, STM32MP255DAK3, STM32MP255DAL3, STM32MP255FAI3, STM32MP255FAJ3, STM32MP255FAK3, STM32MP255FAL3, STM32MP257AAI3, STM32MP257AAJ3, STM32MP257AAK3, STM32MP257AAL3, STM32MP257CAI3, STM32MP257CAJ3, STM32MP257CAK3, STM32MP257CAL3, STM32MP257DAI3, STM32MP257DAJ3, STM32MP257DAK3, STM32MP257DAL3, STM32MP257F-DK, STM32MP257F-EV1, STM32MP257FAI3, STM32MP257FAJ3, STM32MP257FAK3, STM32MP257FAL3, STM32N645A0H3Q, STM32N645B0H3Q, STM32N645I0H3Q, STM32N645L0H3Q, STM32N645X0H3Q, STM32N645Z0H3Q, STM32N647A0H3Q, STM32N647B0H3Q, STM32N647I0H3Q, STM32N647L0H3Q, STM32N647X0H3Q, STM32N647Z0H3Q, STM32N655A0H3Q, STM32N655B0H3Q, STM32N655I0H3Q, STM32N655L0H3Q, STM32N655X0H3Q, STM32N655Z0H3Q, STM32N6570-DK, STM32N657A0H3Q, STM32N657B0H3Q, STM32N657I0H3Q, STM32N657L0H3Q, STM32N657X0H3Q, STM32N657Z0H3Q, STM32U031C6T6, STM32U031C6U6, STM32U031C8T6, STM32U031C8U6, STM32U031F4P6, STM32U031F6P6, STM32U031F8P6, STM32U031G6Y6TR, STM32U031G8Y6TR, STM32U031K4U6, STM32U031K6U6, STM32U031K8U6, STM32U031R6I6, STM32U031R6T6, STM32U031R8I6, STM32U031R8T6, STM32U073C8T6, STM32U073C8U6, STM32U073CBT6, STM32U073CBU6, STM32U073CCT6, STM32U073CCU6, STM32U073H8Y6TR, STM32U073HBY6TR, STM32U073HCY6TR, STM32U073K8U6, STM32U073KBU6, STM32U073KCU6, STM32U073M8I6, STM32U073M8T6, STM32U073MBI6, STM32U073MBT6, STM32U073MCI6, STM32U073MCT6, STM32U073R8I6, STM32U073R8T6, STM32U073RBI6, STM32U073RBT6, STM32U073RCI6, STM32U073RCT6, STM32U083C-DK, STM32U083CCT6, STM32U083CCU6, STM32U083HCY6TR, STM32U083KCU6, STM32U083MCI6, STM32U083MCT6, STM32U083RCI6, STM32U083RCT6, STM32U375CET6, STM32U375CET6Q, STM32U375CEU6, STM32U375CEU6Q, STM32U375CEY6QTR, STM32U375CGT6, STM32U375CGT6Q, STM32U375CGU6, STM32U375CGU6Q, STM32U375CGY6QTR, STM32U375KEU6, STM32U375KGU6, STM32U375REI6, STM32U375REI6Q, STM32U375RET6, STM32U375RET6Q, STM32U375REY6GTR, STM32U375REY6QTR, STM32U375RGI6, STM32U375RGI6Q, STM32U375RGT6, STM32U375RGT6Q, STM32U375RGY6GTR, STM32U375RGY6QTR, STM32U375VEI6, STM32U375VEI6Q, STM32U375VET6, STM32U375VET6Q, STM32U375VGI6, STM32U375VGI6Q, STM32U375VGT6, STM32U375VGT6Q, STM32U385CGT6, STM32U385CGT6Q, STM32U385CGU6, STM32U385CGU6Q, STM32U385CGY6QTR, STM32U385KGU6, STM32U385RGI6, STM32U385RGI6Q, STM32U385RGT6, STM32U385RGT6Q, STM32U385RGY6GTR, STM32U385RGY6QTR, STM32U385VGI6, STM32U385VGI6Q, STM32U385VGT6, STM32U385VGT6Q, STM32U535CBT6, STM32U535CBT6Q, STM32U535CBU6, STM32U535CBU6Q, STM32U535CCT6, STM32U535CCT6Q, STM32U535CCU6, STM32U535CCU6Q, STM32U535CET6, STM32U535CET6Q, STM32U535CEU6, STM32U535CEU6Q, STM32U535JEY6QTR, STM32U535NCY6QTR, STM32U535NEY6QTR, STM32U535RBI6, STM32U535RBI6Q, STM32U535RBT6, STM32U535RBT6Q, STM32U535RCI6, STM32U535RCI6Q, STM32U535RCT6, STM32U535RCT6Q, STM32U535REI6, STM32U535REI6Q, STM32U535RET6, STM32U535RET6Q, STM32U535VCI6, STM32U535VCI6Q, STM32U535VCT6, STM32U535VCT6Q, STM32U535VEI6, STM32U535VEI6Q, STM32U535VET6, STM32U535VET6Q, STM32U545CET6, STM32U545CET6Q, STM32U545CEU6, STM32U545CEU6Q, STM32U545JEY6QTR, STM32U545NEY6QTR, STM32U545REI6, STM32U545REI6Q, STM32U545RET6, STM32U545RET6Q, STM32U545VEI6, STM32U545VEI6Q, STM32U545VET6, STM32U545VET6Q, STM32U595AIH6, STM32U595AIH6Q, STM32U595AJH6, STM32U595AJH6Q, STM32U595QII6, STM32U595QII6Q, STM32U595QJI6, STM32U595QJI6Q, STM32U595RIT6, STM32U595RIT6Q, STM32U595RJT6, STM32U595RJT6Q, STM32U595VIT6, STM32U595VIT6Q, STM32U595VJT6, STM32U595VJT6Q, STM32U595ZIT6, STM32U595ZIT6Q, STM32U595ZIY6QTR, STM32U595ZJT6, STM32U595ZJT6Q, STM32U595ZJY6QTR, STM32U599BJY6QTR, STM32U599NIH6Q, STM32U599NJH6Q, STM32U599VIT6Q, STM32U599VJT6, STM32U599VJT6Q, STM32U599ZIT6Q, STM32U599ZIY6QTR, STM32U599ZJT6Q, STM32U599ZJY6QTR, STM32U5A5AJH6, STM32U5A5AJH6Q, STM32U5A5QII3Q , STM32U5A5QJI6, STM32U5A5QJI6Q, STM32U5A5RJT6, STM32U5A5RJT6Q, STM32U5A5VJT6, STM32U5A5VJT6Q, STM32U5A5ZJT6, STM32U5A5ZJT6Q, STM32U5A5ZJY6QTR, STM32U5A9BJY6QTR, STM32U5A9J-DK, STM32U5A9NJH6Q, STM32U5A9VJT6Q, STM32U5A9ZJT6Q, STM32U5A9ZJY6QTR, STM32U5F7VIT6, STM32U5F7VIT6Q, STM32U5F7VJT6, STM32U5F7VJT6Q, STM32U5F9BJY6QTR, STM32U5F9NJH6Q, STM32U5F9VIT6Q, STM32U5F9VJT6Q, STM32U5F9ZIJ6QTR, STM32U5F9ZIT6Q, STM32U5F9ZJJ6QTR, STM32U5F9ZJT6Q, STM32U5G7VJT6, STM32U5G7VJT6Q, STM32U5G9BJY6QTR, STM32U5G9J-DK1, STM32U5G9J-DK2, STM32U5G9NJH6Q, STM32U5G9VJT6Q, STM32U5G9ZJJ6QTR, STM32U5G9ZJT6Q, STM32WB05KZV6TR, STM32WB05KZV7TR, STM32WB05TZF6TR, STM32WB05TZF7TR, STM32WB06CCF6TR, STM32WB06CCF7TR, STM32WB06CCV6TR, STM32WB06CCV7TR, STM32WB06KCV6TR, STM32WB06KCV7TR, STM32WB07CCF6TR, STM32WB07CCF7TR, STM32WB07CCV6TR, STM32WB07CCV7TR, STM32WB07KCV6TR, STM32WB07KCV7TR, STM32WB09KEV6TR, STM32WB09KEV7TR, STM32WB09TEF6TR, STM32WB09TEF7TR, STM32WB1MMCH6, STM32WBA50KGU6, STM32WBA50KGU6TR, STM32WBA52CEU6, STM32WBA52CEU6TR, STM32WBA52CEU7, STM32WBA52CEU7TR, STM32WBA52CGU6, STM32WBA52CGU6TR, STM32WBA52CGU6U, STM32WBA52CGU7, STM32WBA52CGU7TR, STM32WBA52KEU6, STM32WBA52KEU6TR, STM32WBA52KGU6, STM32WBA52KGU6TR, STM32WBA54CEU6, STM32WBA54CEU6TR, STM32WBA54CEU7, STM32WBA54CEU7TR, STM32WBA54CGU6, STM32WBA54CGU6TR, STM32WBA54CGU7, STM32WBA54CGU7TR, STM32WBA54KEU6, STM32WBA54KEU6TR, STM32WBA54KEU7, STM32WBA54KEU7TR, STM32WBA54KGU6, STM32WBA54KGU6TR, STM32WBA54KGU7, STM32WBA54KGU7TR, STM32WBA55CEU6, STM32WBA55CEU6TR, STM32WBA55CEU7, STM32WBA55CEU7TR, STM32WBA55CGU6, STM32WBA55CGU6TR, STM32WBA55CGU6U, STM32WBA55CGU7, STM32WBA55CGU7TR, STM32WBA55G-DK1, STM32WBA55HEF6, STM32WBA55HEF7, STM32WBA55HGF6, STM32WBA55HGF7, STM32WBA55UEI6, STM32WBA55UEI6TR, STM32WBA55UEI7, STM32WBA55UEI7TR, STM32WBA55UGI6, STM32WBA55UGI6TR, STM32WBA55UGI7, STM32WBA55UGI7TR, STM32WBA5MJGH6TR, STM32WBA62CGU6, STM32WBA62CIU6, STM32WBA62MGF6, STM32WBA62MIF6, STM32WBA62PGI6, STM32WBA62PII6, STM32WBA63CGU6, STM32WBA63CGU7, STM32WBA63CIU6, STM32WBA63CIU7, STM32WBA64CGU6, STM32WBA64CGU7, STM32WBA64CIU6, STM32WBA64CIU7, STM32WBA65CGU6, STM32WBA65CGU7, STM32WBA65CIU6, STM32WBA65CIU7, STM32WBA65I-DK1, STM32WBA65MGF6, STM32WBA65MGF7, STM32WBA65MIF6, STM32WBA65MIF7, STM32WBA65PGI6, STM32WBA65PGI7, STM32WBA65PII6, STM32WBA65PII7, STM32WBA65RGV6, STM32WBA65RGV7, STM32WBA65RIV6, STM32WBA65RIV7, STM32WL30K8V6, STM32WL30KBV6, STM32WL31C8V6, STM32WL31CBV6, STM32WL31K8V6, STM32WL31KBV6, STM32WL33C8V6, STM32WL33C8V6TR, STM32WL33C8V7, STM32WL33C8V7TR, STM32WL33CBV6, STM32WL33CBV6TR, STM32WL33CBV7, STM32WL33CBV7TR, STM32WL33CCV6, STM32WL33CCV6TR, STM32WL33CCV7, STM32WL33CCV7A, STM32WL33CCV7ATR, STM32WL33CCV7TR, STM32WL33K8V6, STM32WL33K8V6TR, STM32WL33K8V7, STM32WL33K8V7TR, STM32WL33KBV6, STM32WL33KBV6TR, STM32WL33KBV7, STM32WL33KBV7TR, STM32WL33KCV6, STM32WL33KCV6TR, STM32WL33KCV7, STM32WL33KCV7TR, STM32WL5MOCH6, STM32WL5MOCH6TR]
2026-04-12 16:34:30,059 [INFO] BoardInfo:889 - No configuration file found for board NUCLEO-H5E5ZJ
2026-04-12 16:34:30,060 [INFO] DbBoards:161 - Board is not supported: NUCLEO-H5E5ZJ
2026-04-12 16:34:30,168 [INFO] BoardInfo:889 - No configuration file found for board NUCLEO-U3C5ZI-Q
2026-04-12 16:34:30,169 [INFO] DbBoards:161 - Board is not supported: NUCLEO-U3C5ZI-Q
2026-04-12 16:34:30,192 [INFO] BoardInfo:889 - No configuration file found for board NUCLEO-WBA25CE1
2026-04-12 16:34:30,194 [INFO] DbBoards:161 - Board is not supported: NUCLEO-WBA25CE1
2026-04-12 16:34:30,209 [INFO] BoardInfo:889 - No configuration file found for board NUCLEO-WL3RKB1
2026-04-12 16:34:30,211 [INFO] DbBoards:161 - Board is not supported: NUCLEO-WL3RKB1
2026-04-12 16:34:30,213 [INFO] BoardInfo:889 - No configuration file found for board NUCLEO-WL3RKB2
2026-04-12 16:34:30,215 [INFO] DbBoards:161 - Board is not supported: NUCLEO-WL3RKB2
2026-04-12 16:34:30,227 [INFO] BoardInfo:889 - No configuration file found for board P-NUCLEO-WB55
2026-04-12 16:34:30,228 [INFO] DbBoards:161 - Kit is not supported: P-NUCLEO-WB55
2026-04-12 16:34:30,238 [INFO] BoardInfo:889 - No configuration file found for board STEVAL-BFA001V1B
2026-04-12 16:34:30,239 [INFO] DbBoards:161 - Kit is not supported: STEVAL-BFA001V1B
2026-04-12 16:34:30,241 [INFO] BoardInfo:889 - No configuration file found for board STEVAL-BFA001V2B
2026-04-12 16:34:30,243 [INFO] DbBoards:161 - Kit is not supported: STEVAL-BFA001V2B
2026-04-12 16:34:30,428 [INFO] BoardInfo:889 - No configuration file found for board STM32H5F5J-DK
2026-04-12 16:34:30,430 [INFO] DbBoards:161 - Board is not supported: STM32H5F5J-DK
2026-04-12 16:34:30,525 [INFO] BoardInfo:889 - No configuration file found for board STM32MP215F-DK
2026-04-12 16:34:30,527 [INFO] DbBoards:161 - Board is not supported: STM32MP215F-DK
2026-04-12 16:34:30,560 [INFO] DbBoards:168 - Found 218 boards, 208 are supported
2026-04-12 16:34:30,560 [INFO] DbBoards:169 - Found 218 boards, 43 of them is supported for  Bsp
2026-04-12 16:34:30,563 [INFO] ApiDb:423 - Load user favorites file C:\Users\blew2/.stm32cubeide/favorites.boards.txt: 1 item(s)
2026-04-12 16:34:30,563 [INFO] ApiDb:427 - User favorites Boards=[NUCLEO-F401RE]
2026-04-12 16:34:30,563 [INFO] DbBoards:198 - Set 1 / 1 favorites Boards
2026-04-12 16:34:30,566 [INFO] ApiDb:668 - CubeFinder database Data Model version=2.1
2026-04-12 16:34:30,566 [INFO] ApiDb:669 - CubeFinder database Configuration version=3.0.42
2026-04-12 16:34:30,566 [INFO] ApiDb:670 - CubeFinder database generation date=2026-03-11 (1773229989)
2026-04-12 16:34:30,566 [INFO] ApiDb:671 - CubeFinder database FW Pack versions=[FP-ATR-ASTRA1_V2.0.0, FP-SNS-FLIGHT1_V5.1.0, FP-SNS-MOTENV1_V5.1.0, FP-SNS-MOTENVWB1_V1.5.0, FP-SNS-SMARTAG2_V1.2.0, FP-SNS-STBOX1_V2.1.0, STM32Cube_FW_C0_V1.4.0, STM32Cube_FW_F4_V1.28.3, STM32Cube_FW_F7_V1.17.4, STM32Cube_FW_G0_V1.6.3, STM32Cube_FW_G4_V1.6.2, STM32Cube_FW_H5_V1.6.0, STM32Cube_FW_H7RS_V1.3.0, STM32Cube_FW_H7_V1.13.0, STM32Cube_FW_L0_V1.12.2, STM32Cube_FW_L4_V1.18.2, STM32Cube_FW_L5_V1.6.0, STM32Cube_FW_N6_V1.3.0, STM32Cube_FW_U0_V1.3.0, STM32Cube_FW_U3_V1.3.0, STM32Cube_FW_U5_V1.8.0, STM32Cube_FW_WB0_V1.4.0, STM32Cube_FW_WBA_V1.9.0, STM32Cube_FW_WB_V1.24.0, STM32Cube_FW_WL3_V1.4.0, STM32Cube_FW_WL_V1.5.0, X-CUBE-ALGOBUILD_V1.4.0, X-CUBE-ALS_V1.0.2, X-CUBE-AZRTOS-F4_V1.1.0, X-CUBE-AZRTOS-F7_V1.1.0, X-CUBE-AZRTOS-G0_V1.1.0, X-CUBE-AZRTOS-G4_V2.0.0, X-CUBE-AZRTOS-H7RS_V1.1.0, X-CUBE-AZRTOS-H7_V3.4.0, X-CUBE-AZRTOS-L4_V2.0.0, X-CUBE-AZRTOS-L5_V2.0.0, X-CUBE-AZRTOS-WB_V2.0.0, X-CUBE-AZRTOS-WL_V2.0.0, X-CUBE-BLE1_V7.1.0, X-CUBE-BLE2_V3.3.0, X-CUBE-BLEMGR_V4.1.0, X-CUBE-EEPRMA1_V5.2.0, X-CUBE-FREERTOS_V1.5.0, X-CUBE-GNSS1_V6.0.0, X-CUBE-MEMS1_V12.0.0, X-CUBE-NFC4_V3.0.0, X-CUBE-NFC7_V2.0.0, X-CUBE-SFXS2LP1_V4.0.0, X-CUBE-ST67W61_V1.2.0, X-CUBE-SUBG2_V5.0.0, X-CUBE-TOF1_V3.4.3]
2026-04-12 16:34:31,256 [ERROR] DbExamplesSqlite:437 - Missing JSON key: board_cpn
2026-04-12 16:34:31,257 [ERROR] DbExamplesSqlite:437 - Missing JSON key: board_cpn
2026-04-12 16:34:31,257 [ERROR] DbExamplesSqlite:437 - Missing JSON key: board_cpn
2026-04-12 16:34:31,257 [ERROR] DbExamplesSqlite:437 - Missing JSON key: board_cpn
2026-04-12 16:34:31,568 [ERROR] DbExamplesSqlite:437 - Missing JSON key: board_cpn
2026-04-12 16:34:31,568 [ERROR] DbExamplesSqlite:437 - Missing JSON key: board_cpn
2026-04-12 16:34:31,615 [INFO] DbExamplesSqlite:395 - Ignored 39 examples not supported by CubeIDE
2026-04-12 16:34:31,615 [INFO] DbExamplesSqlite:396 - Found 11210 examples active
2026-04-12 16:34:31,616 [INFO] DbExamplesSqlite:397 - Found 0 examples obsolete
2026-04-12 16:34:31,616 [INFO] DbExamplesSqlite:398 - Found 0 examples under development
2026-04-12 16:34:31,616 [INFO] DbExamplesSqlite:399 - Found 76 examples not building
2026-04-12 16:34:31,618 [INFO] DbExamples:125 - Found 11247 examples
2026-04-12 16:34:31,671 [ERROR] DbExamples:208 - Found 377 examples with invalid data (board or MCU)
2026-04-12 16:34:31,671 [INFO] DbExamples:222 - Found 140 boards with related examples
2026-04-12 16:34:31,672 [INFO] DbExamples:235 - Found 114 MCUs with related examples
2026-04-12 16:34:31,690 [INFO] ApiDb:423 - Load user favorites file C:\Users\blew2/.stm32cubeide/favorites.examples.txt: 0 item(s)
2026-04-12 16:34:31,690 [INFO] ApiDb:427 - User favorites Examples=[]
2026-04-12 16:34:31,690 [INFO] DbExamples:250 - Set 0 / 0 favorites Examples
2026-04-12 16:34:32,016 [INFO] McuFinderGlobals:76 - Set McuFinderConnectedMode to true
2026-04-12 16:34:32,024 [INFO] MultiScanPanel:200 - Auto-refresh data requested => check proxy status ongoing
2026-04-12 16:34:32,028 [INFO] FinderPluginLoader:95 - Searching for filters in installed packs
2026-04-12 16:34:33,291 [INFO] LoadUrlFilesThread:185 - End of LoadServerUrlFiles without Thread
2026-04-12 16:34:33,302 [INFO] DetailPanel:341 - Set advertising image to C:/Users/blew2/STM32Cube/Repository/\en.prom-stm32u3b5-u3c5-0426.jpg
2026-04-12 16:35:01,261 [INFO] MultiScanPanel:200 - Auto-refresh data requested => check proxy status ongoing
2026-04-12 16:35:01,374 [INFO] LoadUrlFilesThread:185 - End of LoadServerUrlFiles without Thread
2026-04-12 16:35:01,376 [INFO] DetailPanel:341 - Set advertising image to C:/Users/blew2/STM32Cube/Repository/\en.prom-stm32u3b5-u3c5-0426.jpg
2026-04-12 16:35:01,385 [INFO] DbBoards:642 - Loading board mini-images...
2026-04-12 16:35:03,589 [INFO] DbBoards:665 - Loaded 218 board mini-images
2026-04-12 16:36:58,701 [INFO] MainUpdater:2872 - connection check result : 10
2026-04-12 16:36:58,701 [INFO] MainUpdater:2872 - connection check result : 10
2026-04-12 16:36:58,738 [INFO] MicroXplorer:468 - Change Database Path : 
2026-04-12 16:36:58,740 [INFO] MicroXplorer:498 - Change Database Version : DB.6.0.140
2026-04-12 16:36:58,746 [WARN] ThirdParty:871 - waiting for thirdparty lock release [close project]
2026-04-12 16:36:58,746 [INFO] ThirdParty:873 - entering critical section [close project]
2026-04-12 16:36:58,746 [INFO] ThirdParty:883 - exiting critical section [close project]
2026-04-12 16:36:58,747 [INFO] PinOutPanel:1589 - setPackage(No Configuration,No Configuration)
2026-04-12 16:36:58,750 [INFO] UtilMem:75 - Begin LoadConfig() Used Memory: 1031257000 Bytes (1073741824)
2026-04-12 16:36:58,755 [INFO] OpenFileManager:354 - Change cursor
2026-04-12 16:36:58,816 [INFO] ProjectFactory:442 - No CPN specified for board NUCLEO-L4A6ZG => set CPN to STM32L4A6ZGT6
2026-04-12 16:36:58,816 [INFO] Mcu:2011 - Initializing MCU STM32L4A6ZGTx STM32L4A6ZGTx STM32L4A6ZGT6
2026-04-12 16:37:01,430 [INFO] Context:756 - Trying to add GPIOservice into a context  which must be forbidden
2026-04-12 16:37:01,956 [INFO] Rule:224 - rule 117617 - U5Cobra4M][GTZC] default value MPCBB3 and MPCBB5 - Not Secured memory - MPCBB1 is applicable
2026-04-12 16:37:01,956 [INFO] Rule:224 - rule 117617 - U5Cobra4M][GTZC] default value MPCBB3 and MPCBB5 - Not Secured memory - MPCBB1 is applicable
2026-04-12 16:37:01,956 [INFO] Rule:224 - rule 117617 - U5Cobra4M][GTZC] default value MPCBB3 and MPCBB5 - Not Secured memory - MPCBB2 is applicable
2026-04-12 16:37:01,957 [INFO] Rule:224 - rule 117617 - U5Cobra4M][GTZC] default value MPCBB3 and MPCBB5 - Not Secured memory - MPCBB2 is applicable
2026-04-12 16:37:01,957 [INFO] Rule:224 - rule 117617 - U5Cobra4M][GTZC] default value MPCBB3 and MPCBB5 - Not Secured memory - MPCBB3 is applicable
2026-04-12 16:37:01,957 [INFO] Rule:224 - rule 117617 - U5Cobra4M][GTZC] default value MPCBB3 and MPCBB5 - Not Secured memory - MPCBB3 is applicable
2026-04-12 16:37:01,957 [INFO] Rule:224 - rule 117617 - U5Cobra4M][GTZC] default value MPCBB3 and MPCBB5 - Not Secured memory - MPCBB4 is applicable
2026-04-12 16:37:01,957 [INFO] Rule:224 - rule 117617 - U5Cobra4M][GTZC] default value MPCBB3 and MPCBB5 - Not Secured memory - MPCBB4 is applicable
2026-04-12 16:37:01,957 [INFO] Rule:224 - rule 117617 - U5Cobra4M][GTZC] default value MPCBB3 and MPCBB5 - Secured memory - MPCBB1 is applicable
2026-04-12 16:37:01,957 [INFO] Rule:224 - rule 117617 - U5Cobra4M][GTZC] default value MPCBB3 and MPCBB5 - Secured memory - MPCBB2 is applicable
2026-04-12 16:37:01,957 [INFO] Rule:224 - rule 117617 - U5Cobra4M][GTZC] default value MPCBB3 and MPCBB5 - Secured memory - MPCBB3 is applicable
2026-04-12 16:37:01,957 [INFO] Rule:224 - rule 117617 - U5Cobra4M][GTZC] default value MPCBB3 and MPCBB5 - Secured memory - MPCBB4 is applicable
2026-04-12 16:37:01,958 [INFO] Rule:224 - rule 117617 - U5Cobra4M][GTZC] default value MPCBB3 and MPCBB5 - Privileged memory - MPCBB1 is applicable
2026-04-12 16:37:01,958 [INFO] Rule:224 - rule 117617 - U5Cobra4M][GTZC] default value MPCBB3 and MPCBB5 - Privileged memory - MPCBB2 is applicable
2026-04-12 16:37:01,958 [INFO] Rule:224 - rule 117617 - U5Cobra4M][GTZC] default value MPCBB3 and MPCBB5 - Privileged memory - MPCBB3 is applicable
2026-04-12 16:37:01,958 [INFO] Rule:224 - rule 117617 - U5Cobra4M][GTZC] default value MPCBB3 and MPCBB5 - Privileged memory - MPCBB4 is applicable
2026-04-12 16:37:01,958 [INFO] Rule:224 - rule 117617 - U5Cobra4M][GTZC] default value MPCBB3 and MPCBB5 - Not Privileged memory - MPCBB1 is applicable
2026-04-12 16:37:01,958 [INFO] Rule:224 - rule 117617 - U5Cobra4M][GTZC] default value MPCBB3 and MPCBB5 - Not Privileged memory - MPCBB2 is applicable
2026-04-12 16:37:01,958 [INFO] Rule:224 - rule 117617 - U5Cobra4M][GTZC] default value MPCBB3 and MPCBB5 - Not Privileged memory - MPCBB3 is applicable
2026-04-12 16:37:01,958 [INFO] Rule:224 - rule 117617 - U5Cobra4M][GTZC] default value MPCBB3 and MPCBB5 - Not Privileged memory - MPCBB4 is applicable
2026-04-12 16:37:01,958 [INFO] Rule:224 - rule 117617 - U5Cobra4M][GTZC] default value MPCBB3 and MPCBB5 - Privileged memory - MPCBB1 is applicable
2026-04-12 16:37:01,958 [INFO] Rule:224 - rule 117617 - U5Cobra4M][GTZC] default value MPCBB3 and MPCBB5 - Privileged memory - MPCBB2 is applicable
2026-04-12 16:37:01,958 [INFO] Rule:224 - rule 117617 - U5Cobra4M][GTZC] default value MPCBB3 and MPCBB5 - Privileged memory - MPCBB3 is applicable
2026-04-12 16:37:01,958 [INFO] Rule:224 - rule 117617 - U5Cobra4M][GTZC] default value MPCBB3 and MPCBB5 - Privileged memory - MPCBB4 is applicable
2026-04-12 16:37:01,959 [INFO] Rule:224 - rule 117617 - U5Cobra4M][GTZC] default value MPCBB3 and MPCBB5 - Privileged memory - MPCBB1 is applicable
2026-04-12 16:37:01,959 [INFO] Rule:224 - rule 117617 - U5Cobra4M][GTZC] default value MPCBB3 and MPCBB5 - Privileged memory - MPCBB2 is applicable
2026-04-12 16:37:01,959 [INFO] Rule:224 - rule 117617 - U5Cobra4M][GTZC] default value MPCBB3 and MPCBB5 - Privileged memory - MPCBB3 is applicable
2026-04-12 16:37:01,959 [INFO] Rule:224 - rule 117617 - U5Cobra4M][GTZC] default value MPCBB3 and MPCBB5 - Privileged memory - MPCBB4 is applicable
2026-04-12 16:37:01,959 [INFO] Rule:224 - rule 117617 - U5Cobra4M][GTZC] default value MPCBB3 and MPCBB5 - Not Privileged memory - MPCBB1 is applicable
2026-04-12 16:37:01,959 [INFO] Rule:224 - rule 117617 - U5Cobra4M][GTZC] default value MPCBB3 and MPCBB5 - Not Privileged memory - MPCBB2 is applicable
2026-04-12 16:37:01,959 [INFO] Rule:224 - rule 117617 - U5Cobra4M][GTZC] default value MPCBB3 and MPCBB5 - Not Privileged memory - MPCBB3 is applicable
2026-04-12 16:37:01,959 [INFO] Rule:224 - rule 117617 - U5Cobra4M][GTZC] default value MPCBB3 and MPCBB5 - Not Privileged memory - MPCBB4 is applicable
2026-04-12 16:37:01,959 [INFO] Rule:224 - rule 117617 - U5Cobra4M][GTZC] default value MPCBB3 and MPCBB5 - Privileged memory - MPCBB1 is applicable
2026-04-12 16:37:01,959 [INFO] Rule:224 - rule 117617 - U5Cobra4M][GTZC] default value MPCBB3 and MPCBB5 - Privileged memory - MPCBB2 is applicable
2026-04-12 16:37:01,959 [INFO] Rule:224 - rule 117617 - U5Cobra4M][GTZC] default value MPCBB3 and MPCBB5 - Privileged memory - MPCBB3 is applicable
2026-04-12 16:37:01,959 [INFO] Rule:224 - rule 117617 - U5Cobra4M][GTZC] default value MPCBB3 and MPCBB5 - Privileged memory - MPCBB4 is applicable
2026-04-12 16:37:01,960 [INFO] Rule:224 - rule Rename SubGHz_Phy SUBGHZ_APPLICATION SUBGHZ_PINGPONG to SUBGHZ_ADV_APPLICATION is applicable
2026-04-12 16:37:01,960 [INFO] Rule:224 - rule GTZC_S instance for project manager is applicable
2026-04-12 16:37:01,960 [INFO] Rule:224 - rule GTZC_S instance for context M33S is applicable
2026-04-12 16:37:01,960 [INFO] Rule:224 - rule GTZC_S instance value for IP GTZC is applicable
2026-04-12 16:37:01,960 [INFO] Rule:224 - rule GTZC_S instance for mcu.IP is applicable
2026-04-12 16:37:01,960 [INFO] Rule:224 - rule GTZC_S instance for VP is applicable
2026-04-12 16:37:01,960 [INFO] Rule:224 - rule GTZC_S instance for signal is applicable
2026-04-12 16:37:01,960 [INFO] Rule:224 - rule GTZC_S instance for VP is applicable
2026-04-12 16:37:01,960 [INFO] Rule:224 - rule GTZC_S instance for signal is applicable
2026-04-12 16:37:01,960 [INFO] Rule:224 - rule GTZC_S instance for mcu is applicable
2026-04-12 16:37:01,960 [INFO] Rule:224 - rule GTZC_S instance for mcu.Pin is applicable
2026-04-12 16:37:01,960 [INFO] Rule:224 - rule GTZC_S instance value for IP GTZC is applicable
2026-04-12 16:37:01,960 [INFO] Rule:224 - rule GTZC_S instance for project manager is applicable
2026-04-12 16:37:01,960 [INFO] Rule:224 - rule GTZC_S instance for context M33S is applicable
2026-04-12 16:37:01,960 [INFO] Rule:224 - rule GTZC_S instance for VP is applicable
2026-04-12 16:37:01,960 [INFO] Rule:224 - rule GTZC_S instance for signal is applicable
2026-04-12 16:37:01,961 [INFO] Rule:224 - rule WakeUp0 Mode is applicable
2026-04-12 16:37:01,961 [INFO] Rule:224 - rule WakeUp0 SIGNAL is applicable
2026-04-12 16:37:01,961 [INFO] Rule:224 - rule WakeUp1 Mode is applicable
2026-04-12 16:37:01,961 [INFO] Rule:224 - rule WakeUp1 SIGNAL is applicable
2026-04-12 16:37:01,961 [INFO] Rule:224 - rule WakeUp2 Mode is applicable
2026-04-12 16:37:01,961 [INFO] Rule:224 - rule WakeUp2 SIGNAL is applicable
2026-04-12 16:37:01,961 [INFO] Rule:224 - rule WakeUp4 Mode is applicable
2026-04-12 16:37:01,961 [INFO] Rule:224 - rule WakeUp4 SIGNAL is applicable
2026-04-12 16:37:01,961 [INFO] Rule:224 - rule WakeUp5 Mode is applicable
2026-04-12 16:37:01,961 [INFO] Rule:224 - rule WakeUp5 SIGNAL is applicable
2026-04-12 16:37:01,961 [INFO] Rule:224 - rule Change Default Value for LSE Drive Capability for WB family is applicable
2026-04-12 16:37:01,961 [INFO] Rule:224 - rule Change Default Value for ADC Clock Prescaler G0 family is applicable
2026-04-12 16:37:01,962 [INFO] Rule:224 - rule Change GPIO_Pu Default Value for I2C is applicable
2026-04-12 16:37:01,962 [INFO] Rule:224 - rule Change GPIO_Pu Default Value for SMBus is applicable
2026-04-12 16:37:01,962 [INFO] Rule:224 - rule change FDCAN default value is applicable
2026-04-12 16:37:01,962 [INFO] Rule:224 - rule Adapt Old IOC before rework replace old CORTEX_M33/CORTEX_M55 attributes by the new one. is applicable
2026-04-12 16:37:01,962 [INFO] Rule:224 - rule Rename parametre of RCC RCC_APBDBG_DIV2 to RCC_TIMPRES_DIV2 is applicable
2026-04-12 16:37:01,962 [INFO] Rule:224 - rule Rename DIE493 pin PA10 [PA12] -> PA10 is applicable
2026-04-12 16:37:01,962 [INFO] Rule:224 - rule Rename DIE493 pin PA9 [PA11] -> PA9 is applicable
2026-04-12 16:37:01,965 [INFO] DbConfProperties:307 - Apply Compatibility (3/71 Rules)
2026-04-12 16:37:01,981 [INFO] ImportTextPane:218 - (OptionalMessage_ERROR) Pin19 (VP_RIF_VS_RIF1) cannot be retrieved for this MCU
2026-04-12 16:37:02,066 [INFO] RtosManager:558 - Registered RTOS mode: class=CMSIS, group=RTOS, mode=CMSIS_V1, owner=FREERTOS
2026-04-12 16:37:02,066 [INFO] RtosManager:558 - Registered RTOS mode: class=CMSIS, group=RTOS2, mode=CMSIS_V2, owner=FREERTOS
2026-04-12 16:37:02,066 [INFO] RtosManager:558 - Registered RTOS mode: class=RTOS, group=Core, mode=CMSIS_V1, owner=FREERTOS
2026-04-12 16:37:02,066 [INFO] RtosManager:558 - Registered RTOS mode: class=RTOS, group=Core, mode=CMSIS_V2, owner=FREERTOS
2026-04-12 16:37:02,066 [WARN] ModelIntegratedComponent:184 - Missing modes for component STMicroelectronics:FreeRTOS:0.0.1:STMicroelectronics:RTOS:FreeRTOS:Core:::10.2.0:
2026-04-12 16:37:02,075 [WARN] ModelIntegratedComponent:63 - No mode defined for component null
2026-04-12 16:37:02,075 [WARN] ModelIntegratedComponent:63 - No mode defined for component null
2026-04-12 16:37:02,075 [WARN] ModelIntegratedComponent:63 - No mode defined for component null
2026-04-12 16:37:02,075 [WARN] ModelIntegratedComponent:63 - No mode defined for component null
2026-04-12 16:37:02,075 [WARN] ModelIntegratedComponent:63 - No mode defined for component null
2026-04-12 16:37:02,075 [WARN] ModelIntegratedComponent:63 - No mode defined for component null
2026-04-12 16:37:02,075 [WARN] ModelIntegratedComponent:63 - No mode defined for component null
2026-04-12 16:37:02,075 [WARN] ModelIntegratedComponent:63 - No mode defined for component null
2026-04-12 16:37:02,075 [WARN] ModelIntegratedComponent:63 - No mode defined for component null
2026-04-12 16:37:02,075 [WARN] ModelIntegratedComponent:63 - No mode defined for component null
2026-04-12 16:37:02,076 [WARN] ModelIntegratedComponent:63 - No mode defined for component null
2026-04-12 16:37:02,076 [WARN] ModelIntegratedComponent:63 - No mode defined for component null
2026-04-12 16:37:02,076 [WARN] ModelIntegratedComponent:63 - No mode defined for component null
2026-04-12 16:37:02,076 [WARN] ModelIntegratedComponent:63 - No mode defined for component null
2026-04-12 16:37:02,076 [WARN] ModelIntegratedComponent:63 - No mode defined for component null
2026-04-12 16:37:02,076 [WARN] ModelIntegratedComponent:63 - No mode defined for component null
2026-04-12 16:37:02,076 [WARN] ModelIntegratedComponent:63 - No mode defined for component null
2026-04-12 16:37:02,076 [WARN] ModelIntegratedComponent:63 - No mode defined for component null
2026-04-12 16:37:02,076 [WARN] ModelIntegratedComponent:63 - No mode defined for component null
2026-04-12 16:37:02,076 [WARN] ModelIntegratedComponent:63 - No mode defined for component null
2026-04-12 16:37:02,076 [WARN] ModelIntegratedComponent:63 - No mode defined for component null
2026-04-12 16:37:02,076 [WARN] ModelIntegratedComponent:63 - No mode defined for component null
2026-04-12 16:37:02,076 [WARN] ModelIntegratedComponent:63 - No mode defined for component null
2026-04-12 16:37:02,076 [WARN] ModelIntegratedComponent:63 - No mode defined for component null
2026-04-12 16:37:02,076 [WARN] ModelIntegratedComponent:63 - No mode defined for component null
2026-04-12 16:37:02,076 [WARN] ModelIntegratedComponent:63 - No mode defined for component null
2026-04-12 16:37:02,076 [WARN] ModelIntegratedComponent:63 - No mode defined for component null
2026-04-12 16:37:02,076 [WARN] ModelIntegratedComponent:63 - No mode defined for component null
2026-04-12 16:37:02,076 [WARN] ModelIntegratedComponent:63 - No mode defined for component null
2026-04-12 16:37:02,076 [WARN] ModelIntegratedComponent:63 - No mode defined for component null
2026-04-12 16:37:02,076 [WARN] ModelIntegratedComponent:63 - No mode defined for component null
2026-04-12 16:37:02,076 [WARN] ModelIntegratedComponent:63 - No mode defined for component null
2026-04-12 16:37:02,076 [WARN] ModelIntegratedComponent:63 - No mode defined for component null
2026-04-12 16:37:02,077 [WARN] ModelIntegratedComponent:63 - No mode defined for component null
2026-04-12 16:37:02,077 [WARN] ModelIntegratedComponent:63 - No mode defined for component null
2026-04-12 16:37:02,077 [WARN] ModelPack:524 - Component already loaded: STMicroelectronics:HAL Drivers:0.0.0:STMicroelectronics:Device:STMicro_Driver:XSPI:HAL::0.0.1:HAL_XSPI
2026-04-12 16:37:02,434 [INFO] ThirdPartyModel:298 - Start build external matchings
2026-04-12 16:37:04,410 [INFO] ThirdPartyModel:316 - End build external matchings
2026-04-12 16:37:04,937 [INFO] UtilMem:75 - End LoadConfig() Used Memory: 973462656 Bytes (1073741824)
2026-04-12 16:37:05,124 [WARN] ThirdParty:833 - waiting for thirdparty lock release [change project]
2026-04-12 16:37:05,125 [INFO] ThirdParty:835 - entering critical section [change project]
2026-04-12 16:37:05,125 [INFO] ThirdParty:1030 - CMSIS Pack Vendor :STMicroelectronics X-CUBE-AZRTOS-H7 3.5.0
2026-04-12 16:37:05,125 [INFO] ThirdParty:1030 - CMSIS Pack Vendor :STMicroelectronics X-CUBE-PM33A1 1.0.0
2026-04-12 16:37:05,125 [INFO] ThirdParty:1030 - CMSIS Pack Vendor :STMicroelectronics USBPD 4.1
2026-04-12 16:37:05,125 [INFO] ThirdParty:1030 - CMSIS Pack Vendor :STMicroelectronics USB_HOST 2.0.0
2026-04-12 16:37:05,125 [INFO] ThirdParty:1030 - CMSIS Pack Vendor :STMicroelectronics FP-SNS-MOTENVWB1 1.4.0
2026-04-12 16:37:05,125 [INFO] ThirdParty:1030 - CMSIS Pack Vendor :STMicroelectronics X-CUBE-AZRTOS-F4 1.1.0
2026-04-12 16:37:05,125 [INFO] ThirdParty:1030 - CMSIS Pack Vendor :STMicroelectronics LIBJPEG 8.0.0
2026-04-12 16:37:05,125 [INFO] ThirdParty:1030 - CMSIS Pack Vendor :STMicroelectronics FP-ATR-ASTRA1 2.0.2
2026-04-12 16:37:05,125 [INFO] ThirdParty:1030 - CMSIS Pack Vendor :STMicroelectronics FP-ATR-ASTRA1 2.0.1
2026-04-12 16:37:05,125 [INFO] ThirdParty:1030 - CMSIS Pack Vendor :Avnet-IotConnect X-CUBE-IoTC-DA16k-PMOD 1.0.0
2026-04-12 16:37:05,125 [INFO] ThirdParty:1030 - CMSIS Pack Vendor :STMicroelectronics X-CUBE-SMBUS 2.1.0
2026-04-12 16:37:05,125 [INFO] ThirdParty:1030 - CMSIS Pack Vendor :STMicroelectronics X-CUBE-WB05N 1.1.0
2026-04-12 16:37:05,125 [INFO] ThirdParty:1030 - CMSIS Pack Vendor :STMicroelectronics X-CUBE-ISPU 2.1.0
2026-04-12 16:37:05,125 [INFO] ThirdParty:1030 - CMSIS Pack Vendor :STMicroelectronics eDS-WB_DPC_TT-BIDIR 2.1.1
2026-04-12 16:37:05,125 [INFO] ThirdParty:1030 - CMSIS Pack Vendor :STMicroelectronics X-CUBE-NFC12 1.0.0
2026-04-12 16:37:05,126 [INFO] ThirdParty:1030 - CMSIS Pack Vendor :STMicroelectronics X-CUBE-AZRTOS-F7 1.1.0
2026-04-12 16:37:05,126 [INFO] ThirdParty:1030 - CMSIS Pack Vendor :STMicroelectronics X-CUBE-AZRTOS-L5 2.0.0
2026-04-12 16:37:05,126 [INFO] ThirdParty:1030 - CMSIS Pack Vendor :STMicroelectronics USB_DEVICE 2.0.0
2026-04-12 16:37:05,126 [INFO] ThirdParty:1030 - CMSIS Pack Vendor :STMicroelectronics X-CUBE-NFC6 3.1.0
2026-04-12 16:37:05,126 [INFO] ThirdParty:1030 - CMSIS Pack Vendor :STMicroelectronics FreeRTOS 0.0.1
2026-04-12 16:37:05,126 [INFO] ThirdParty:1030 - CMSIS Pack Vendor :STMicroelectronics X-CUBE-DPower 1.2.0
2026-04-12 16:37:05,126 [INFO] ThirdParty:1030 - CMSIS Pack Vendor :STMicroelectronics eDS-WB_DPC_VIENNA 1.2.0
2026-04-12 16:37:05,126 [INFO] ThirdParty:1030 - CMSIS Pack Vendor :STMicroelectronics FP-SNS-FLIGHT1 5.0.2
2026-04-12 16:37:05,126 [INFO] ThirdParty:1030 - CMSIS Pack Vendor :STMicroelectronics eDS-WB_DPC_3PH2L-BIDIR 1.1.1
2026-04-12 16:37:05,126 [INFO] ThirdParty:1030 - CMSIS Pack Vendor :Infineon AIROC-Wi-Fi-Bluetooth-STM32 1.7.0
2026-04-12 16:37:05,126 [INFO] ThirdParty:1030 - CMSIS Pack Vendor :STMicroelectronics PDM2PCM 3.3.0
2026-04-12 16:37:05,126 [INFO] ThirdParty:1030 - CMSIS Pack Vendor :STMicroelectronics X-CUBE-AZRTOS-H7 3.4.0
2026-04-12 16:37:05,126 [INFO] ThirdParty:1030 - CMSIS Pack Vendor :STMicroelectronics X-CUBE-DISPLAY 3.0.0
2026-04-12 16:37:05,126 [INFO] ThirdParty:1030 - CMSIS Pack Vendor :STMicroelectronics X-CUBE-BLE1 7.0.0
2026-04-12 16:37:05,126 [INFO] ThirdParty:1030 - CMSIS Pack Vendor :STMicroelectronics X-CUBE-NFC10 1.0.0
2026-04-12 16:37:05,126 [INFO] ThirdParty:1030 - CMSIS Pack Vendor :STMicroelectronics X-CUBE-BLEMGR 4.0.0
2026-04-12 16:37:05,126 [INFO] ThirdParty:1030 - CMSIS Pack Vendor :STMicroelectronics X-CUBE-FREERTOS 1.3.1
2026-04-12 16:37:05,126 [INFO] ThirdParty:1030 - CMSIS Pack Vendor :STMicroelectronics HAL Drivers 0.0.0
2026-04-12 16:37:05,126 [INFO] ThirdParty:1030 - CMSIS Pack Vendor :STMicroelectronics X-CUBE-ST60 1.1.0
2026-04-12 16:37:05,126 [INFO] ThirdParty:1030 - CMSIS Pack Vendor :emotas I-CUBE-CANOPEN 1.3.0
2026-04-12 16:37:05,127 [INFO] ThirdParty:1030 - CMSIS Pack Vendor :STMicroelectronics X-CUBE-FREERTOS 1.3.0
2026-04-12 16:37:05,127 [INFO] ThirdParty:1030 - CMSIS Pack Vendor :STMicroelectronics X-CUBE-NFC7 1.0.1
2026-04-12 16:37:05,127 [INFO] ThirdParty:1030 - CMSIS Pack Vendor :STMicroelectronics MBEDTLS 2.14.1
2026-04-12 16:37:05,127 [INFO] ThirdParty:1030 - CMSIS Pack Vendor :STMicroelectronics X-CUBE-GNSS1 7.1.0
2026-04-12 16:37:05,127 [INFO] ThirdParty:1030 - CMSIS Pack Vendor :STMicroelectronics X-CUBE-TOUCHGFX 4.26.0
2026-04-12 16:37:05,127 [INFO] ThirdParty:1030 - CMSIS Pack Vendor :STMicroelectronics X-CUBE-TOUCHGFX 4.26.1
2026-04-12 16:37:05,127 [INFO] ThirdParty:1030 - CMSIS Pack Vendor :quantropi X-CUBE-qispace-sdk-base 2.0.0
2026-04-12 16:37:05,127 [INFO] ThirdParty:1030 - CMSIS Pack Vendor :STMicroelectronics X-CUBE-AI 10.0.0
2026-04-12 16:37:05,127 [INFO] ThirdParty:1030 - CMSIS Pack Vendor :STMicroelectronics FP-SNS-STAIOTCFT 1.0.0
2026-04-12 16:37:05,127 [INFO] ThirdParty:1030 - CMSIS Pack Vendor :STMicroelectronics FP-SNS-SMARTAG2 1.2.0
2026-04-12 16:37:05,127 [INFO] ThirdParty:1030 - CMSIS Pack Vendor :STMicroelectronics FP-SNS-FLIGHT1 5.1.0
2026-04-12 16:37:05,127 [INFO] ThirdParty:1030 - CMSIS Pack Vendor :STMicroelectronics X-CUBE-MEMS1 11.1.0
2026-04-12 16:37:05,127 [INFO] ThirdParty:1030 - CMSIS Pack Vendor :STMicroelectronics X-CUBE-AZRTOS-WL 2.0.0
2026-04-12 16:37:05,127 [INFO] ThirdParty:1030 - CMSIS Pack Vendor :STMicroelectronics X-CUBE-DPower 1.3.0
2026-04-12 16:37:05,127 [INFO] ThirdParty:1030 - CMSIS Pack Vendor :STMicroelectronics FP-SNS-MOTENV1 5.0.0
2026-04-12 16:37:05,127 [INFO] ThirdParty:1030 - CMSIS Pack Vendor :STMicroelectronics USB_DEVICE 1.0.0
2026-04-12 16:37:05,127 [INFO] ThirdParty:1030 - CMSIS Pack Vendor :STMicroelectronics X-CUBE-AZRTOS-H7RS 1.2.0
2026-04-12 16:37:05,127 [INFO] ThirdParty:1030 - CMSIS Pack Vendor :wolfSSL I-CUBE-wolfMQTT 1.19.0
2026-04-12 16:37:05,127 [INFO] ThirdParty:1030 - CMSIS Pack Vendor :STMicroelectronics X-CUBE-AZRTOS-L4 2.0.0
2026-04-12 16:37:05,127 [INFO] ThirdParty:1030 - CMSIS Pack Vendor :STMicroelectronics ThreadX 0.0.2
2026-04-12 16:37:05,127 [INFO] ThirdParty:1030 - CMSIS Pack Vendor :WES I-CUBE-Cesium 1.3.0
2026-04-12 16:37:05,127 [INFO] ThirdParty:1030 - CMSIS Pack Vendor :STMicroelectronics lwIP 2.1.2
2026-04-12 16:37:05,127 [INFO] ThirdParty:1030 - CMSIS Pack Vendor :STMicroelectronics X-CUBE-SFXS2LP1 4.0.0
2026-04-12 16:37:05,127 [INFO] ThirdParty:1030 - CMSIS Pack Vendor :STMicroelectronics X-CUBE-BLE2 3.3.0
2026-04-12 16:37:05,127 [INFO] ThirdParty:1030 - CMSIS Pack Vendor :Avnet-IOTCONNECT X-CUBE-iotc-st67-sdk 1.0.0
2026-04-12 16:37:05,127 [INFO] ThirdParty:1030 - CMSIS Pack Vendor :STMicroelectronics PDM2PCM 3.2.0
2026-04-12 16:37:05,127 [INFO] ThirdParty:1030 - CMSIS Pack Vendor :STMicroelectronics X-CUBE-WB05N 2.1.0
2026-04-12 16:37:05,127 [INFO] ThirdParty:1030 - CMSIS Pack Vendor :STMicroelectronics X-CUBE-AZRTOS-H7 3.3.0
2026-04-12 16:37:05,127 [INFO] ThirdParty:1030 - CMSIS Pack Vendor :STMicroelectronics X-CUBE-NFC9 1.0.0
2026-04-12 16:37:05,127 [INFO] ThirdParty:1030 - CMSIS Pack Vendor :STMicroelectronics X-CUBE-BLE1 7.1.0
2026-04-12 16:37:05,127 [INFO] ThirdParty:1030 - CMSIS Pack Vendor :STMicroelectronics USB_DEVICE 3.0.0
2026-04-12 16:37:05,127 [INFO] ThirdParty:1030 - CMSIS Pack Vendor :STMicroelectronics X-CUBE-EEPRMA1 5.2.0
2026-04-12 16:37:05,127 [INFO] ThirdParty:1030 - CMSIS Pack Vendor :STMicroelectronics X-CUBE-BLEMGR 4.1.0
2026-04-12 16:37:05,127 [INFO] ThirdParty:1030 - CMSIS Pack Vendor :STMicroelectronics X-CUBE-AZRTOS-WB 2.0.0
2026-04-12 16:37:05,127 [INFO] ThirdParty:1030 - CMSIS Pack Vendor :STMicroelectronics X-CUBE-GNSS1 7.0.1
2026-04-12 16:37:05,127 [INFO] ThirdParty:1030 - CMSIS Pack Vendor :STMicroelectronics X-CUBE-TOUCHGFX 4.25.0
2026-04-12 16:37:05,127 [INFO] ThirdParty:1030 - CMSIS Pack Vendor :STMicroelectronics FP-SNS-STBOX1 2.0.0
2026-04-12 16:37:05,127 [INFO] ThirdParty:1030 - CMSIS Pack Vendor :STMicroelectronics X-CUBE-MEMS1 12.0.0
2026-04-12 16:37:05,127 [INFO] ThirdParty:1030 - CMSIS Pack Vendor :STMicroelectronics X-CUBE-STSE01 2.0.0
2026-04-12 16:37:05,127 [INFO] ThirdParty:1030 - CMSIS Pack Vendor :STMicroelectronics X-CUBE-MEMS1 11.2.0
2026-04-12 16:37:05,127 [INFO] ThirdParty:1030 - CMSIS Pack Vendor :STMicroelectronics X-CUBE-AZRTOS-G0 1.1.0
2026-04-12 16:37:05,127 [INFO] ThirdParty:1030 - CMSIS Pack Vendor :STMicroelectronics X-CUBE-SAFEA1 1.2.2
2026-04-12 16:37:05,127 [INFO] ThirdParty:1030 - CMSIS Pack Vendor :STMicroelectronics X-CUBE-NFC4 3.0.0
2026-04-12 16:37:05,127 [INFO] ThirdParty:1030 - CMSIS Pack Vendor :STMicroelectronics X-CUBE-SUBG2 5.0.0
2026-04-12 16:37:05,127 [INFO] ThirdParty:1030 - CMSIS Pack Vendor :STMicroelectronics X-CUBE-AZRTOS-H7RS 1.1.0
2026-04-12 16:37:05,127 [INFO] ThirdParty:1030 - CMSIS Pack Vendor :STMicroelectronics STM32_WPAN 1.0.0
2026-04-12 16:37:05,127 [INFO] ThirdParty:1030 - CMSIS Pack Vendor :EmbeddedOffice I-CUBE-FS-RTOS 1.0.1
2026-04-12 16:37:05,127 [INFO] ThirdParty:1030 - CMSIS Pack Vendor :STMicroelectronics lwIP 2.0.3
2026-04-12 16:37:05,127 [INFO] ThirdParty:1030 - CMSIS Pack Vendor :Cesanta I-CUBE-Mongoose 7.13.0
2026-04-12 16:37:05,129 [INFO] ThirdParty:1030 - CMSIS Pack Vendor :STMicroelectronics USB_HOST 1.0.0
2026-04-12 16:37:05,129 [INFO] ThirdParty:1030 - CMSIS Pack Vendor :STMicroelectronics X-CUBE-AZRTOS-G4 2.0.0
2026-04-12 16:37:05,129 [INFO] ThirdParty:1030 - CMSIS Pack Vendor :STMicroelectronics X-CUBE-WB05N 2.0.0
2026-04-12 16:37:05,129 [INFO] ThirdParty:1030 - CMSIS Pack Vendor :STMicroelectronics PDM2PCM 3.1.0
2026-04-12 16:37:05,129 [INFO] ThirdParty:1030 - CMSIS Pack Vendor :STMicroelectronics X-CUBE-NFC7 2.0.0
2026-04-12 16:37:05,129 [INFO] ThirdParty:1030 - CMSIS Pack Vendor :RealThread X-CUBE-RT-Thread_Nano 4.1.1
2026-04-12 16:37:05,129 [INFO] ThirdParty:1030 - CMSIS Pack Vendor :STMicroelectronics FP-ATR-SIGFOX1 3.2.0
2026-04-12 16:37:05,129 [INFO] ThirdParty:1030 - CMSIS Pack Vendor :STMicroelectronics X-CUBE-EEPRMA1 5.1.0
2026-04-12 16:37:05,129 [INFO] ThirdParty:1030 - CMSIS Pack Vendor :STMicroelectronics MBEDTLS 2.16.2
2026-04-12 16:37:05,129 [INFO] ThirdParty:1030 - CMSIS Pack Vendor :STMicroelectronics X-CUBE-IPS 3.1.0
2026-04-12 16:37:05,129 [INFO] ThirdParty:1030 - CMSIS Pack Vendor :STMicroelectronics X-CUBE-ALS 1.0.2
2026-04-12 16:37:05,129 [INFO] ThirdParty:1030 - CMSIS Pack Vendor :ITTIA_DB I-CUBE-ITTIADB 8.9.0
2026-04-12 16:37:05,129 [INFO] ThirdParty:1030 - CMSIS Pack Vendor :STMicroelectronics X-CUBE-TOUCHGFX 4.24.2
2026-04-12 16:37:05,129 [INFO] ThirdParty:1030 - CMSIS Pack Vendor :STMicroelectronics X-CUBE-STSE01 1.0.0
2026-04-12 16:37:05,129 [INFO] ThirdParty:1030 - CMSIS Pack Vendor :portGmbH I-Cube-SoM-uGOAL 1.1.0
2026-04-12 16:37:05,129 [INFO] ThirdParty:1030 - CMSIS Pack Vendor :STMicroelectronics X-CUBE-NFC6 3.2.0
2026-04-12 16:37:05,129 [INFO] ThirdParty:1030 - CMSIS Pack Vendor :STMicroelectronics X-CUBE-AI 10.2.0
2026-04-12 16:37:05,129 [INFO] ThirdParty:1030 - CMSIS Pack Vendor :STMicroelectronics ThreadX 1.0.0
2026-04-12 16:37:05,129 [INFO] ThirdParty:1030 - CMSIS Pack Vendor :SEGGER I-CUBE-embOS 1.3.1
2026-04-12 16:37:05,129 [INFO] ThirdParty:1030 - CMSIS Pack Vendor :STMicroelectronics X-CUBE-ALGOBUILD 1.4.0
2026-04-12 16:37:05,129 [INFO] ThirdParty:1030 - CMSIS Pack Vendor :STMicroelectronics X-CUBE-MEMS1 11.3.0
2026-04-12 16:37:05,129 [INFO] ThirdParty:1030 - CMSIS Pack Vendor :STMicroelectronics X-CUBE-AZRTOS-H7RS 1.0.0
2026-04-12 16:37:05,129 [INFO] ThirdParty:1030 - CMSIS Pack Vendor :STMicroelectronics X-CUBE-TOF1 3.4.2
2026-04-12 16:37:05,129 [INFO] ThirdParty:1030 - CMSIS Pack Vendor :STMicroelectronics X-CUBE-TOF1 3.4.3
2026-04-12 16:37:05,129 [INFO] ThirdParty:1030 - CMSIS Pack Vendor :wolfSSL I-CUBE-wolfSSH 1.4.17
2026-04-12 16:37:05,130 [INFO] ThirdParty:841 - exiting critical section [change project]
2026-04-12 16:37:05,634 [INFO] PinOutPanel:1589 - setPackage(No Configuration,No Configuration)
2026-04-12 16:37:05,636 [INFO] PinOutPanel:1589 - setPackage(STM32L4A6ZGTx,LQFP144)
2026-04-12 16:37:06,093 [INFO] UtilMem:75 - Before build in PCC Used Memory: 999600640 Bytes (1073741824)
2026-04-12 16:37:06,877 [INFO] UtilMem:75 - After build in PCC Used Memory: 837495800 Bytes (1073741824)
2026-04-12 16:37:06,909 [INFO] IPUIPlugin:80 - create IPUIPlugin
2026-04-12 16:37:06,910 [INFO] IPUIPlugin:80 - create IPUIPlugin
2026-04-12 16:37:06,910 [INFO] IPUIPlugin:80 - create IPUIPlugin
2026-04-12 16:37:06,910 [INFO] IPUIPlugin:80 - create IPUIPlugin
2026-04-12 16:37:06,910 [INFO] IPUIPlugin:80 - create IPUIPlugin
2026-04-12 16:37:06,910 [INFO] IPUIPlugin:80 - create IPUIPlugin
2026-04-12 16:37:06,910 [INFO] IPUIPlugin:80 - create IPUIPlugin
2026-04-12 16:37:06,910 [INFO] IPUIPlugin:80 - create IPUIPlugin
2026-04-12 16:37:06,910 [INFO] IPUIPlugin:80 - create IPUIPlugin
2026-04-12 16:37:06,910 [INFO] IPUIPlugin:80 - create IPUIPlugin
2026-04-12 16:37:06,910 [INFO] IPUIPlugin:80 - create IPUIPlugin
2026-04-12 16:37:06,910 [INFO] IPUIPlugin:80 - create IPUIPlugin
2026-04-12 16:37:06,910 [INFO] IPUIPlugin:80 - create IPUIPlugin
2026-04-12 16:37:06,911 [INFO] IPUIPlugin:80 - create IPUIPlugin
2026-04-12 16:37:06,911 [INFO] IPUIPlugin:80 - create IPUIPlugin
2026-04-12 16:37:06,911 [INFO] IPUIPlugin:80 - create IPUIPlugin
2026-04-12 16:37:06,911 [INFO] IPUIPlugin:80 - create IPUIPlugin
2026-04-12 16:37:06,911 [INFO] IPUIPlugin:80 - create IPUIPlugin
2026-04-12 16:37:06,911 [INFO] IPUIPlugin:80 - create IPUIPlugin
2026-04-12 16:37:06,911 [INFO] IPUIPlugin:80 - create IPUIPlugin
2026-04-12 16:37:06,911 [INFO] IPUIPlugin:80 - create IPUIPlugin
2026-04-12 16:37:06,911 [INFO] IPUIPlugin:80 - create IPUIPlugin
2026-04-12 16:37:06,911 [INFO] IPUIPlugin:80 - create IPUIPlugin
2026-04-12 16:37:06,911 [INFO] IPUIPlugin:80 - create IPUIPlugin
2026-04-12 16:37:06,912 [INFO] IPUIPlugin:80 - create IPUIPlugin
2026-04-12 16:37:06,912 [INFO] IPUIPlugin:80 - create IPUIPlugin
2026-04-12 16:37:06,912 [INFO] IPUIPlugin:80 - create IPUIPlugin
2026-04-12 16:37:06,912 [INFO] IPUIPlugin:80 - create IPUIPlugin
2026-04-12 16:37:06,912 [INFO] IPUIPlugin:80 - create IPUIPlugin
2026-04-12 16:37:06,912 [INFO] IPUIPlugin:80 - create IPUIPlugin
2026-04-12 16:37:06,912 [INFO] IPUIPlugin:80 - create IPUIPlugin
2026-04-12 16:37:06,913 [INFO] IPUIPlugin:80 - create IPUIPlugin
2026-04-12 16:37:06,913 [INFO] IPUIPlugin:80 - create IPUIPlugin
2026-04-12 16:37:06,913 [INFO] IPUIPlugin:80 - create IPUIPlugin
2026-04-12 16:37:06,913 [INFO] IPUIPlugin:80 - create IPUIPlugin
2026-04-12 16:37:06,913 [INFO] IPUIPlugin:80 - create IPUIPlugin
2026-04-12 16:37:06,913 [INFO] IPUIPlugin:80 - create IPUIPlugin
2026-04-12 16:37:06,915 [INFO] IPUIPlugin:80 - create IPUIPlugin
2026-04-12 16:37:06,915 [INFO] IPUIPlugin:80 - create IPUIPlugin
2026-04-12 16:37:06,915 [INFO] IPUIPlugin:80 - create IPUIPlugin
2026-04-12 16:37:06,915 [INFO] IPUIPlugin:80 - create IPUIPlugin
2026-04-12 16:37:06,915 [INFO] IPUIPlugin:80 - create IPUIPlugin
2026-04-12 16:37:06,915 [INFO] IPUIPlugin:80 - create IPUIPlugin
2026-04-12 16:37:06,916 [INFO] IPUIPlugin:80 - create IPUIPlugin
2026-04-12 16:37:06,916 [INFO] IPUIPlugin:80 - create IPUIPlugin
2026-04-12 16:37:06,916 [INFO] IPUIPlugin:80 - create IPUIPlugin
2026-04-12 16:37:06,916 [INFO] IPUIPlugin:80 - create IPUIPlugin
2026-04-12 16:37:06,916 [INFO] IPUIPlugin:80 - create IPUIPlugin
2026-04-12 16:37:06,916 [INFO] IPUIPlugin:80 - create IPUIPlugin
2026-04-12 16:37:06,917 [INFO] IPUIPlugin:80 - create IPUIPlugin
2026-04-12 16:37:06,917 [INFO] IPUIPlugin:80 - create IPUIPlugin
2026-04-12 16:37:06,917 [INFO] IPUIPlugin:80 - create IPUIPlugin
2026-04-12 16:37:06,917 [INFO] IPUIPlugin:80 - create IPUIPlugin
2026-04-12 16:37:06,917 [INFO] IPUIPlugin:80 - create IPUIPlugin
2026-04-12 16:37:06,918 [INFO] IPUIPlugin:80 - create IPUIPlugin
2026-04-12 16:37:06,918 [INFO] IPUIPlugin:80 - create IPUIPlugin
2026-04-12 16:37:06,918 [INFO] IPUIPlugin:80 - create IPUIPlugin
2026-04-12 16:37:06,918 [INFO] IPUIPlugin:80 - create IPUIPlugin
2026-04-12 16:37:06,919 [INFO] IPUIPlugin:80 - create IPUIPlugin
2026-04-12 16:37:06,919 [INFO] IPUIPlugin:80 - create IPUIPlugin
2026-04-12 16:37:06,919 [INFO] IPUIPlugin:80 - create IPUIPlugin
2026-04-12 16:37:06,919 [INFO] IPUIPlugin:80 - create IPUIPlugin
2026-04-12 16:37:06,920 [INFO] IPUIPlugin:80 - create IPUIPlugin
2026-04-12 16:37:06,920 [INFO] IPUIPlugin:80 - create IPUIPlugin
2026-04-12 16:37:06,920 [INFO] IPUIPlugin:80 - create IPUIPlugin
2026-04-12 16:37:06,920 [INFO] IPUIPlugin:80 - create IPUIPlugin
2026-04-12 16:37:07,082 [INFO] CADModel:165 - CPN selected for project levelSTM32L4A6ZGT6
2026-04-12 16:37:07,082 [INFO] CADModel:114 - Register for checkConnection events
2026-04-12 16:37:07,144 [INFO] OpenFileManager:385 - Restore cursor
2026-04-12 16:37:08,712 [INFO] UtilMem:75 - End SaveConfig() Used Memory: 734225512 Bytes (1073741824)
2026-04-12 16:37:09,641 [INFO] ServerAccessManage:473 - Download File stm32cube_fw_l4_v1180.zip
2026-04-12 16:43:25,119 [INFO] AnalyticsPlugin:363 - Accepted License(s) without tracking enabled: [FW.L4.1.18.0]
2026-04-12 16:43:25,119 [INFO] FileExtend:242 - Unzip File : stm32cube_fw_l4_v1180.zip
2026-04-12 16:43:25,119 [INFO] FileExtend:257 - Standard Zip Deflate
2026-04-12 16:44:06,474 [INFO] ServerAccessManage:473 - Download File stm32cube_fw_l4_v1182.zip
2026-04-12 16:45:56,814 [INFO] FileExtend:242 - Unzip File : stm32cube_fw_l4_v1182.zip
2026-04-12 16:45:56,815 [INFO] FileExtend:257 - Standard Zip Deflate
2026-04-12 16:46:23,736 [INFO] LoadServerPackagesThread:196 - End of LoadServerPackages Thread
2026-04-12 16:46:24,064 [INFO] ThirdPartyModel:298 - Start build external matchings
2026-04-12 16:46:24,111 [INFO] UtilMem:75 - End SaveConfig() Used Memory: 1062595000 Bytes (1073741824)
2026-04-12 16:46:25,209 [INFO] BlockDiagram:2775 - set Specific Code input for plugin: SYS
2026-04-12 16:46:25,209 [INFO] BlockDiagram:2775 - set Specific Code input for plugin: RCC
2026-04-12 16:46:25,209 [INFO] BlockDiagram:2775 - set Specific Code input for plugin: NVIC
2026-04-12 16:46:25,211 [INFO] BlockDiagram:2775 - set Specific Code input for plugin: GPIO
2026-04-12 16:46:25,220 [INFO] CodeGenerator:882 - code generatio: config db path: C:\ST\STM32CubeIDE_1.17.0\STM32CubeIDE\plugins\com.st.stm32cube.common.mx_6.14.0.202502271554\\db\
2026-04-12 16:46:25,605 [INFO] CodeEngine:263 - oldGeneratedFile, C:\Users\blew2\Documents\GitHub\STM32CubeIDE\CPE_439\MXTmpFiles\license.tmp_save
2026-04-12 16:46:26,098 [INFO] CodeEngine:287 - Generated code: C:\Users\blew2\Documents\GitHub\STM32CubeIDE\CPE_439\MXTmpFiles\license.tmp
2026-04-12 16:46:26,317 [INFO] CodeEngine:263 - oldGeneratedFile, C:\Users\blew2\Documents\GitHub\STM32CubeIDE\CPE_439\MXTmpFiles\gpio.tmp_save
2026-04-12 16:46:26,554 [INFO] CodeEngine:287 - Generated code: C:\Users\blew2\Documents\GitHub\STM32CubeIDE\CPE_439\MXTmpFiles\gpio.tmp
2026-04-12 16:46:26,723 [INFO] CodeEngine:263 - oldGeneratedFile, C:\Users\blew2\Documents\GitHub\STM32CubeIDE\CPE_439\Core\Src\stm32l4xx_it.c_save
2026-04-12 16:46:26,916 [INFO] CodeEngine:287 - Generated code: C:\Users\blew2\Documents\GitHub\STM32CubeIDE\CPE_439\Core\Src\stm32l4xx_it.c
2026-04-12 16:46:26,929 [INFO] CodeEngine:263 - oldGeneratedFile, C:\Users\blew2\Documents\GitHub\STM32CubeIDE\CPE_439\Core\Inc\stm32l4xx_it.h_save
2026-04-12 16:46:27,045 [INFO] CodeEngine:287 - Generated code: C:\Users\blew2\Documents\GitHub\STM32CubeIDE\CPE_439\Core\Inc\stm32l4xx_it.h
2026-04-12 16:46:27,072 [INFO] CodeEngine:263 - oldGeneratedFile, C:\Users\blew2\Documents\GitHub\STM32CubeIDE\CPE_439\Core\Src\stm32l4xx_hal_msp.c_save
2026-04-12 16:46:27,220 [INFO] CodeEngine:287 - Generated code: C:\Users\blew2\Documents\GitHub\STM32CubeIDE\CPE_439\Core\Src\stm32l4xx_hal_msp.c
2026-04-12 16:46:27,234 [INFO] CodeEngine:263 - oldGeneratedFile, C:\Users\blew2\Documents\GitHub\STM32CubeIDE\CPE_439\MXTmpFiles\system.tmp_save
2026-04-12 16:46:27,325 [INFO] CodeEngine:287 - Generated code: C:\Users\blew2\Documents\GitHub\STM32CubeIDE\CPE_439\MXTmpFiles\system.tmp
2026-04-12 16:46:27,352 [INFO] CodeEngine:319 - oldGeneratedFile, C:\Users\blew2\Documents\GitHub\STM32CubeIDE\CPE_439\Core\Inc\stm32l4xx_hal_conf.h_save
2026-04-12 16:46:27,442 [INFO] ThirdPartyModel:316 - End build external matchings
2026-04-12 16:46:27,448 [INFO] CodeEngine:343 - Generated code: C:\Users\blew2\Documents\GitHub\STM32CubeIDE\CPE_439\Core\Inc\stm32l4xx_hal_conf.h
2026-04-12 16:46:27,502 [INFO] CheckServerUpdateThread:120 - End of CheckServer Thread
2026-04-12 16:46:27,502 [INFO] ApiDbMcu:508 - Load IP Config File for RCC
2026-04-12 16:46:27,524 [INFO] CodeEngine:263 - oldGeneratedFile, C:\Users\blew2\Documents\GitHub\STM32CubeIDE\CPE_439\Core\Inc\main.h_save
2026-04-12 16:46:27,622 [INFO] CodeEngine:287 - Generated code: C:\Users\blew2\Documents\GitHub\STM32CubeIDE\CPE_439\Core\Inc\main.h
2026-04-12 16:46:27,633 [INFO] CodeEngine:263 - oldGeneratedFile, C:\Users\blew2\Documents\GitHub\STM32CubeIDE\CPE_439\Core\Src\main.c_save
2026-04-12 16:46:27,772 [INFO] CodeEngine:287 - Generated code: C:\Users\blew2\Documents\GitHub\STM32CubeIDE\CPE_439\Core\Src\main.c
2026-04-12 16:46:28,473 [INFO] ProjectBuilder:3324 - Time for Copy HAL[1] : 364mS.
2026-04-12 16:46:28,488 [INFO] ProjectBuilder:4912 - Project Generator version: 4.6.0-B36
2026-04-12 16:46:28,585 [INFO] ConfigFileManager:1590 - The Die is : DIE461
2026-04-12 16:46:28,599 [INFO] ApiDbMcu:508 - Load IP Config File for FATFS
2026-04-12 16:46:28,608 [INFO] ApiDbMcu:508 - Load IP Config File for FREERTOS
2026-04-12 16:46:28,626 [INFO] ApiDbMcu:508 - Load IP Config File for TOUCHSENSING
2026-04-12 16:46:28,634 [INFO] ApiDbMcu:508 - Load IP Config File for USB_DEVICE
2026-04-12 16:46:28,639 [INFO] ApiDbMcu:508 - Load IP Config File for USB_HOST
2026-04-12 16:46:29,058 [INFO] LogOutputStream:77 - [STDOUT_REDIRECT] 
2026-04-12 16:46:32,173 [INFO] ProjectBuilder:5191 - Time for Generating toolchain IDE Files: 3682mS.
2026-04-12 16:46:32,175 [INFO] ProjectBuilder:3181 - Time for Copy CMSIS : 1mS.
2026-04-12 16:46:32,183 [INFO] ProjectBuilder:3181 - Time for Copy CMSIS : 0mS.
2026-04-12 16:46:32,818 [INFO] McuFinderGlobals:76 - Set McuFinderConnectedMode to true
2026-04-12 16:46:32,823 [INFO] ApiDb:448 - Save user favorites file C:\Users\blew2/.stm32cubeide/favorites.mcus.txt: 0 item(s)
2026-04-12 16:46:32,825 [INFO] ApiDb:452 - User favorites MCUs=[]
2026-04-12 16:46:32,827 [INFO] ApiDb:448 - Save user favorites file C:\Users\blew2/.stm32cubeide/favorites.boards.txt: 1 item(s)
2026-04-12 16:46:32,828 [INFO] ApiDb:452 - User favorites Boards=[NUCLEO-F401RE]
2026-04-12 16:49:37,079 [INFO] RtosManager:967 - Current active RTOS is FREERTOS [Cortex-M4NS]
2026-04-12 16:49:38,039 [WARN] FreeRTOS:563 - Case being investigated as it may cause exception (when called to early by set config state
2026-04-12 16:49:38,373 [ERROR] RtosPanel:558 - Can not restore the selected Tab for FREERTOS(A reason can be that the tab is no more available.)
2026-04-12 16:49:38,483 [ERROR] RtosPanel:558 - Can not restore the selected Tab for FREERTOS(A reason can be that the tab is no more available.)
2026-04-12 16:49:46,993 [INFO] UtilMem:75 - End SaveConfig() Used Memory: 940649536 Bytes (1073741824)
2026-04-12 16:49:49,082 [INFO] UtilMem:75 - End SaveConfig() Used Memory: 987313216 Bytes (1073741824)
2026-04-12 16:49:50,084 [INFO] UtilMem:75 - End SaveConfig() Used Memory: 732091216 Bytes (1073741824)
2026-04-12 16:50:29,217 [INFO] MainUpdater:2872 - connection check result : 10
2026-04-12 16:50:29,320 [INFO] McuFinderGlobals:76 - Set McuFinderConnectedMode to true
2026-04-12 16:50:29,322 [INFO] MultiScanPanel:200 - Auto-refresh data requested => check proxy status ongoing
2026-04-12 16:50:29,322 [INFO] FinderPluginLoader:95 - Searching for filters in installed packs
2026-04-12 16:50:31,258 [INFO] LoadUrlFilesThread:185 - End of LoadServerUrlFiles without Thread
2026-04-12 16:50:31,258 [INFO] DetailPanel:341 - Set advertising image to C:/Users/blew2/STM32Cube/Repository/\en.prom-stm32u3b5-u3c5-0426.jpg
2026-04-12 16:50:38,534 [INFO] MainUpdater:2872 - connection check result : 10
2026-04-12 16:50:38,742 [INFO] McuFinderGlobals:76 - Set McuFinderConnectedMode to true
2026-04-12 16:50:38,744 [INFO] MultiScanPanel:200 - Auto-refresh data requested => check proxy status ongoing
2026-04-12 16:50:38,745 [INFO] FinderPluginLoader:95 - Searching for filters in installed packs
2026-04-12 16:50:39,595 [INFO] LoadUrlFilesThread:185 - End of LoadServerUrlFiles without Thread
2026-04-12 16:50:39,595 [INFO] DetailPanel:341 - Set advertising image to C:/Users/blew2/STM32Cube/Repository/\en.prom-stm32u3b5-u3c5-0426.jpg
2026-04-12 16:50:41,655 [INFO] MultiScanPanel:200 - Auto-refresh data requested => check proxy status ongoing
2026-04-12 16:50:41,713 [INFO] LoadUrlFilesThread:185 - End of LoadServerUrlFiles without Thread
2026-04-12 16:50:41,714 [INFO] DetailPanel:341 - Set advertising image to C:/Users/blew2/STM32Cube/Repository/\en.prom-stm32u3b5-u3c5-0426.jpg
2026-04-12 16:50:48,505 [INFO] ApiDb:581 - Connected to CubeFinder SQLite database (C:\Users\blew2\.stmcufinder\plugins\mcufinder\mcu\cube-finder-db.db)
2026-04-12 16:50:55,190 [INFO] MainUpdater:2872 - connection check result : 10
2026-04-12 16:50:55,190 [INFO] MainUpdater:2872 - connection check result : 10
2026-04-12 16:50:55,249 [INFO] MicroXplorer:468 - Change Database Path : 
2026-04-12 16:50:55,249 [INFO] MicroXplorer:498 - Change Database Version : DB.6.0.140
2026-04-12 16:50:55,270 [ERROR] ProjectManagerView:394 - 
java.lang.NullPointerException: Cannot invoke "javax.swing.JTextField.getText()" because the return value of "java.util.List.get(int)" is null
	at com.st.microxplorer.plugins.projectmanager.gui.ProjectChoiceTab$9.caretUpdate(ProjectChoiceTab.java:2678) ~[filemanager.jar:?]
	at javax.swing.text.JTextComponent.fireCaretUpdate(JTextComponent.java:408) ~[?:?]
	at javax.swing.text.JTextComponent$MutableCaretEvent.fire(JTextComponent.java:4484) ~[?:?]
	at javax.swing.text.JTextComponent$MutableCaretEvent.stateChanged(JTextComponent.java:4506) ~[?:?]
	at javax.swing.text.DefaultCaret.fireStateChanged(DefaultCaret.java:857) ~[?:?]
	at javax.swing.text.DefaultCaret.changeCaretPosition(DefaultCaret.java:1343) ~[?:?]
	at javax.swing.text.DefaultCaret.handleSetDot(DefaultCaret.java:1242) ~[?:?]
	at javax.swing.text.DefaultCaret.setDot(DefaultCaret.java:1223) ~[?:?]
	at javax.swing.text.DefaultCaret$Handler.insertUpdate(DefaultCaret.java:1819) ~[?:?]
	at javax.swing.text.AbstractDocument.fireInsertUpdate(AbstractDocument.java:227) ~[?:?]
	at javax.swing.text.AbstractDocument.handleInsertString(AbstractDocument.java:781) ~[?:?]
	at javax.swing.text.AbstractDocument.insertString(AbstractDocument.java:740) ~[?:?]
	at javax.swing.text.PlainDocument.insertString(PlainDocument.java:131) ~[?:?]
	at javax.swing.text.AbstractDocument.replace(AbstractDocument.java:699) ~[?:?]
	at javax.swing.text.JTextComponent.setText(JTextComponent.java:1725) ~[?:?]
	at com.st.microxplorer.plugins.projectmanager.gui.ProjectChoiceTab.createHeapStackFields(ProjectChoiceTab.java:979) ~[filemanager.jar:?]
	at com.st.microxplorer.plugins.projectmanager.gui.ProjectChoiceTab.buildLinkSettingsPanel(ProjectChoiceTab.java:3766) ~[filemanager.jar:?]
	at com.st.microxplorer.plugins.projectmanager.gui.ProjectChoiceTab.defineWindowsFields(ProjectChoiceTab.java:1962) ~[filemanager.jar:?]
	at com.st.microxplorer.plugins.projectmanager.gui.ProjectChoiceTab.updateSettings(ProjectChoiceTab.java:555) ~[filemanager.jar:?]
	at com.st.microxplorer.plugins.projectmanager.gui.ProjectSettingsPanel.UpdateDialog(ProjectSettingsPanel.java:245) ~[filemanager.jar:?]
	at com.st.microxplorer.plugins.projectmanager.ProjectManagerView.propertyChange(ProjectManagerView.java:391) ~[filemanager.jar:?]
	at java.beans.PropertyChangeSupport.fire(PropertyChangeSupport.java:343) ~[?:?]
	at java.beans.PropertyChangeSupport.firePropertyChange(PropertyChangeSupport.java:335) ~[?:?]
	at java.beans.PropertyChangeSupport.firePropertyChange(PropertyChangeSupport.java:268) ~[?:?]
	at com.st.microxplorer.util.MXPropertyChangeSupport.firePropertyChange(MXPropertyChangeSupport.java:54) ~[STM32CubeMX.jar:?]
	at com.st.microxplorer.mxsystem.MxSystem.closeConfig(MxSystem.java:899) ~[STM32CubeMX.jar:?]
	at com.st.microxplorer.maingui.MainPanel.closeConfig(MainPanel.java:789) ~[STM32CubeMX.jar:?]
	at com.st.microxplorer.plugins.filemanager.engine.OpenFileManager.loadConfigurationFile(OpenFileManager.java:287) ~[filemanager.jar:?]
	at com.st.microxplorer.plugins.filemanager.engine.MainFileManager.userLoadConfig(MainFileManager.java:341) ~[filemanager.jar:?]
	at com.st.microxplorer.plugins.filemanager.FileManagerView.getSpecificTask(FileManagerView.java:250) ~[filemanager.jar:?]
	at com.st.stm32cube.common.mx.editor.CubeMxEditor.getMxTabbedPaneInstance(CubeMxEditor.java:1191) ~[com.st.stm32cube.common.mx_6.14.0.202502271554/:?]
	at com.st.stm32cube.common.mx.editor.CubeMxEditor$12$1.createSwingComponent(CubeMxEditor.java:1068) ~[com.st.stm32cube.common.mx_6.14.0.202502271554/:?]
	at com.st.stm32cube.common.mx.oss.core.awtswtbridge.EmbeddedSwingComposite.doComponentCreation(EmbeddedSwingComposite.java:492) ~[com.st.stm32cube.common.mx.oss_6.14.0.202502271554/:?]
	at com.st.stm32cube.common.mx.oss.core.awtswtbridge.EmbeddedSwingComposite$4.run(EmbeddedSwingComposite.java:291) ~[com.st.stm32cube.common.mx.oss_6.14.0.202502271554/:?]
	at com.st.stm32cube.common.mx.oss.core.awtswtbridge.AwtEnvironment$2.run(AwtEnvironment.java:166) ~[com.st.stm32cube.common.mx.oss_6.14.0.202502271554/:?]
	at java.awt.event.InvocationEvent.dispatch(InvocationEvent.java:318) ~[?:?]
	at java.awt.EventQueue.dispatchEventImpl(EventQueue.java:773) ~[?:?]
	at java.awt.EventQueue$4.run(EventQueue.java:720) ~[?:?]
	at java.awt.EventQueue$4.run(EventQueue.java:714) ~[?:?]
	at java.security.AccessController.doPrivileged(AccessController.java:400) ~[?:?]
	at java.security.ProtectionDomain$JavaSecurityAccessImpl.doIntersectionPrivilege(ProtectionDomain.java:87) ~[?:?]
	at java.awt.EventQueue.dispatchEvent(EventQueue.java:742) ~[?:?]
	at java.awt.EventDispatchThread.pumpOneEventForFilters(EventDispatchThread.java:203) ~[?:?]
	at java.awt.EventDispatchThread.pumpEventsForFilter(EventDispatchThread.java:124) ~[?:?]
	at java.awt.EventDispatchThread.pumpEventsForHierarchy(EventDispatchThread.java:113) ~[?:?]
	at java.awt.EventDispatchThread.pumpEvents(EventDispatchThread.java:109) ~[?:?]
	at java.awt.EventDispatchThread.pumpEvents(EventDispatchThread.java:101) ~[?:?]
	at java.awt.EventDispatchThread.run(EventDispatchThread.java:90) ~[?:?]
2026-04-12 16:50:55,283 [WARN] ThirdParty:871 - waiting for thirdparty lock release [close project]
2026-04-12 16:50:55,283 [INFO] ThirdParty:873 - entering critical section [close project]
2026-04-12 16:50:55,283 [INFO] ThirdParty:883 - exiting critical section [close project]
2026-04-12 16:50:55,285 [INFO] PinOutPanel:1589 - setPackage(No Configuration,No Configuration)
2026-04-12 16:50:55,302 [INFO] UtilMem:75 - Begin LoadConfig() Used Memory: 956381080 Bytes (1073741824)
2026-04-12 16:50:55,304 [INFO] OpenFileManager:354 - Change cursor
2026-04-12 16:50:55,349 [INFO] RulesReader:64 - Compatibility file has been processed (301 Rules)
2026-04-12 16:50:55,366 [INFO] ProjectFactory:442 - No CPN specified for board NUCLEO-L4A6ZG => set CPN to STM32L4A6ZGT6
2026-04-12 16:50:55,367 [INFO] Mcu:2011 - Initializing MCU STM32L4A6ZGTx STM32L4A6ZGTx STM32L4A6ZGT6
2026-04-12 16:50:57,961 [INFO] Context:756 - Trying to add GPIOservice into a context  which must be forbidden
2026-04-12 16:50:58,855 [INFO] Rule:224 - rule 117617 - U5Cobra4M][GTZC] default value MPCBB3 and MPCBB5 - Not Secured memory - MPCBB1 is applicable
2026-04-12 16:50:58,855 [INFO] Rule:224 - rule 117617 - U5Cobra4M][GTZC] default value MPCBB3 and MPCBB5 - Not Secured memory - MPCBB1 is applicable
2026-04-12 16:50:58,855 [INFO] Rule:224 - rule 117617 - U5Cobra4M][GTZC] default value MPCBB3 and MPCBB5 - Not Secured memory - MPCBB2 is applicable
2026-04-12 16:50:58,855 [INFO] Rule:224 - rule 117617 - U5Cobra4M][GTZC] default value MPCBB3 and MPCBB5 - Not Secured memory - MPCBB2 is applicable
2026-04-12 16:50:58,855 [INFO] Rule:224 - rule 117617 - U5Cobra4M][GTZC] default value MPCBB3 and MPCBB5 - Not Secured memory - MPCBB3 is applicable
2026-04-12 16:50:58,855 [INFO] Rule:224 - rule 117617 - U5Cobra4M][GTZC] default value MPCBB3 and MPCBB5 - Not Secured memory - MPCBB3 is applicable
2026-04-12 16:50:58,855 [INFO] Rule:224 - rule 117617 - U5Cobra4M][GTZC] default value MPCBB3 and MPCBB5 - Not Secured memory - MPCBB4 is applicable
2026-04-12 16:50:58,855 [INFO] Rule:224 - rule 117617 - U5Cobra4M][GTZC] default value MPCBB3 and MPCBB5 - Not Secured memory - MPCBB4 is applicable
2026-04-12 16:50:58,855 [INFO] Rule:224 - rule 117617 - U5Cobra4M][GTZC] default value MPCBB3 and MPCBB5 - Secured memory - MPCBB1 is applicable
2026-04-12 16:50:58,855 [INFO] Rule:224 - rule 117617 - U5Cobra4M][GTZC] default value MPCBB3 and MPCBB5 - Secured memory - MPCBB2 is applicable
2026-04-12 16:50:58,855 [INFO] Rule:224 - rule 117617 - U5Cobra4M][GTZC] default value MPCBB3 and MPCBB5 - Secured memory - MPCBB3 is applicable
2026-04-12 16:50:58,855 [INFO] Rule:224 - rule 117617 - U5Cobra4M][GTZC] default value MPCBB3 and MPCBB5 - Secured memory - MPCBB4 is applicable
2026-04-12 16:50:58,856 [INFO] Rule:224 - rule 117617 - U5Cobra4M][GTZC] default value MPCBB3 and MPCBB5 - Privileged memory - MPCBB1 is applicable
2026-04-12 16:50:58,856 [INFO] Rule:224 - rule 117617 - U5Cobra4M][GTZC] default value MPCBB3 and MPCBB5 - Privileged memory - MPCBB2 is applicable
2026-04-12 16:50:58,856 [INFO] Rule:224 - rule 117617 - U5Cobra4M][GTZC] default value MPCBB3 and MPCBB5 - Privileged memory - MPCBB3 is applicable
2026-04-12 16:50:58,856 [INFO] Rule:224 - rule 117617 - U5Cobra4M][GTZC] default value MPCBB3 and MPCBB5 - Privileged memory - MPCBB4 is applicable
2026-04-12 16:50:58,856 [INFO] Rule:224 - rule 117617 - U5Cobra4M][GTZC] default value MPCBB3 and MPCBB5 - Not Privileged memory - MPCBB1 is applicable
2026-04-12 16:50:58,856 [INFO] Rule:224 - rule 117617 - U5Cobra4M][GTZC] default value MPCBB3 and MPCBB5 - Not Privileged memory - MPCBB2 is applicable
2026-04-12 16:50:58,856 [INFO] Rule:224 - rule 117617 - U5Cobra4M][GTZC] default value MPCBB3 and MPCBB5 - Not Privileged memory - MPCBB3 is applicable
2026-04-12 16:50:58,856 [INFO] Rule:224 - rule 117617 - U5Cobra4M][GTZC] default value MPCBB3 and MPCBB5 - Not Privileged memory - MPCBB4 is applicable
2026-04-12 16:50:58,856 [INFO] Rule:224 - rule 117617 - U5Cobra4M][GTZC] default value MPCBB3 and MPCBB5 - Privileged memory - MPCBB1 is applicable
2026-04-12 16:50:58,856 [INFO] Rule:224 - rule 117617 - U5Cobra4M][GTZC] default value MPCBB3 and MPCBB5 - Privileged memory - MPCBB2 is applicable
2026-04-12 16:50:58,856 [INFO] Rule:224 - rule 117617 - U5Cobra4M][GTZC] default value MPCBB3 and MPCBB5 - Privileged memory - MPCBB3 is applicable
2026-04-12 16:50:58,856 [INFO] Rule:224 - rule 117617 - U5Cobra4M][GTZC] default value MPCBB3 and MPCBB5 - Privileged memory - MPCBB4 is applicable
2026-04-12 16:50:58,856 [INFO] Rule:224 - rule 117617 - U5Cobra4M][GTZC] default value MPCBB3 and MPCBB5 - Privileged memory - MPCBB1 is applicable
2026-04-12 16:50:58,856 [INFO] Rule:224 - rule 117617 - U5Cobra4M][GTZC] default value MPCBB3 and MPCBB5 - Privileged memory - MPCBB2 is applicable
2026-04-12 16:50:58,856 [INFO] Rule:224 - rule 117617 - U5Cobra4M][GTZC] default value MPCBB3 and MPCBB5 - Privileged memory - MPCBB3 is applicable
2026-04-12 16:50:58,856 [INFO] Rule:224 - rule 117617 - U5Cobra4M][GTZC] default value MPCBB3 and MPCBB5 - Privileged memory - MPCBB4 is applicable
2026-04-12 16:50:58,856 [INFO] Rule:224 - rule 117617 - U5Cobra4M][GTZC] default value MPCBB3 and MPCBB5 - Not Privileged memory - MPCBB1 is applicable
2026-04-12 16:50:58,856 [INFO] Rule:224 - rule 117617 - U5Cobra4M][GTZC] default value MPCBB3 and MPCBB5 - Not Privileged memory - MPCBB2 is applicable
2026-04-12 16:50:58,856 [INFO] Rule:224 - rule 117617 - U5Cobra4M][GTZC] default value MPCBB3 and MPCBB5 - Not Privileged memory - MPCBB3 is applicable
2026-04-12 16:50:58,856 [INFO] Rule:224 - rule 117617 - U5Cobra4M][GTZC] default value MPCBB3 and MPCBB5 - Not Privileged memory - MPCBB4 is applicable
2026-04-12 16:50:58,856 [INFO] Rule:224 - rule 117617 - U5Cobra4M][GTZC] default value MPCBB3 and MPCBB5 - Privileged memory - MPCBB1 is applicable
2026-04-12 16:50:58,856 [INFO] Rule:224 - rule 117617 - U5Cobra4M][GTZC] default value MPCBB3 and MPCBB5 - Privileged memory - MPCBB2 is applicable
2026-04-12 16:50:58,856 [INFO] Rule:224 - rule 117617 - U5Cobra4M][GTZC] default value MPCBB3 and MPCBB5 - Privileged memory - MPCBB3 is applicable
2026-04-12 16:50:58,858 [INFO] Rule:224 - rule 117617 - U5Cobra4M][GTZC] default value MPCBB3 and MPCBB5 - Privileged memory - MPCBB4 is applicable
2026-04-12 16:50:58,858 [INFO] Rule:224 - rule Rename SubGHz_Phy SUBGHZ_APPLICATION SUBGHZ_PINGPONG to SUBGHZ_ADV_APPLICATION is applicable
2026-04-12 16:50:58,858 [INFO] Rule:224 - rule GTZC_S instance for project manager is applicable
2026-04-12 16:50:58,858 [INFO] Rule:224 - rule GTZC_S instance for context M33S is applicable
2026-04-12 16:50:58,858 [INFO] Rule:224 - rule GTZC_S instance value for IP GTZC is applicable
2026-04-12 16:50:58,858 [INFO] Rule:224 - rule GTZC_S instance for mcu.IP is applicable
2026-04-12 16:50:58,858 [INFO] Rule:224 - rule GTZC_S instance for VP is applicable
2026-04-12 16:50:58,858 [INFO] Rule:224 - rule GTZC_S instance for signal is applicable
2026-04-12 16:50:58,858 [INFO] Rule:224 - rule GTZC_S instance for VP is applicable
2026-04-12 16:50:58,858 [INFO] Rule:224 - rule GTZC_S instance for signal is applicable
2026-04-12 16:50:58,858 [INFO] Rule:224 - rule GTZC_S instance for mcu is applicable
2026-04-12 16:50:58,858 [INFO] Rule:224 - rule GTZC_S instance for mcu.Pin is applicable
2026-04-12 16:50:58,858 [INFO] Rule:224 - rule GTZC_S instance value for IP GTZC is applicable
2026-04-12 16:50:58,858 [INFO] Rule:224 - rule GTZC_S instance for project manager is applicable
2026-04-12 16:50:58,858 [INFO] Rule:224 - rule GTZC_S instance for context M33S is applicable
2026-04-12 16:50:58,858 [INFO] Rule:224 - rule GTZC_S instance for VP is applicable
2026-04-12 16:50:58,858 [INFO] Rule:224 - rule GTZC_S instance for signal is applicable
2026-04-12 16:50:58,859 [INFO] Rule:224 - rule WakeUp0 Mode is applicable
2026-04-12 16:50:58,859 [INFO] Rule:224 - rule WakeUp0 SIGNAL is applicable
2026-04-12 16:50:58,859 [INFO] Rule:224 - rule WakeUp1 Mode is applicable
2026-04-12 16:50:58,859 [INFO] Rule:224 - rule WakeUp1 SIGNAL is applicable
2026-04-12 16:50:58,859 [INFO] Rule:224 - rule WakeUp2 Mode is applicable
2026-04-12 16:50:58,859 [INFO] Rule:224 - rule WakeUp2 SIGNAL is applicable
2026-04-12 16:50:58,859 [INFO] Rule:224 - rule WakeUp4 Mode is applicable
2026-04-12 16:50:58,859 [INFO] Rule:224 - rule WakeUp4 SIGNAL is applicable
2026-04-12 16:50:58,859 [INFO] Rule:224 - rule WakeUp5 Mode is applicable
2026-04-12 16:50:58,859 [INFO] Rule:224 - rule WakeUp5 SIGNAL is applicable
2026-04-12 16:50:58,859 [INFO] Rule:224 - rule Change Default Value for LSE Drive Capability for WB family is applicable
2026-04-12 16:50:58,859 [INFO] Rule:224 - rule Change Default Value for ADC Clock Prescaler G0 family is applicable
2026-04-12 16:50:58,859 [INFO] Rule:224 - rule Change GPIO_Pu Default Value for I2C is applicable
2026-04-12 16:50:58,860 [INFO] Rule:224 - rule Change GPIO_Pu Default Value for SMBus is applicable
2026-04-12 16:50:58,860 [INFO] Rule:224 - rule change FDCAN default value is applicable
2026-04-12 16:50:58,860 [INFO] Rule:224 - rule Adapt Old IOC before rework replace old CORTEX_M33/CORTEX_M55 attributes by the new one. is applicable
2026-04-12 16:50:58,860 [INFO] Rule:224 - rule Rename parametre of RCC RCC_APBDBG_DIV2 to RCC_TIMPRES_DIV2 is applicable
2026-04-12 16:50:58,860 [INFO] Rule:224 - rule Rename DIE493 pin PA10 [PA12] -> PA10 is applicable
2026-04-12 16:50:58,860 [INFO] Rule:224 - rule Rename DIE493 pin PA9 [PA11] -> PA9 is applicable
2026-04-12 16:50:58,862 [INFO] DbConfProperties:307 - Apply Compatibility (3/71 Rules)
2026-04-12 16:50:58,875 [INFO] ImportTextPane:218 - (OptionalMessage_ERROR) Pin19 (VP_RIF_VS_RIF1) cannot be retrieved for this MCU
2026-04-12 16:50:58,924 [INFO] RtosManager:558 - Registered RTOS mode: class=CMSIS, group=RTOS, mode=CMSIS_V1, owner=FREERTOS
2026-04-12 16:50:58,924 [INFO] RtosManager:558 - Registered RTOS mode: class=CMSIS, group=RTOS2, mode=CMSIS_V2, owner=FREERTOS
2026-04-12 16:50:58,924 [INFO] RtosManager:558 - Registered RTOS mode: class=RTOS, group=Core, mode=CMSIS_V1, owner=FREERTOS
2026-04-12 16:50:58,924 [INFO] RtosManager:558 - Registered RTOS mode: class=RTOS, group=Core, mode=CMSIS_V2, owner=FREERTOS
2026-04-12 16:50:58,924 [WARN] ModelIntegratedComponent:184 - Missing modes for component STMicroelectronics:FreeRTOS:0.0.1:STMicroelectronics:RTOS:FreeRTOS:Core:::10.2.0:
2026-04-12 16:50:58,939 [WARN] ModelIntegratedComponent:63 - No mode defined for component null
2026-04-12 16:50:58,939 [WARN] ModelIntegratedComponent:63 - No mode defined for component null
2026-04-12 16:50:58,940 [WARN] ModelIntegratedComponent:63 - No mode defined for component null
2026-04-12 16:50:58,940 [WARN] ModelIntegratedComponent:63 - No mode defined for component null
2026-04-12 16:50:58,940 [WARN] ModelIntegratedComponent:63 - No mode defined for component null
2026-04-12 16:50:58,940 [WARN] ModelIntegratedComponent:63 - No mode defined for component null
2026-04-12 16:50:58,940 [WARN] ModelIntegratedComponent:63 - No mode defined for component null
2026-04-12 16:50:58,940 [WARN] ModelIntegratedComponent:63 - No mode defined for component null
2026-04-12 16:50:58,940 [WARN] ModelIntegratedComponent:63 - No mode defined for component null
2026-04-12 16:50:58,940 [WARN] ModelIntegratedComponent:63 - No mode defined for component null
2026-04-12 16:50:58,940 [WARN] ModelIntegratedComponent:63 - No mode defined for component null
2026-04-12 16:50:58,940 [WARN] ModelIntegratedComponent:63 - No mode defined for component null
2026-04-12 16:50:58,940 [WARN] ModelIntegratedComponent:63 - No mode defined for component null
2026-04-12 16:50:58,940 [WARN] ModelIntegratedComponent:63 - No mode defined for component null
2026-04-12 16:50:58,940 [WARN] ModelIntegratedComponent:63 - No mode defined for component null
2026-04-12 16:50:58,940 [WARN] ModelIntegratedComponent:63 - No mode defined for component null
2026-04-12 16:50:58,940 [WARN] ModelIntegratedComponent:63 - No mode defined for component null
2026-04-12 16:50:58,940 [WARN] ModelIntegratedComponent:63 - No mode defined for component null
2026-04-12 16:50:58,940 [WARN] ModelIntegratedComponent:63 - No mode defined for component null
2026-04-12 16:50:58,940 [WARN] ModelIntegratedComponent:63 - No mode defined for component null
2026-04-12 16:50:58,940 [WARN] ModelIntegratedComponent:63 - No mode defined for component null
2026-04-12 16:50:58,940 [WARN] ModelIntegratedComponent:63 - No mode defined for component null
2026-04-12 16:50:58,941 [WARN] ModelIntegratedComponent:63 - No mode defined for component null
2026-04-12 16:50:58,941 [WARN] ModelIntegratedComponent:63 - No mode defined for component null
2026-04-12 16:50:58,941 [WARN] ModelIntegratedComponent:63 - No mode defined for component null
2026-04-12 16:50:58,941 [WARN] ModelIntegratedComponent:63 - No mode defined for component null
2026-04-12 16:50:58,941 [WARN] ModelIntegratedComponent:63 - No mode defined for component null
2026-04-12 16:50:58,941 [WARN] ModelIntegratedComponent:63 - No mode defined for component null
2026-04-12 16:50:58,941 [WARN] ModelIntegratedComponent:63 - No mode defined for component null
2026-04-12 16:50:58,941 [WARN] ModelIntegratedComponent:63 - No mode defined for component null
2026-04-12 16:50:58,941 [WARN] ModelIntegratedComponent:63 - No mode defined for component null
2026-04-12 16:50:58,941 [WARN] ModelIntegratedComponent:63 - No mode defined for component null
2026-04-12 16:50:58,941 [WARN] ModelIntegratedComponent:63 - No mode defined for component null
2026-04-12 16:50:58,941 [WARN] ModelIntegratedComponent:63 - No mode defined for component null
2026-04-12 16:50:58,941 [WARN] ModelIntegratedComponent:63 - No mode defined for component null
2026-04-12 16:50:58,941 [WARN] ModelPack:524 - Component already loaded: STMicroelectronics:HAL Drivers:0.0.0:STMicroelectronics:Device:STMicro_Driver:XSPI:HAL::0.0.1:HAL_XSPI
2026-04-12 16:50:59,386 [INFO] ThirdPartyModel:298 - Start build external matchings
2026-04-12 16:51:01,869 [INFO] ThirdPartyModel:316 - End build external matchings
2026-04-12 16:51:01,969 [INFO] ImportTextPane:218 - (OptionalMessage_ERROR) IP (RCC) : Invalid parameter (FamilyName)
2026-04-12 16:51:02,409 [INFO] UtilMem:75 - End LoadConfig() Used Memory: 939063120 Bytes (1073741824)
2026-04-12 16:51:02,454 [WARN] ThirdParty:833 - waiting for thirdparty lock release [change project]
2026-04-12 16:51:02,454 [INFO] ThirdParty:835 - entering critical section [change project]
2026-04-12 16:51:02,454 [INFO] ThirdParty:1030 - CMSIS Pack Vendor :STMicroelectronics X-CUBE-AZRTOS-H7 3.5.0
2026-04-12 16:51:02,454 [INFO] ThirdParty:1030 - CMSIS Pack Vendor :STMicroelectronics X-CUBE-PM33A1 1.0.0
2026-04-12 16:51:02,454 [INFO] ThirdParty:1030 - CMSIS Pack Vendor :STMicroelectronics USBPD 4.1
2026-04-12 16:51:02,454 [INFO] ThirdParty:1030 - CMSIS Pack Vendor :STMicroelectronics USB_HOST 2.0.0
2026-04-12 16:51:02,454 [INFO] ThirdParty:1030 - CMSIS Pack Vendor :STMicroelectronics FP-SNS-MOTENVWB1 1.4.0
2026-04-12 16:51:02,454 [INFO] ThirdParty:1030 - CMSIS Pack Vendor :STMicroelectronics X-CUBE-AZRTOS-F4 1.1.0
2026-04-12 16:51:02,454 [INFO] ThirdParty:1030 - CMSIS Pack Vendor :STMicroelectronics LIBJPEG 8.0.0
2026-04-12 16:51:02,454 [INFO] ThirdParty:1030 - CMSIS Pack Vendor :STMicroelectronics FP-ATR-ASTRA1 2.0.2
2026-04-12 16:51:02,454 [INFO] ThirdParty:1030 - CMSIS Pack Vendor :STMicroelectronics FP-ATR-ASTRA1 2.0.1
2026-04-12 16:51:02,454 [INFO] ThirdParty:1030 - CMSIS Pack Vendor :Avnet-IotConnect X-CUBE-IoTC-DA16k-PMOD 1.0.0
2026-04-12 16:51:02,454 [INFO] ThirdParty:1030 - CMSIS Pack Vendor :STMicroelectronics X-CUBE-SMBUS 2.1.0
2026-04-12 16:51:02,454 [INFO] ThirdParty:1030 - CMSIS Pack Vendor :STMicroelectronics X-CUBE-WB05N 1.1.0
2026-04-12 16:51:02,454 [INFO] ThirdParty:1030 - CMSIS Pack Vendor :STMicroelectronics X-CUBE-ISPU 2.1.0
2026-04-12 16:51:02,454 [INFO] ThirdParty:1030 - CMSIS Pack Vendor :STMicroelectronics eDS-WB_DPC_TT-BIDIR 2.1.1
2026-04-12 16:51:02,454 [INFO] ThirdParty:1030 - CMSIS Pack Vendor :STMicroelectronics X-CUBE-NFC12 1.0.0
2026-04-12 16:51:02,456 [INFO] ThirdParty:1030 - CMSIS Pack Vendor :STMicroelectronics X-CUBE-AZRTOS-F7 1.1.0
2026-04-12 16:51:02,456 [INFO] ThirdParty:1030 - CMSIS Pack Vendor :STMicroelectronics X-CUBE-AZRTOS-L5 2.0.0
2026-04-12 16:51:02,456 [INFO] ThirdParty:1030 - CMSIS Pack Vendor :STMicroelectronics USB_DEVICE 2.0.0
2026-04-12 16:51:02,456 [INFO] ThirdParty:1030 - CMSIS Pack Vendor :STMicroelectronics X-CUBE-NFC6 3.1.0
2026-04-12 16:51:02,456 [INFO] ThirdParty:1030 - CMSIS Pack Vendor :STMicroelectronics FreeRTOS 0.0.1
2026-04-12 16:51:02,456 [INFO] ThirdParty:1030 - CMSIS Pack Vendor :STMicroelectronics X-CUBE-DPower 1.2.0
2026-04-12 16:51:02,456 [INFO] ThirdParty:1030 - CMSIS Pack Vendor :STMicroelectronics eDS-WB_DPC_VIENNA 1.2.0
2026-04-12 16:51:02,456 [INFO] ThirdParty:1030 - CMSIS Pack Vendor :STMicroelectronics FP-SNS-FLIGHT1 5.0.2
2026-04-12 16:51:02,456 [INFO] ThirdParty:1030 - CMSIS Pack Vendor :STMicroelectronics eDS-WB_DPC_3PH2L-BIDIR 1.1.1
2026-04-12 16:51:02,456 [INFO] ThirdParty:1030 - CMSIS Pack Vendor :Infineon AIROC-Wi-Fi-Bluetooth-STM32 1.7.0
2026-04-12 16:51:02,456 [INFO] ThirdParty:1030 - CMSIS Pack Vendor :STMicroelectronics PDM2PCM 3.3.0
2026-04-12 16:51:02,456 [INFO] ThirdParty:1030 - CMSIS Pack Vendor :STMicroelectronics X-CUBE-AZRTOS-H7 3.4.0
2026-04-12 16:51:02,456 [INFO] ThirdParty:1030 - CMSIS Pack Vendor :STMicroelectronics X-CUBE-DISPLAY 3.0.0
2026-04-12 16:51:02,456 [INFO] ThirdParty:1030 - CMSIS Pack Vendor :STMicroelectronics X-CUBE-BLE1 7.0.0
2026-04-12 16:51:02,456 [INFO] ThirdParty:1030 - CMSIS Pack Vendor :STMicroelectronics X-CUBE-NFC10 1.0.0
2026-04-12 16:51:02,456 [INFO] ThirdParty:1030 - CMSIS Pack Vendor :STMicroelectronics X-CUBE-BLEMGR 4.0.0
2026-04-12 16:51:02,456 [INFO] ThirdParty:1030 - CMSIS Pack Vendor :STMicroelectronics X-CUBE-FREERTOS 1.3.1
2026-04-12 16:51:02,456 [INFO] ThirdParty:1030 - CMSIS Pack Vendor :STMicroelectronics HAL Drivers 0.0.0
2026-04-12 16:51:02,456 [INFO] ThirdParty:1030 - CMSIS Pack Vendor :STMicroelectronics X-CUBE-ST60 1.1.0
2026-04-12 16:51:02,456 [INFO] ThirdParty:1030 - CMSIS Pack Vendor :emotas I-CUBE-CANOPEN 1.3.0
2026-04-12 16:51:02,457 [INFO] ThirdParty:1030 - CMSIS Pack Vendor :STMicroelectronics X-CUBE-FREERTOS 1.3.0
2026-04-12 16:51:02,457 [INFO] ThirdParty:1030 - CMSIS Pack Vendor :STMicroelectronics X-CUBE-NFC7 1.0.1
2026-04-12 16:51:02,457 [INFO] ThirdParty:1030 - CMSIS Pack Vendor :STMicroelectronics MBEDTLS 2.14.1
2026-04-12 16:51:02,457 [INFO] ThirdParty:1030 - CMSIS Pack Vendor :STMicroelectronics X-CUBE-GNSS1 7.1.0
2026-04-12 16:51:02,457 [INFO] ThirdParty:1030 - CMSIS Pack Vendor :STMicroelectronics X-CUBE-TOUCHGFX 4.26.0
2026-04-12 16:51:02,457 [INFO] ThirdParty:1030 - CMSIS Pack Vendor :STMicroelectronics X-CUBE-TOUCHGFX 4.26.1
2026-04-12 16:51:02,457 [INFO] ThirdParty:1030 - CMSIS Pack Vendor :quantropi X-CUBE-qispace-sdk-base 2.0.0
2026-04-12 16:51:02,457 [INFO] ThirdParty:1030 - CMSIS Pack Vendor :STMicroelectronics X-CUBE-AI 10.0.0
2026-04-12 16:51:02,457 [INFO] ThirdParty:1030 - CMSIS Pack Vendor :STMicroelectronics FP-SNS-STAIOTCFT 1.0.0
2026-04-12 16:51:02,457 [INFO] ThirdParty:1030 - CMSIS Pack Vendor :STMicroelectronics FP-SNS-SMARTAG2 1.2.0
2026-04-12 16:51:02,457 [INFO] ThirdParty:1030 - CMSIS Pack Vendor :STMicroelectronics FP-SNS-FLIGHT1 5.1.0
2026-04-12 16:51:02,457 [INFO] ThirdParty:1030 - CMSIS Pack Vendor :STMicroelectronics X-CUBE-MEMS1 11.1.0
2026-04-12 16:51:02,457 [INFO] ThirdParty:1030 - CMSIS Pack Vendor :STMicroelectronics X-CUBE-AZRTOS-WL 2.0.0
2026-04-12 16:51:02,457 [INFO] ThirdParty:1030 - CMSIS Pack Vendor :STMicroelectronics X-CUBE-DPower 1.3.0
2026-04-12 16:51:02,457 [INFO] ThirdParty:1030 - CMSIS Pack Vendor :STMicroelectronics FP-SNS-MOTENV1 5.0.0
2026-04-12 16:51:02,457 [INFO] ThirdParty:1030 - CMSIS Pack Vendor :STMicroelectronics USB_DEVICE 1.0.0
2026-04-12 16:51:02,457 [INFO] ThirdParty:1030 - CMSIS Pack Vendor :STMicroelectronics X-CUBE-AZRTOS-H7RS 1.2.0
2026-04-12 16:51:02,457 [INFO] ThirdParty:1030 - CMSIS Pack Vendor :wolfSSL I-CUBE-wolfMQTT 1.19.0
2026-04-12 16:51:02,457 [INFO] ThirdParty:1030 - CMSIS Pack Vendor :STMicroelectronics X-CUBE-AZRTOS-L4 2.0.0
2026-04-12 16:51:02,457 [INFO] ThirdParty:1030 - CMSIS Pack Vendor :STMicroelectronics ThreadX 0.0.2
2026-04-12 16:51:02,457 [INFO] ThirdParty:1030 - CMSIS Pack Vendor :WES I-CUBE-Cesium 1.3.0
2026-04-12 16:51:02,458 [INFO] ThirdParty:1030 - CMSIS Pack Vendor :STMicroelectronics lwIP 2.1.2
2026-04-12 16:51:02,458 [INFO] ThirdParty:1030 - CMSIS Pack Vendor :STMicroelectronics X-CUBE-SFXS2LP1 4.0.0
2026-04-12 16:51:02,458 [INFO] ThirdParty:1030 - CMSIS Pack Vendor :STMicroelectronics X-CUBE-BLE2 3.3.0
2026-04-12 16:51:02,458 [INFO] ThirdParty:1030 - CMSIS Pack Vendor :Avnet-IOTCONNECT X-CUBE-iotc-st67-sdk 1.0.0
2026-04-12 16:51:02,458 [INFO] ThirdParty:1030 - CMSIS Pack Vendor :STMicroelectronics PDM2PCM 3.2.0
2026-04-12 16:51:02,458 [INFO] ThirdParty:1030 - CMSIS Pack Vendor :STMicroelectronics X-CUBE-WB05N 2.1.0
2026-04-12 16:51:02,458 [INFO] ThirdParty:1030 - CMSIS Pack Vendor :STMicroelectronics X-CUBE-AZRTOS-H7 3.3.0
2026-04-12 16:51:02,458 [INFO] ThirdParty:1030 - CMSIS Pack Vendor :STMicroelectronics X-CUBE-NFC9 1.0.0
2026-04-12 16:51:02,458 [INFO] ThirdParty:1030 - CMSIS Pack Vendor :STMicroelectronics X-CUBE-BLE1 7.1.0
2026-04-12 16:51:02,458 [INFO] ThirdParty:1030 - CMSIS Pack Vendor :STMicroelectronics USB_DEVICE 3.0.0
2026-04-12 16:51:02,458 [INFO] ThirdParty:1030 - CMSIS Pack Vendor :STMicroelectronics X-CUBE-EEPRMA1 5.2.0
2026-04-12 16:51:02,458 [INFO] ThirdParty:1030 - CMSIS Pack Vendor :STMicroelectronics X-CUBE-BLEMGR 4.1.0
2026-04-12 16:51:02,458 [INFO] ThirdParty:1030 - CMSIS Pack Vendor :STMicroelectronics X-CUBE-AZRTOS-WB 2.0.0
2026-04-12 16:51:02,458 [INFO] ThirdParty:1030 - CMSIS Pack Vendor :STMicroelectronics X-CUBE-GNSS1 7.0.1
2026-04-12 16:51:02,458 [INFO] ThirdParty:1030 - CMSIS Pack Vendor :STMicroelectronics X-CUBE-TOUCHGFX 4.25.0
2026-04-12 16:51:02,458 [INFO] ThirdParty:1030 - CMSIS Pack Vendor :STMicroelectronics FP-SNS-STBOX1 2.0.0
2026-04-12 16:51:02,458 [INFO] ThirdParty:1030 - CMSIS Pack Vendor :STMicroelectronics X-CUBE-MEMS1 12.0.0
2026-04-12 16:51:02,458 [INFO] ThirdParty:1030 - CMSIS Pack Vendor :STMicroelectronics X-CUBE-STSE01 2.0.0
2026-04-12 16:51:02,458 [INFO] ThirdParty:1030 - CMSIS Pack Vendor :STMicroelectronics X-CUBE-MEMS1 11.2.0
2026-04-12 16:51:02,458 [INFO] ThirdParty:1030 - CMSIS Pack Vendor :STMicroelectronics X-CUBE-AZRTOS-G0 1.1.0
2026-04-12 16:51:02,458 [INFO] ThirdParty:1030 - CMSIS Pack Vendor :STMicroelectronics X-CUBE-SAFEA1 1.2.2
2026-04-12 16:51:02,458 [INFO] ThirdParty:1030 - CMSIS Pack Vendor :STMicroelectronics X-CUBE-NFC4 3.0.0
2026-04-12 16:51:02,458 [INFO] ThirdParty:1030 - CMSIS Pack Vendor :STMicroelectronics X-CUBE-SUBG2 5.0.0
2026-04-12 16:51:02,459 [INFO] ThirdParty:1030 - CMSIS Pack Vendor :STMicroelectronics X-CUBE-AZRTOS-H7RS 1.1.0
2026-04-12 16:51:02,459 [INFO] ThirdParty:1030 - CMSIS Pack Vendor :STMicroelectronics STM32_WPAN 1.0.0
2026-04-12 16:51:02,459 [INFO] ThirdParty:1030 - CMSIS Pack Vendor :EmbeddedOffice I-CUBE-FS-RTOS 1.0.1
2026-04-12 16:51:02,459 [INFO] ThirdParty:1030 - CMSIS Pack Vendor :STMicroelectronics lwIP 2.0.3
2026-04-12 16:51:02,459 [INFO] ThirdParty:1030 - CMSIS Pack Vendor :Cesanta I-CUBE-Mongoose 7.13.0
2026-04-12 16:51:02,459 [INFO] ThirdParty:1030 - CMSIS Pack Vendor :STMicroelectronics USB_HOST 1.0.0
2026-04-12 16:51:02,459 [INFO] ThirdParty:1030 - CMSIS Pack Vendor :STMicroelectronics X-CUBE-AZRTOS-G4 2.0.0
2026-04-12 16:51:02,459 [INFO] ThirdParty:1030 - CMSIS Pack Vendor :STMicroelectronics X-CUBE-WB05N 2.0.0
2026-04-12 16:51:02,459 [INFO] ThirdParty:1030 - CMSIS Pack Vendor :STMicroelectronics PDM2PCM 3.1.0
2026-04-12 16:51:02,459 [INFO] ThirdParty:1030 - CMSIS Pack Vendor :STMicroelectronics X-CUBE-NFC7 2.0.0
2026-04-12 16:51:02,459 [INFO] ThirdParty:1030 - CMSIS Pack Vendor :RealThread X-CUBE-RT-Thread_Nano 4.1.1
2026-04-12 16:51:02,459 [INFO] ThirdParty:1030 - CMSIS Pack Vendor :STMicroelectronics FP-ATR-SIGFOX1 3.2.0
2026-04-12 16:51:02,459 [INFO] ThirdParty:1030 - CMSIS Pack Vendor :STMicroelectronics X-CUBE-EEPRMA1 5.1.0
2026-04-12 16:51:02,459 [INFO] ThirdParty:1030 - CMSIS Pack Vendor :STMicroelectronics MBEDTLS 2.16.2
2026-04-12 16:51:02,459 [INFO] ThirdParty:1030 - CMSIS Pack Vendor :STMicroelectronics X-CUBE-IPS 3.1.0
2026-04-12 16:51:02,459 [INFO] ThirdParty:1030 - CMSIS Pack Vendor :STMicroelectronics X-CUBE-ALS 1.0.2
2026-04-12 16:51:02,459 [INFO] ThirdParty:1030 - CMSIS Pack Vendor :ITTIA_DB I-CUBE-ITTIADB 8.9.0
2026-04-12 16:51:02,459 [INFO] ThirdParty:1030 - CMSIS Pack Vendor :STMicroelectronics X-CUBE-TOUCHGFX 4.24.2
2026-04-12 16:51:02,459 [INFO] ThirdParty:1030 - CMSIS Pack Vendor :STMicroelectronics X-CUBE-STSE01 1.0.0
2026-04-12 16:51:02,459 [INFO] ThirdParty:1030 - CMSIS Pack Vendor :portGmbH I-Cube-SoM-uGOAL 1.1.0
2026-04-12 16:51:02,459 [INFO] ThirdParty:1030 - CMSIS Pack Vendor :STMicroelectronics X-CUBE-NFC6 3.2.0
2026-04-12 16:51:02,459 [INFO] ThirdParty:1030 - CMSIS Pack Vendor :STMicroelectronics X-CUBE-AI 10.2.0
2026-04-12 16:51:02,459 [INFO] ThirdParty:1030 - CMSIS Pack Vendor :STMicroelectronics ThreadX 1.0.0
2026-04-12 16:51:02,459 [INFO] ThirdParty:1030 - CMSIS Pack Vendor :SEGGER I-CUBE-embOS 1.3.1
2026-04-12 16:51:02,459 [INFO] ThirdParty:1030 - CMSIS Pack Vendor :STMicroelectronics X-CUBE-ALGOBUILD 1.4.0
2026-04-12 16:51:02,460 [INFO] ThirdParty:1030 - CMSIS Pack Vendor :STMicroelectronics X-CUBE-MEMS1 11.3.0
2026-04-12 16:51:02,460 [INFO] ThirdParty:1030 - CMSIS Pack Vendor :STMicroelectronics X-CUBE-AZRTOS-H7RS 1.0.0
2026-04-12 16:51:02,460 [INFO] ThirdParty:1030 - CMSIS Pack Vendor :STMicroelectronics X-CUBE-TOF1 3.4.2
2026-04-12 16:51:02,460 [INFO] ThirdParty:1030 - CMSIS Pack Vendor :STMicroelectronics X-CUBE-TOF1 3.4.3
2026-04-12 16:51:02,460 [INFO] ThirdParty:1030 - CMSIS Pack Vendor :wolfSSL I-CUBE-wolfSSH 1.4.17
2026-04-12 16:51:02,460 [INFO] ThirdParty:841 - exiting critical section [change project]
2026-04-12 16:51:02,784 [INFO] PinOutPanel:1589 - setPackage(No Configuration,No Configuration)
2026-04-12 16:51:02,785 [INFO] PinOutPanel:1589 - setPackage(STM32L4A6ZGTx,LQFP144)
2026-04-12 16:51:03,326 [INFO] UtilMem:75 - Before build in PCC Used Memory: 906365520 Bytes (1073741824)
2026-04-12 16:51:03,757 [INFO] UtilMem:75 - After build in PCC Used Memory: 1007034976 Bytes (1073741824)
2026-04-12 16:51:03,790 [INFO] IPUIPlugin:80 - create IPUIPlugin
2026-04-12 16:51:03,790 [INFO] IPUIPlugin:80 - create IPUIPlugin
2026-04-12 16:51:03,790 [INFO] IPUIPlugin:80 - create IPUIPlugin
2026-04-12 16:51:03,790 [INFO] IPUIPlugin:80 - create IPUIPlugin
2026-04-12 16:51:03,790 [INFO] IPUIPlugin:80 - create IPUIPlugin
2026-04-12 16:51:03,790 [INFO] IPUIPlugin:80 - create IPUIPlugin
2026-04-12 16:51:03,790 [INFO] IPUIPlugin:80 - create IPUIPlugin
2026-04-12 16:51:03,790 [INFO] IPUIPlugin:80 - create IPUIPlugin
2026-04-12 16:51:03,792 [INFO] IPUIPlugin:80 - create IPUIPlugin
2026-04-12 16:51:03,792 [INFO] IPUIPlugin:80 - create IPUIPlugin
2026-04-12 16:51:03,792 [INFO] IPUIPlugin:80 - create IPUIPlugin
2026-04-12 16:51:03,792 [INFO] IPUIPlugin:80 - create IPUIPlugin
2026-04-12 16:51:03,792 [INFO] IPUIPlugin:80 - create IPUIPlugin
2026-04-12 16:51:03,792 [INFO] IPUIPlugin:80 - create IPUIPlugin
2026-04-12 16:51:03,792 [INFO] IPUIPlugin:80 - create IPUIPlugin
2026-04-12 16:51:03,792 [INFO] IPUIPlugin:80 - create IPUIPlugin
2026-04-12 16:51:03,792 [INFO] IPUIPlugin:80 - create IPUIPlugin
2026-04-12 16:51:03,792 [INFO] IPUIPlugin:80 - create IPUIPlugin
2026-04-12 16:51:03,793 [INFO] IPUIPlugin:80 - create IPUIPlugin
2026-04-12 16:51:03,793 [INFO] IPUIPlugin:80 - create IPUIPlugin
2026-04-12 16:51:03,793 [INFO] IPUIPlugin:80 - create IPUIPlugin
2026-04-12 16:51:03,793 [INFO] IPUIPlugin:80 - create IPUIPlugin
2026-04-12 16:51:03,793 [INFO] IPUIPlugin:80 - create IPUIPlugin
2026-04-12 16:51:03,793 [INFO] IPUIPlugin:80 - create IPUIPlugin
2026-04-12 16:51:03,793 [INFO] IPUIPlugin:80 - create IPUIPlugin
2026-04-12 16:51:03,793 [INFO] IPUIPlugin:80 - create IPUIPlugin
2026-04-12 16:51:03,794 [INFO] IPUIPlugin:80 - create IPUIPlugin
2026-04-12 16:51:03,794 [INFO] IPUIPlugin:80 - create IPUIPlugin
2026-04-12 16:51:03,794 [INFO] IPUIPlugin:80 - create IPUIPlugin
2026-04-12 16:51:03,794 [INFO] IPUIPlugin:80 - create IPUIPlugin
2026-04-12 16:51:03,794 [INFO] IPUIPlugin:80 - create IPUIPlugin
2026-04-12 16:51:03,794 [INFO] IPUIPlugin:80 - create IPUIPlugin
2026-04-12 16:51:03,794 [INFO] IPUIPlugin:80 - create IPUIPlugin
2026-04-12 16:51:03,794 [INFO] IPUIPlugin:80 - create IPUIPlugin
2026-04-12 16:51:03,794 [INFO] IPUIPlugin:80 - create IPUIPlugin
2026-04-12 16:51:03,795 [INFO] IPUIPlugin:80 - create IPUIPlugin
2026-04-12 16:51:03,795 [INFO] IPUIPlugin:80 - create IPUIPlugin
2026-04-12 16:51:03,795 [INFO] IPUIPlugin:80 - create IPUIPlugin
2026-04-12 16:51:03,795 [INFO] IPUIPlugin:80 - create IPUIPlugin
2026-04-12 16:51:03,795 [INFO] IPUIPlugin:80 - create IPUIPlugin
2026-04-12 16:51:03,795 [INFO] IPUIPlugin:80 - create IPUIPlugin
2026-04-12 16:51:03,796 [INFO] IPUIPlugin:80 - create IPUIPlugin
2026-04-12 16:51:03,796 [INFO] IPUIPlugin:80 - create IPUIPlugin
2026-04-12 16:51:03,796 [INFO] IPUIPlugin:80 - create IPUIPlugin
2026-04-12 16:51:03,796 [INFO] IPUIPlugin:80 - create IPUIPlugin
2026-04-12 16:51:03,796 [INFO] IPUIPlugin:80 - create IPUIPlugin
2026-04-12 16:51:03,797 [INFO] IPUIPlugin:80 - create IPUIPlugin
2026-04-12 16:51:03,797 [INFO] IPUIPlugin:80 - create IPUIPlugin
2026-04-12 16:51:03,797 [INFO] IPUIPlugin:80 - create IPUIPlugin
2026-04-12 16:51:03,797 [INFO] IPUIPlugin:80 - create IPUIPlugin
2026-04-12 16:51:03,797 [INFO] IPUIPlugin:80 - create IPUIPlugin
2026-04-12 16:51:03,799 [INFO] IPUIPlugin:80 - create IPUIPlugin
2026-04-12 16:51:03,799 [INFO] IPUIPlugin:80 - create IPUIPlugin
2026-04-12 16:51:03,799 [INFO] IPUIPlugin:80 - create IPUIPlugin
2026-04-12 16:51:03,799 [INFO] IPUIPlugin:80 - create IPUIPlugin
2026-04-12 16:51:03,799 [INFO] IPUIPlugin:80 - create IPUIPlugin
2026-04-12 16:51:03,800 [INFO] IPUIPlugin:80 - create IPUIPlugin
2026-04-12 16:51:03,800 [INFO] IPUIPlugin:80 - create IPUIPlugin
2026-04-12 16:51:03,800 [INFO] IPUIPlugin:80 - create IPUIPlugin
2026-04-12 16:51:03,800 [INFO] IPUIPlugin:80 - create IPUIPlugin
2026-04-12 16:51:03,801 [INFO] IPUIPlugin:80 - create IPUIPlugin
2026-04-12 16:51:03,801 [INFO] IPUIPlugin:80 - create IPUIPlugin
2026-04-12 16:51:03,801 [INFO] IPUIPlugin:80 - create IPUIPlugin
2026-04-12 16:51:03,801 [INFO] IPUIPlugin:80 - create IPUIPlugin
2026-04-12 16:51:03,802 [INFO] IPUIPlugin:80 - create IPUIPlugin
2026-04-12 16:51:03,802 [INFO] IPUIPlugin:80 - create IPUIPlugin
2026-04-12 16:51:03,879 [INFO] CADModel:165 - CPN selected for project levelSTM32L4A6ZGT6
2026-04-12 16:51:03,879 [INFO] CADModel:114 - Register for checkConnection events
2026-04-12 16:51:03,917 [INFO] OpenFileManager:385 - Restore cursor
2026-04-12 16:51:04,490 [INFO] UtilMem:75 - End SaveConfig() Used Memory: 850694680 Bytes (1073741824)
2026-04-12 16:51:04,602 [INFO] UtilMem:75 - End SaveConfig() Used Memory: 885374648 Bytes (1073741824)
2026-04-12 16:51:04,780 [INFO] BlockDiagram:2775 - set Specific Code input for plugin: SYS
2026-04-12 16:51:04,780 [INFO] BlockDiagram:2775 - set Specific Code input for plugin: RCC
2026-04-12 16:51:04,780 [INFO] BlockDiagram:2775 - set Specific Code input for plugin: LPUART
2026-04-12 16:51:04,780 [INFO] BlockDiagram:2775 - set Specific Code input for plugin: USB_OTG_FS
2026-04-12 16:51:04,780 [INFO] BlockDiagram:2775 - set Specific Code input for plugin: NVIC
2026-04-12 16:51:04,780 [INFO] BlockDiagram:2775 - set Specific Code input for plugin: GPIO
2026-04-12 16:51:04,781 [INFO] CodeGenerator:882 - code generatio: config db path: C:\ST\STM32CubeIDE_1.17.0\STM32CubeIDE\plugins\com.st.stm32cube.common.mx_6.14.0.202502271554\\db\
2026-04-12 16:51:04,921 [INFO] CodeEngine:263 - oldGeneratedFile, C:\Users\blew2\Documents\GitHub\STM32CubeIDE\workspace_1.18.0\Lab1\MXTmpFiles\license.tmp_save
2026-04-12 16:51:05,311 [INFO] CodeEngine:287 - Generated code: C:\Users\blew2\Documents\GitHub\STM32CubeIDE\workspace_1.18.0\Lab1\MXTmpFiles\license.tmp
2026-04-12 16:51:05,399 [INFO] CodeEngine:263 - oldGeneratedFile, C:\Users\blew2\Documents\GitHub\STM32CubeIDE\workspace_1.18.0\Lab1\MXTmpFiles\gpio.tmp_save
2026-04-12 16:51:05,559 [INFO] CodeEngine:287 - Generated code: C:\Users\blew2\Documents\GitHub\STM32CubeIDE\workspace_1.18.0\Lab1\MXTmpFiles\gpio.tmp
2026-04-12 16:51:05,750 [WARN] IPConfigManager:3174 - Warning: the RefConfig PWREx_EnableUSBVoltageDetector is not available in your config.xml file
2026-04-12 16:51:05,775 [INFO] CodeEngine:263 - oldGeneratedFile, C:\Users\blew2\Documents\GitHub\STM32CubeIDE\workspace_1.18.0\Lab1\Core\Src\stm32l4xx_it.c_save
2026-04-12 16:51:06,002 [INFO] CodeEngine:287 - Generated code: C:\Users\blew2\Documents\GitHub\STM32CubeIDE\workspace_1.18.0\Lab1\Core\Src\stm32l4xx_it.c
2026-04-12 16:51:06,010 [INFO] CodeEngine:263 - oldGeneratedFile, C:\Users\blew2\Documents\GitHub\STM32CubeIDE\workspace_1.18.0\Lab1\Core\Inc\stm32l4xx_it.h_save
2026-04-12 16:51:06,085 [INFO] CodeEngine:287 - Generated code: C:\Users\blew2\Documents\GitHub\STM32CubeIDE\workspace_1.18.0\Lab1\Core\Inc\stm32l4xx_it.h
2026-04-12 16:51:06,108 [INFO] CodeEngine:263 - oldGeneratedFile, C:\Users\blew2\Documents\GitHub\STM32CubeIDE\workspace_1.18.0\Lab1\Core\Src\stm32l4xx_hal_msp.c_save
2026-04-12 16:51:06,245 [INFO] CodeEngine:287 - Generated code: C:\Users\blew2\Documents\GitHub\STM32CubeIDE\workspace_1.18.0\Lab1\Core\Src\stm32l4xx_hal_msp.c
2026-04-12 16:51:06,255 [INFO] CodeEngine:263 - oldGeneratedFile, C:\Users\blew2\Documents\GitHub\STM32CubeIDE\workspace_1.18.0\Lab1\MXTmpFiles\system.tmp_save
2026-04-12 16:51:06,318 [INFO] CodeEngine:287 - Generated code: C:\Users\blew2\Documents\GitHub\STM32CubeIDE\workspace_1.18.0\Lab1\MXTmpFiles\system.tmp
2026-04-12 16:51:06,340 [INFO] CodeEngine:319 - oldGeneratedFile, C:\Users\blew2\Documents\GitHub\STM32CubeIDE\workspace_1.18.0\Lab1\Core\Inc\stm32l4xx_hal_conf.h_save
2026-04-12 16:51:06,417 [INFO] CodeEngine:343 - Generated code: C:\Users\blew2\Documents\GitHub\STM32CubeIDE\workspace_1.18.0\Lab1\Core\Inc\stm32l4xx_hal_conf.h
2026-04-12 16:51:06,460 [INFO] ApiDbMcu:508 - Load IP Config File for LPUART1
2026-04-12 16:51:06,462 [INFO] ApiDbMcu:508 - Load IP Config File for USB_OTG_FS
2026-04-12 16:51:06,467 [INFO] ApiDbMcu:508 - Load IP Config File for RCC
2026-04-12 16:51:06,468 [WARN] IPConfigManager:3747 - IP not found : USB_OTG
2026-04-12 16:51:06,470 [WARN] CodeGenerator:4198 - IP not found : null
2026-04-12 16:51:06,484 [INFO] CodeEngine:263 - oldGeneratedFile, C:\Users\blew2\Documents\GitHub\STM32CubeIDE\workspace_1.18.0\Lab1\Core\Inc\main.h_save
2026-04-12 16:51:06,577 [INFO] CodeEngine:287 - Generated code: C:\Users\blew2\Documents\GitHub\STM32CubeIDE\workspace_1.18.0\Lab1\Core\Inc\main.h
2026-04-12 16:51:06,587 [INFO] CodeEngine:263 - oldGeneratedFile, C:\Users\blew2\Documents\GitHub\STM32CubeIDE\workspace_1.18.0\Lab1\Core\Src\main.c_save
2026-04-12 16:51:06,699 [INFO] CodeEngine:287 - Generated code: C:\Users\blew2\Documents\GitHub\STM32CubeIDE\workspace_1.18.0\Lab1\Core\Src\main.c
2026-04-12 16:51:07,280 [INFO] ProjectBuilder:3324 - Time for Copy HAL[1] : 351mS.
2026-04-12 16:51:07,291 [INFO] ProjectBuilder:4912 - Project Generator version: 4.6.0-B36
2026-04-12 16:51:07,380 [INFO] ConfigFileManager:1590 - The Die is : DIE461
2026-04-12 16:51:07,382 [INFO] ApiDbMcu:508 - Load IP Config File for FATFS
2026-04-12 16:51:07,386 [INFO] ApiDbMcu:508 - Load IP Config File for FREERTOS
2026-04-12 16:51:07,397 [INFO] ApiDbMcu:508 - Load IP Config File for TOUCHSENSING
2026-04-12 16:51:07,401 [INFO] ApiDbMcu:508 - Load IP Config File for USB_DEVICE
2026-04-12 16:51:07,406 [INFO] ApiDbMcu:508 - Load IP Config File for USB_HOST
2026-04-12 16:51:10,077 [INFO] ProjectBuilder:5191 - Time for Generating toolchain IDE Files: 2786mS.
2026-04-12 16:51:10,079 [INFO] ProjectBuilder:3181 - Time for Copy CMSIS : 1mS.
2026-04-12 16:51:10,087 [INFO] ProjectBuilder:3181 - Time for Copy CMSIS : 1mS.
2026-04-12 16:51:11,021 [INFO] McuFinderGlobals:76 - Set McuFinderConnectedMode to true
2026-04-12 16:51:11,023 [INFO] ApiDb:448 - Save user favorites file C:\Users\blew2/.stm32cubeide/favorites.mcus.txt: 0 item(s)
2026-04-12 16:51:11,023 [INFO] ApiDb:452 - User favorites MCUs=[]
2026-04-12 16:51:11,024 [INFO] ApiDb:448 - Save user favorites file C:\Users\blew2/.stm32cubeide/favorites.boards.txt: 1 item(s)
2026-04-12 16:51:11,024 [INFO] ApiDb:452 - User favorites Boards=[NUCLEO-F401RE]
2026-04-12 16:51:17,026 [INFO] RtosManager:967 - Current active RTOS is FREERTOS [Cortex-M4NS]
2026-04-12 16:51:17,760 [ERROR] RtosPanel:558 - Can not restore the selected Tab for FREERTOS(A reason can be that the tab is no more available.)
2026-04-12 16:51:17,862 [ERROR] RtosPanel:558 - Can not restore the selected Tab for FREERTOS(A reason can be that the tab is no more available.)
2026-04-12 16:51:22,973 [INFO] UtilMem:75 - End SaveConfig() Used Memory: 949926400 Bytes (1073741824)
2026-04-12 16:51:23,987 [INFO] UtilMem:75 - End SaveConfig() Used Memory: 984008952 Bytes (1073741824)
2026-04-12 16:51:25,414 [INFO] UtilMem:75 - End SaveConfig() Used Memory: 849145504 Bytes (1073741824)
2026-04-12 16:53:02,097 [INFO] UtilMem:75 - End SaveConfig() Used Memory: 922822704 Bytes (1073741824)
2026-04-12 16:53:03,132 [INFO] UtilMem:75 - End SaveConfig() Used Memory: 956377136 Bytes (1073741824)
2026-04-12 16:53:04,000 [INFO] UtilMem:75 - End SaveConfig() Used Memory: 822424880 Bytes (1073741824)
2026-04-12 16:53:38,481 [ERROR] RtosPanel:558 - Can not restore the selected Tab for FREERTOS(A reason can be that the tab is no more available.)
2026-04-12 16:53:59,945 [ERROR] RtosPanel:558 - Can not restore the selected Tab for FREERTOS(A reason can be that the tab is no more available.)
2026-04-12 16:54:11,606 [INFO] UtilMem:75 - End SaveConfig() Used Memory: 964238008 Bytes (1073741824)
2026-04-12 16:54:12,478 [INFO] UtilMem:75 - End SaveConfig() Used Memory: 997270200 Bytes (1073741824)
2026-04-12 16:54:13,345 [INFO] UtilMem:75 - End SaveConfig() Used Memory: 785316848 Bytes (1073741824)
2026-04-12 16:54:13,524 [INFO] BlockDiagram:2775 - set Specific Code input for plugin: FREERTOS
2026-04-12 16:54:13,524 [INFO] BlockDiagram:2775 - set Specific Code input for plugin: SYS
2026-04-12 16:54:13,524 [INFO] BlockDiagram:2775 - set Specific Code input for plugin: RCC
2026-04-12 16:54:13,524 [INFO] BlockDiagram:2775 - set Specific Code input for plugin: LPUART
2026-04-12 16:54:13,524 [INFO] BlockDiagram:2775 - set Specific Code input for plugin: USB_OTG_FS
2026-04-12 16:54:13,524 [INFO] BlockDiagram:2775 - set Specific Code input for plugin: NVIC
2026-04-12 16:54:13,525 [INFO] BlockDiagram:2775 - set Specific Code input for plugin: GPIO
2026-04-12 16:54:13,527 [INFO] CodeGenerator:882 - code generatio: config db path: C:\ST\STM32CubeIDE_1.17.0\STM32CubeIDE\plugins\com.st.stm32cube.common.mx_6.14.0.202502271554\\db\
2026-04-12 16:54:13,642 [INFO] CodeEngine:263 - oldGeneratedFile, C:\Users\blew2\Documents\GitHub\STM32CubeIDE\workspace_1.18.0\Lab1\MXTmpFiles\license.tmp_save
2026-04-12 16:54:13,929 [INFO] CodeEngine:287 - Generated code: C:\Users\blew2\Documents\GitHub\STM32CubeIDE\workspace_1.18.0\Lab1\MXTmpFiles\license.tmp
2026-04-12 16:54:13,979 [INFO] CodeEngine:263 - oldGeneratedFile, C:\Users\blew2\Documents\GitHub\STM32CubeIDE\workspace_1.18.0\Lab1\MXTmpFiles\gpio.tmp_save
2026-04-12 16:54:14,105 [INFO] CodeEngine:287 - Generated code: C:\Users\blew2\Documents\GitHub\STM32CubeIDE\workspace_1.18.0\Lab1\MXTmpFiles\gpio.tmp
2026-04-12 16:54:14,309 [WARN] IPConfigManager:3174 - Warning: the RefConfig PWREx_EnableUSBVoltageDetector is not available in your config.xml file
2026-04-12 16:54:14,369 [INFO] Middleware:1452 - No code input for Bsp Dependency
2026-04-12 16:54:14,383 [INFO] CodeEngine:263 - oldGeneratedFile, C:\Users\blew2\Documents\GitHub\STM32CubeIDE\workspace_1.18.0\Lab1\MXTmpFiles\rtos_inc.tmp_save
2026-04-12 16:54:14,450 [INFO] CodeEngine:287 - Generated code: C:\Users\blew2\Documents\GitHub\STM32CubeIDE\workspace_1.18.0\Lab1\MXTmpFiles\rtos_inc.tmp
2026-04-12 16:54:14,461 [INFO] CodeEngine:263 - oldGeneratedFile, C:\Users\blew2\Documents\GitHub\STM32CubeIDE\workspace_1.18.0\Lab1\MXTmpFiles\rtos_kernelInit.tmp_save
2026-04-12 16:54:14,541 [INFO] CodeEngine:287 - Generated code: C:\Users\blew2\Documents\GitHub\STM32CubeIDE\workspace_1.18.0\Lab1\MXTmpFiles\rtos_kernelInit.tmp
2026-04-12 16:54:14,552 [INFO] CodeEngine:263 - oldGeneratedFile, C:\Users\blew2\Documents\GitHub\STM32CubeIDE\workspace_1.18.0\Lab1\MXTmpFiles\rtos_kernelStart.tmp_save
2026-04-12 16:54:14,617 [INFO] CodeEngine:287 - Generated code: C:\Users\blew2\Documents\GitHub\STM32CubeIDE\workspace_1.18.0\Lab1\MXTmpFiles\rtos_kernelStart.tmp
2026-04-12 16:54:14,628 [INFO] CodeEngine:263 - oldGeneratedFile, C:\Users\blew2\Documents\GitHub\STM32CubeIDE\workspace_1.18.0\Lab1\MXTmpFiles\rtos_typedefs.tmp_save
2026-04-12 16:54:14,688 [INFO] CodeEngine:287 - Generated code: C:\Users\blew2\Documents\GitHub\STM32CubeIDE\workspace_1.18.0\Lab1\MXTmpFiles\rtos_typedefs.tmp
2026-04-12 16:54:14,703 [INFO] CodeEngine:263 - oldGeneratedFile, C:\Users\blew2\Documents\GitHub\STM32CubeIDE\workspace_1.18.0\Lab1\MXTmpFiles\rtos_vars.tmp_save
2026-04-12 16:54:14,764 [INFO] CodeEngine:287 - Generated code: C:\Users\blew2\Documents\GitHub\STM32CubeIDE\workspace_1.18.0\Lab1\MXTmpFiles\rtos_vars.tmp
2026-04-12 16:54:14,775 [INFO] CodeEngine:263 - oldGeneratedFile, C:\Users\blew2\Documents\GitHub\STM32CubeIDE\workspace_1.18.0\Lab1\MXTmpFiles\rtos_pfp.tmp_save
2026-04-12 16:54:14,835 [INFO] CodeEngine:287 - Generated code: C:\Users\blew2\Documents\GitHub\STM32CubeIDE\workspace_1.18.0\Lab1\MXTmpFiles\rtos_pfp.tmp
2026-04-12 16:54:14,844 [INFO] CodeEngine:263 - oldGeneratedFile, C:\Users\blew2\Documents\GitHub\STM32CubeIDE\workspace_1.18.0\Lab1\MXTmpFiles\rtos_obj_creat.tmp_save
2026-04-12 16:54:14,906 [INFO] CodeEngine:287 - Generated code: C:\Users\blew2\Documents\GitHub\STM32CubeIDE\workspace_1.18.0\Lab1\MXTmpFiles\rtos_obj_creat.tmp
2026-04-12 16:54:14,916 [INFO] CodeEngine:263 - oldGeneratedFile, C:\Users\blew2\Documents\GitHub\STM32CubeIDE\workspace_1.18.0\Lab1\MXTmpFiles\rtos_default_thread.tmp_save
2026-04-12 16:54:14,971 [INFO] CodeEngine:287 - Generated code: C:\Users\blew2\Documents\GitHub\STM32CubeIDE\workspace_1.18.0\Lab1\MXTmpFiles\rtos_default_thread.tmp
2026-04-12 16:54:14,983 [INFO] CodeEngine:263 - oldGeneratedFile, C:\Users\blew2\Documents\GitHub\STM32CubeIDE\workspace_1.18.0\Lab1\MXTmpFiles\rtos_threads.tmp_save
2026-04-12 16:54:15,042 [INFO] CodeEngine:287 - Generated code: C:\Users\blew2\Documents\GitHub\STM32CubeIDE\workspace_1.18.0\Lab1\MXTmpFiles\rtos_threads.tmp
2026-04-12 16:54:15,071 [INFO] Middleware:1452 - No code input for Bsp Dependency
2026-04-12 16:54:15,086 [INFO] CodeEngine:263 - oldGeneratedFile, C:\Users\blew2\Documents\GitHub\STM32CubeIDE\workspace_1.18.0\Lab1\MXTmpFiles\rtos_inc.tmp_save
2026-04-12 16:54:15,145 [INFO] CodeEngine:287 - Generated code: C:\Users\blew2\Documents\GitHub\STM32CubeIDE\workspace_1.18.0\Lab1\MXTmpFiles\rtos_inc.tmp
2026-04-12 16:54:15,157 [INFO] CodeEngine:263 - oldGeneratedFile, C:\Users\blew2\Documents\GitHub\STM32CubeIDE\workspace_1.18.0\Lab1\MXTmpFiles\rtos_kernelInit.tmp_save
2026-04-12 16:54:15,215 [INFO] CodeEngine:287 - Generated code: C:\Users\blew2\Documents\GitHub\STM32CubeIDE\workspace_1.18.0\Lab1\MXTmpFiles\rtos_kernelInit.tmp
2026-04-12 16:54:15,228 [INFO] CodeEngine:263 - oldGeneratedFile, C:\Users\blew2\Documents\GitHub\STM32CubeIDE\workspace_1.18.0\Lab1\MXTmpFiles\rtos_kernelStart.tmp_save
2026-04-12 16:54:15,283 [INFO] CodeEngine:287 - Generated code: C:\Users\blew2\Documents\GitHub\STM32CubeIDE\workspace_1.18.0\Lab1\MXTmpFiles\rtos_kernelStart.tmp
2026-04-12 16:54:15,296 [INFO] CodeEngine:263 - oldGeneratedFile, C:\Users\blew2\Documents\GitHub\STM32CubeIDE\workspace_1.18.0\Lab1\MXTmpFiles\rtos_typedefs.tmp_save
2026-04-12 16:54:15,355 [INFO] CodeEngine:287 - Generated code: C:\Users\blew2\Documents\GitHub\STM32CubeIDE\workspace_1.18.0\Lab1\MXTmpFiles\rtos_typedefs.tmp
2026-04-12 16:54:15,366 [INFO] CodeEngine:263 - oldGeneratedFile, C:\Users\blew2\Documents\GitHub\STM32CubeIDE\workspace_1.18.0\Lab1\MXTmpFiles\rtos_vars.tmp_save
2026-04-12 16:54:15,424 [INFO] CodeEngine:287 - Generated code: C:\Users\blew2\Documents\GitHub\STM32CubeIDE\workspace_1.18.0\Lab1\MXTmpFiles\rtos_vars.tmp
2026-04-12 16:54:15,436 [INFO] CodeEngine:263 - oldGeneratedFile, C:\Users\blew2\Documents\GitHub\STM32CubeIDE\workspace_1.18.0\Lab1\MXTmpFiles\rtos_pfp.tmp_save
2026-04-12 16:54:15,496 [INFO] CodeEngine:287 - Generated code: C:\Users\blew2\Documents\GitHub\STM32CubeIDE\workspace_1.18.0\Lab1\MXTmpFiles\rtos_pfp.tmp
2026-04-12 16:54:15,509 [INFO] CodeEngine:263 - oldGeneratedFile, C:\Users\blew2\Documents\GitHub\STM32CubeIDE\workspace_1.18.0\Lab1\MXTmpFiles\rtos_obj_creat.tmp_save
2026-04-12 16:54:15,578 [INFO] CodeEngine:287 - Generated code: C:\Users\blew2\Documents\GitHub\STM32CubeIDE\workspace_1.18.0\Lab1\MXTmpFiles\rtos_obj_creat.tmp
2026-04-12 16:54:15,590 [INFO] CodeEngine:263 - oldGeneratedFile, C:\Users\blew2\Documents\GitHub\STM32CubeIDE\workspace_1.18.0\Lab1\MXTmpFiles\rtos_default_thread.tmp_save
2026-04-12 16:54:15,653 [INFO] CodeEngine:287 - Generated code: C:\Users\blew2\Documents\GitHub\STM32CubeIDE\workspace_1.18.0\Lab1\MXTmpFiles\rtos_default_thread.tmp
2026-04-12 16:54:15,666 [INFO] CodeEngine:263 - oldGeneratedFile, C:\Users\blew2\Documents\GitHub\STM32CubeIDE\workspace_1.18.0\Lab1\MXTmpFiles\rtos_threads.tmp_save
2026-04-12 16:54:15,733 [INFO] CodeEngine:287 - Generated code: C:\Users\blew2\Documents\GitHub\STM32CubeIDE\workspace_1.18.0\Lab1\MXTmpFiles\rtos_threads.tmp
2026-04-12 16:54:15,744 [INFO] CodeEngine:263 - oldGeneratedFile, C:\Users\blew2\Documents\GitHub\STM32CubeIDE\workspace_1.18.0\Lab1\Core\Inc\FreeRTOSConfig.h_save
2026-04-12 16:54:15,825 [INFO] CodeEngine:287 - Generated code: C:\Users\blew2\Documents\GitHub\STM32CubeIDE\workspace_1.18.0\Lab1\Core\Inc\FreeRTOSConfig.h
2026-04-12 16:54:15,841 [INFO] CodeEngine:263 - oldGeneratedFile, C:\Users\blew2\Documents\GitHub\STM32CubeIDE\workspace_1.18.0\Lab1\Core\Src\freertos.c_save
2026-04-12 16:54:15,925 [INFO] CodeEngine:287 - Generated code: C:\Users\blew2\Documents\GitHub\STM32CubeIDE\workspace_1.18.0\Lab1\Core\Src\freertos.c
2026-04-12 16:54:15,958 [INFO] CodeEngine:263 - oldGeneratedFile, C:\Users\blew2\Documents\GitHub\STM32CubeIDE\workspace_1.18.0\Lab1\Core\Src\stm32l4xx_it.c_save
2026-04-12 16:54:16,059 [INFO] CodeEngine:287 - Generated code: C:\Users\blew2\Documents\GitHub\STM32CubeIDE\workspace_1.18.0\Lab1\Core\Src\stm32l4xx_it.c
2026-04-12 16:54:16,076 [INFO] CodeEngine:263 - oldGeneratedFile, C:\Users\blew2\Documents\GitHub\STM32CubeIDE\workspace_1.18.0\Lab1\Core\Inc\stm32l4xx_it.h_save
2026-04-12 16:54:16,155 [INFO] CodeEngine:287 - Generated code: C:\Users\blew2\Documents\GitHub\STM32CubeIDE\workspace_1.18.0\Lab1\Core\Inc\stm32l4xx_it.h
2026-04-12 16:54:16,191 [INFO] CodeEngine:263 - oldGeneratedFile, C:\Users\blew2\Documents\GitHub\STM32CubeIDE\workspace_1.18.0\Lab1\Core\Src\stm32l4xx_hal_msp.c_save
2026-04-12 16:54:16,291 [INFO] CodeEngine:287 - Generated code: C:\Users\blew2\Documents\GitHub\STM32CubeIDE\workspace_1.18.0\Lab1\Core\Src\stm32l4xx_hal_msp.c
2026-04-12 16:54:16,305 [INFO] CodeEngine:263 - oldGeneratedFile, C:\Users\blew2\Documents\GitHub\STM32CubeIDE\workspace_1.18.0\Lab1\MXTmpFiles\system.tmp_save
2026-04-12 16:54:16,365 [INFO] CodeEngine:287 - Generated code: C:\Users\blew2\Documents\GitHub\STM32CubeIDE\workspace_1.18.0\Lab1\MXTmpFiles\system.tmp
2026-04-12 16:54:16,376 [INFO] CodeEngine:263 - oldGeneratedFile, C:\Users\blew2\Documents\GitHub\STM32CubeIDE\workspace_1.18.0\Lab1\Core\Src\stm32l4xx_hal_timebase_tim.c_save
2026-04-12 16:54:16,439 [INFO] CodeEngine:287 - Generated code: C:\Users\blew2\Documents\GitHub\STM32CubeIDE\workspace_1.18.0\Lab1\Core\Src\stm32l4xx_hal_timebase_tim.c
2026-04-12 16:54:16,462 [INFO] CodeEngine:319 - oldGeneratedFile, C:\Users\blew2\Documents\GitHub\STM32CubeIDE\workspace_1.18.0\Lab1\Core\Inc\stm32l4xx_hal_conf.h_save
2026-04-12 16:54:16,526 [INFO] CodeEngine:343 - Generated code: C:\Users\blew2\Documents\GitHub\STM32CubeIDE\workspace_1.18.0\Lab1\Core\Inc\stm32l4xx_hal_conf.h
2026-04-12 16:54:16,554 [WARN] IPConfigManager:3747 - IP not found : USB_OTG
2026-04-12 16:54:16,555 [WARN] CodeGenerator:4198 - IP not found : null
2026-04-12 16:54:16,572 [INFO] CodeEngine:263 - oldGeneratedFile, C:\Users\blew2\Documents\GitHub\STM32CubeIDE\workspace_1.18.0\Lab1\Core\Inc\main.h_save
2026-04-12 16:54:16,649 [INFO] CodeEngine:287 - Generated code: C:\Users\blew2\Documents\GitHub\STM32CubeIDE\workspace_1.18.0\Lab1\Core\Inc\main.h
2026-04-12 16:54:16,663 [INFO] CodeEngine:263 - oldGeneratedFile, C:\Users\blew2\Documents\GitHub\STM32CubeIDE\workspace_1.18.0\Lab1\Core\Src\main.c_save
2026-04-12 16:54:16,790 [INFO] CodeEngine:287 - Generated code: C:\Users\blew2\Documents\GitHub\STM32CubeIDE\workspace_1.18.0\Lab1\Core\Src\main.c
2026-04-12 16:54:17,576 [INFO] ProjectBuilder:3324 - Time for Copy HAL[1] : 587mS.
2026-04-12 16:54:17,588 [INFO] ProjectBuilder:4912 - Project Generator version: 4.6.0-B36
2026-04-12 16:54:17,674 [INFO] ConfigFileManager:1590 - The Die is : DIE461
2026-04-12 16:54:19,114 [INFO] ProjectBuilder:5191 - Time for Generating toolchain IDE Files: 1525mS.
2026-04-12 16:54:19,115 [INFO] ProjectBuilder:3181 - Time for Copy CMSIS : 1mS.
2026-04-12 16:54:19,140 [INFO] ProjectBuilder:3181 - Time for Copy CMSIS : 0mS.
2026-04-12 16:57:13,712 [INFO] LogOutputStream:77 - [STDOUT_REDIRECT] StartTraceHandler.execute(), success : Collect=true
2026-04-12 16:57:13,935 [INFO] LogOutputStream:77 - [STDOUT_REDIRECT] StartTraceHandler.execute(), success : Collect=false
2026-04-12 16:57:17,647 [INFO] LogOutputStream:77 - [STDOUT_REDIRECT] StartTraceHandler.execute(), success : Collect=true
2026-04-12 17:05:32,402 [INFO] UtilMem:75 - End SaveConfig() Used Memory: 897120264 Bytes (1073741824)
2026-04-12 17:05:33,419 [INFO] UtilMem:75 - End SaveConfig() Used Memory: 932771848 Bytes (1073741824)
2026-04-12 17:05:34,505 [INFO] UtilMem:75 - End SaveConfig() Used Memory: 868968840 Bytes (1073741824)
2026-04-12 17:05:34,989 [INFO] BlockDiagram:2775 - set Specific Code input for plugin: FREERTOS
2026-04-12 17:05:34,990 [INFO] BlockDiagram:2775 - set Specific Code input for plugin: SYS
2026-04-12 17:05:34,990 [INFO] BlockDiagram:2775 - set Specific Code input for plugin: RCC
2026-04-12 17:05:34,990 [INFO] BlockDiagram:2775 - set Specific Code input for plugin: LPUART
2026-04-12 17:05:34,990 [INFO] BlockDiagram:2775 - set Specific Code input for plugin: USB_OTG_FS
2026-04-12 17:05:34,990 [INFO] BlockDiagram:2775 - set Specific Code input for plugin: NVIC
2026-04-12 17:05:34,991 [INFO] BlockDiagram:2775 - set Specific Code input for plugin: GPIO
2026-04-12 17:05:34,991 [INFO] CodeGenerator:882 - code generatio: config db path: C:\ST\STM32CubeIDE_1.17.0\STM32CubeIDE\plugins\com.st.stm32cube.common.mx_6.14.0.202502271554\\db\
2026-04-12 17:05:35,149 [INFO] CodeEngine:263 - oldGeneratedFile, C:\Users\blew2\Documents\GitHub\STM32CubeIDE\workspace_1.18.0\Lab1\MXTmpFiles\license.tmp_save
2026-04-12 17:05:35,455 [INFO] CodeEngine:287 - Generated code: C:\Users\blew2\Documents\GitHub\STM32CubeIDE\workspace_1.18.0\Lab1\MXTmpFiles\license.tmp
2026-04-12 17:05:35,531 [INFO] CodeEngine:263 - oldGeneratedFile, C:\Users\blew2\Documents\GitHub\STM32CubeIDE\workspace_1.18.0\Lab1\MXTmpFiles\gpio.tmp_save
2026-04-12 17:05:35,710 [INFO] CodeEngine:287 - Generated code: C:\Users\blew2\Documents\GitHub\STM32CubeIDE\workspace_1.18.0\Lab1\MXTmpFiles\gpio.tmp
2026-04-12 17:05:35,875 [WARN] IPConfigManager:3174 - Warning: the RefConfig PWREx_EnableUSBVoltageDetector is not available in your config.xml file
2026-04-12 17:05:35,911 [INFO] Middleware:1452 - No code input for Bsp Dependency
2026-04-12 17:05:35,925 [INFO] CodeEngine:263 - oldGeneratedFile, C:\Users\blew2\Documents\GitHub\STM32CubeIDE\workspace_1.18.0\Lab1\MXTmpFiles\rtos_inc.tmp_save
2026-04-12 17:05:36,039 [INFO] CodeEngine:287 - Generated code: C:\Users\blew2\Documents\GitHub\STM32CubeIDE\workspace_1.18.0\Lab1\MXTmpFiles\rtos_inc.tmp
2026-04-12 17:05:36,050 [INFO] CodeEngine:263 - oldGeneratedFile, C:\Users\blew2\Documents\GitHub\STM32CubeIDE\workspace_1.18.0\Lab1\MXTmpFiles\rtos_kernelInit.tmp_save
2026-04-12 17:05:36,137 [INFO] CodeEngine:287 - Generated code: C:\Users\blew2\Documents\GitHub\STM32CubeIDE\workspace_1.18.0\Lab1\MXTmpFiles\rtos_kernelInit.tmp
2026-04-12 17:05:36,147 [INFO] CodeEngine:263 - oldGeneratedFile, C:\Users\blew2\Documents\GitHub\STM32CubeIDE\workspace_1.18.0\Lab1\MXTmpFiles\rtos_kernelStart.tmp_save
2026-04-12 17:05:36,214 [INFO] CodeEngine:287 - Generated code: C:\Users\blew2\Documents\GitHub\STM32CubeIDE\workspace_1.18.0\Lab1\MXTmpFiles\rtos_kernelStart.tmp
2026-04-12 17:05:36,224 [INFO] CodeEngine:263 - oldGeneratedFile, C:\Users\blew2\Documents\GitHub\STM32CubeIDE\workspace_1.18.0\Lab1\MXTmpFiles\rtos_typedefs.tmp_save
2026-04-12 17:05:36,297 [INFO] CodeEngine:287 - Generated code: C:\Users\blew2\Documents\GitHub\STM32CubeIDE\workspace_1.18.0\Lab1\MXTmpFiles\rtos_typedefs.tmp
2026-04-12 17:05:36,308 [INFO] CodeEngine:263 - oldGeneratedFile, C:\Users\blew2\Documents\GitHub\STM32CubeIDE\workspace_1.18.0\Lab1\MXTmpFiles\rtos_vars.tmp_save
2026-04-12 17:05:36,387 [INFO] CodeEngine:287 - Generated code: C:\Users\blew2\Documents\GitHub\STM32CubeIDE\workspace_1.18.0\Lab1\MXTmpFiles\rtos_vars.tmp
2026-04-12 17:05:36,397 [INFO] CodeEngine:263 - oldGeneratedFile, C:\Users\blew2\Documents\GitHub\STM32CubeIDE\workspace_1.18.0\Lab1\MXTmpFiles\rtos_pfp.tmp_save
2026-04-12 17:05:36,471 [INFO] CodeEngine:287 - Generated code: C:\Users\blew2\Documents\GitHub\STM32CubeIDE\workspace_1.18.0\Lab1\MXTmpFiles\rtos_pfp.tmp
2026-04-12 17:05:36,482 [INFO] CodeEngine:263 - oldGeneratedFile, C:\Users\blew2\Documents\GitHub\STM32CubeIDE\workspace_1.18.0\Lab1\MXTmpFiles\rtos_obj_creat.tmp_save
2026-04-12 17:05:36,560 [INFO] CodeEngine:287 - Generated code: C:\Users\blew2\Documents\GitHub\STM32CubeIDE\workspace_1.18.0\Lab1\MXTmpFiles\rtos_obj_creat.tmp
2026-04-12 17:05:36,572 [INFO] CodeEngine:263 - oldGeneratedFile, C:\Users\blew2\Documents\GitHub\STM32CubeIDE\workspace_1.18.0\Lab1\MXTmpFiles\rtos_default_thread.tmp_save
2026-04-12 17:05:36,648 [INFO] CodeEngine:287 - Generated code: C:\Users\blew2\Documents\GitHub\STM32CubeIDE\workspace_1.18.0\Lab1\MXTmpFiles\rtos_default_thread.tmp
2026-04-12 17:05:36,658 [INFO] CodeEngine:263 - oldGeneratedFile, C:\Users\blew2\Documents\GitHub\STM32CubeIDE\workspace_1.18.0\Lab1\MXTmpFiles\rtos_threads.tmp_save
2026-04-12 17:05:36,723 [INFO] CodeEngine:287 - Generated code: C:\Users\blew2\Documents\GitHub\STM32CubeIDE\workspace_1.18.0\Lab1\MXTmpFiles\rtos_threads.tmp
2026-04-12 17:05:36,755 [INFO] Middleware:1452 - No code input for Bsp Dependency
2026-04-12 17:05:36,775 [INFO] CodeEngine:263 - oldGeneratedFile, C:\Users\blew2\Documents\GitHub\STM32CubeIDE\workspace_1.18.0\Lab1\MXTmpFiles\rtos_inc.tmp_save
2026-04-12 17:05:36,843 [INFO] CodeEngine:287 - Generated code: C:\Users\blew2\Documents\GitHub\STM32CubeIDE\workspace_1.18.0\Lab1\MXTmpFiles\rtos_inc.tmp
2026-04-12 17:05:36,860 [INFO] CodeEngine:263 - oldGeneratedFile, C:\Users\blew2\Documents\GitHub\STM32CubeIDE\workspace_1.18.0\Lab1\MXTmpFiles\rtos_kernelInit.tmp_save
2026-04-12 17:05:36,922 [INFO] CodeEngine:287 - Generated code: C:\Users\blew2\Documents\GitHub\STM32CubeIDE\workspace_1.18.0\Lab1\MXTmpFiles\rtos_kernelInit.tmp
2026-04-12 17:05:36,935 [INFO] CodeEngine:263 - oldGeneratedFile, C:\Users\blew2\Documents\GitHub\STM32CubeIDE\workspace_1.18.0\Lab1\MXTmpFiles\rtos_kernelStart.tmp_save
2026-04-12 17:05:37,001 [INFO] CodeEngine:287 - Generated code: C:\Users\blew2\Documents\GitHub\STM32CubeIDE\workspace_1.18.0\Lab1\MXTmpFiles\rtos_kernelStart.tmp
2026-04-12 17:05:37,014 [INFO] CodeEngine:263 - oldGeneratedFile, C:\Users\blew2\Documents\GitHub\STM32CubeIDE\workspace_1.18.0\Lab1\MXTmpFiles\rtos_typedefs.tmp_save
2026-04-12 17:05:37,081 [INFO] CodeEngine:287 - Generated code: C:\Users\blew2\Documents\GitHub\STM32CubeIDE\workspace_1.18.0\Lab1\MXTmpFiles\rtos_typedefs.tmp
2026-04-12 17:05:37,095 [INFO] CodeEngine:263 - oldGeneratedFile, C:\Users\blew2\Documents\GitHub\STM32CubeIDE\workspace_1.18.0\Lab1\MXTmpFiles\rtos_vars.tmp_save
2026-04-12 17:05:37,160 [INFO] CodeEngine:287 - Generated code: C:\Users\blew2\Documents\GitHub\STM32CubeIDE\workspace_1.18.0\Lab1\MXTmpFiles\rtos_vars.tmp
2026-04-12 17:05:37,173 [INFO] CodeEngine:263 - oldGeneratedFile, C:\Users\blew2\Documents\GitHub\STM32CubeIDE\workspace_1.18.0\Lab1\MXTmpFiles\rtos_pfp.tmp_save
2026-04-12 17:05:37,236 [INFO] CodeEngine:287 - Generated code: C:\Users\blew2\Documents\GitHub\STM32CubeIDE\workspace_1.18.0\Lab1\MXTmpFiles\rtos_pfp.tmp
2026-04-12 17:05:37,249 [INFO] CodeEngine:263 - oldGeneratedFile, C:\Users\blew2\Documents\GitHub\STM32CubeIDE\workspace_1.18.0\Lab1\MXTmpFiles\rtos_obj_creat.tmp_save
2026-04-12 17:05:37,321 [INFO] CodeEngine:287 - Generated code: C:\Users\blew2\Documents\GitHub\STM32CubeIDE\workspace_1.18.0\Lab1\MXTmpFiles\rtos_obj_creat.tmp
2026-04-12 17:05:37,334 [INFO] CodeEngine:263 - oldGeneratedFile, C:\Users\blew2\Documents\GitHub\STM32CubeIDE\workspace_1.18.0\Lab1\MXTmpFiles\rtos_default_thread.tmp_save
2026-04-12 17:05:37,403 [INFO] CodeEngine:287 - Generated code: C:\Users\blew2\Documents\GitHub\STM32CubeIDE\workspace_1.18.0\Lab1\MXTmpFiles\rtos_default_thread.tmp
2026-04-12 17:05:37,416 [INFO] CodeEngine:263 - oldGeneratedFile, C:\Users\blew2\Documents\GitHub\STM32CubeIDE\workspace_1.18.0\Lab1\MXTmpFiles\rtos_threads.tmp_save
2026-04-12 17:05:37,476 [INFO] CodeEngine:287 - Generated code: C:\Users\blew2\Documents\GitHub\STM32CubeIDE\workspace_1.18.0\Lab1\MXTmpFiles\rtos_threads.tmp
2026-04-12 17:05:37,491 [INFO] CodeEngine:263 - oldGeneratedFile, C:\Users\blew2\Documents\GitHub\STM32CubeIDE\workspace_1.18.0\Lab1\Core\Inc\FreeRTOSConfig.h_save
2026-04-12 17:05:37,572 [INFO] CodeEngine:287 - Generated code: C:\Users\blew2\Documents\GitHub\STM32CubeIDE\workspace_1.18.0\Lab1\Core\Inc\FreeRTOSConfig.h
2026-04-12 17:05:37,590 [INFO] CodeEngine:263 - oldGeneratedFile, C:\Users\blew2\Documents\GitHub\STM32CubeIDE\workspace_1.18.0\Lab1\Core\Src\freertos.c_save
2026-04-12 17:05:37,667 [INFO] CodeEngine:287 - Generated code: C:\Users\blew2\Documents\GitHub\STM32CubeIDE\workspace_1.18.0\Lab1\Core\Src\freertos.c
2026-04-12 17:05:37,697 [INFO] CodeEngine:263 - oldGeneratedFile, C:\Users\blew2\Documents\GitHub\STM32CubeIDE\workspace_1.18.0\Lab1\Core\Src\stm32l4xx_it.c_save
2026-04-12 17:05:37,867 [INFO] CodeEngine:287 - Generated code: C:\Users\blew2\Documents\GitHub\STM32CubeIDE\workspace_1.18.0\Lab1\Core\Src\stm32l4xx_it.c
2026-04-12 17:05:37,884 [INFO] CodeEngine:263 - oldGeneratedFile, C:\Users\blew2\Documents\GitHub\STM32CubeIDE\workspace_1.18.0\Lab1\Core\Inc\stm32l4xx_it.h_save
2026-04-12 17:05:37,966 [INFO] CodeEngine:287 - Generated code: C:\Users\blew2\Documents\GitHub\STM32CubeIDE\workspace_1.18.0\Lab1\Core\Inc\stm32l4xx_it.h
2026-04-12 17:05:38,002 [INFO] CodeEngine:263 - oldGeneratedFile, C:\Users\blew2\Documents\GitHub\STM32CubeIDE\workspace_1.18.0\Lab1\Core\Src\stm32l4xx_hal_msp.c_save
2026-04-12 17:05:38,119 [INFO] CodeEngine:287 - Generated code: C:\Users\blew2\Documents\GitHub\STM32CubeIDE\workspace_1.18.0\Lab1\Core\Src\stm32l4xx_hal_msp.c
2026-04-12 17:05:38,130 [INFO] CodeEngine:263 - oldGeneratedFile, C:\Users\blew2\Documents\GitHub\STM32CubeIDE\workspace_1.18.0\Lab1\MXTmpFiles\system.tmp_save
2026-04-12 17:05:38,215 [INFO] CodeEngine:287 - Generated code: C:\Users\blew2\Documents\GitHub\STM32CubeIDE\workspace_1.18.0\Lab1\MXTmpFiles\system.tmp
2026-04-12 17:05:38,230 [INFO] CodeEngine:263 - oldGeneratedFile, C:\Users\blew2\Documents\GitHub\STM32CubeIDE\workspace_1.18.0\Lab1\Core\Src\stm32l4xx_hal_timebase_tim.c_save
2026-04-12 17:05:38,298 [INFO] CodeEngine:287 - Generated code: C:\Users\blew2\Documents\GitHub\STM32CubeIDE\workspace_1.18.0\Lab1\Core\Src\stm32l4xx_hal_timebase_tim.c
2026-04-12 17:05:38,329 [INFO] CodeEngine:319 - oldGeneratedFile, C:\Users\blew2\Documents\GitHub\STM32CubeIDE\workspace_1.18.0\Lab1\Core\Inc\stm32l4xx_hal_conf.h_save
2026-04-12 17:05:38,395 [INFO] CodeEngine:343 - Generated code: C:\Users\blew2\Documents\GitHub\STM32CubeIDE\workspace_1.18.0\Lab1\Core\Inc\stm32l4xx_hal_conf.h
2026-04-12 17:05:38,422 [WARN] IPConfigManager:3747 - IP not found : USB_OTG
2026-04-12 17:05:38,425 [WARN] CodeGenerator:4198 - IP not found : null
2026-04-12 17:05:38,441 [INFO] CodeEngine:263 - oldGeneratedFile, C:\Users\blew2\Documents\GitHub\STM32CubeIDE\workspace_1.18.0\Lab1\Core\Inc\main.h_save
2026-04-12 17:05:38,519 [INFO] CodeEngine:287 - Generated code: C:\Users\blew2\Documents\GitHub\STM32CubeIDE\workspace_1.18.0\Lab1\Core\Inc\main.h
2026-04-12 17:05:38,533 [INFO] CodeEngine:263 - oldGeneratedFile, C:\Users\blew2\Documents\GitHub\STM32CubeIDE\workspace_1.18.0\Lab1\Core\Src\main.c_save
2026-04-12 17:05:38,664 [INFO] CodeEngine:287 - Generated code: C:\Users\blew2\Documents\GitHub\STM32CubeIDE\workspace_1.18.0\Lab1\Core\Src\main.c
2026-04-12 17:05:39,446 [INFO] ProjectBuilder:3324 - Time for Copy HAL[1] : 595mS.
2026-04-12 17:05:39,457 [INFO] ProjectBuilder:4912 - Project Generator version: 4.6.0-B36
2026-04-12 17:05:39,533 [INFO] ConfigFileManager:1590 - The Die is : DIE461
2026-04-12 17:05:41,129 [INFO] ProjectBuilder:5191 - Time for Generating toolchain IDE Files: 1672mS.
2026-04-12 17:05:41,131 [INFO] ProjectBuilder:3181 - Time for Copy CMSIS : 2mS.
2026-04-12 17:05:41,153 [INFO] ProjectBuilder:3181 - Time for Copy CMSIS : 0mS.
2026-04-12 17:12:35,902 [INFO] UtilMem:75 - End SaveConfig() Used Memory: 855494696 Bytes (1073741824)
2026-04-12 17:12:37,487 [INFO] UtilMem:75 - End SaveConfig() Used Memory: 892714328 Bytes (1073741824)
2026-04-12 17:12:38,572 [INFO] UtilMem:75 - End SaveConfig() Used Memory: 890653256 Bytes (1073741824)
2026-04-12 17:12:39,013 [INFO] BlockDiagram:2775 - set Specific Code input for plugin: FREERTOS
2026-04-12 17:12:39,013 [INFO] BlockDiagram:2775 - set Specific Code input for plugin: SYS
2026-04-12 17:12:39,013 [INFO] BlockDiagram:2775 - set Specific Code input for plugin: RCC
2026-04-12 17:12:39,013 [INFO] BlockDiagram:2775 - set Specific Code input for plugin: LPUART
2026-04-12 17:12:39,013 [INFO] BlockDiagram:2775 - set Specific Code input for plugin: USB_OTG_FS
2026-04-12 17:12:39,013 [INFO] BlockDiagram:2775 - set Specific Code input for plugin: NVIC
2026-04-12 17:12:39,014 [INFO] BlockDiagram:2775 - set Specific Code input for plugin: GPIO
2026-04-12 17:12:39,016 [INFO] CodeGenerator:882 - code generatio: config db path: C:\ST\STM32CubeIDE_1.17.0\STM32CubeIDE\plugins\com.st.stm32cube.common.mx_6.14.0.202502271554\\db\
2026-04-12 17:12:39,192 [INFO] CodeEngine:263 - oldGeneratedFile, C:\Users\blew2\Documents\GitHub\STM32CubeIDE\workspace_1.18.0\Lab1\MXTmpFiles\license.tmp_save
2026-04-12 17:12:39,441 [INFO] CodeEngine:287 - Generated code: C:\Users\blew2\Documents\GitHub\STM32CubeIDE\workspace_1.18.0\Lab1\MXTmpFiles\license.tmp
2026-04-12 17:12:39,505 [INFO] CodeEngine:263 - oldGeneratedFile, C:\Users\blew2\Documents\GitHub\STM32CubeIDE\workspace_1.18.0\Lab1\MXTmpFiles\gpio.tmp_save
2026-04-12 17:12:39,647 [INFO] CodeEngine:287 - Generated code: C:\Users\blew2\Documents\GitHub\STM32CubeIDE\workspace_1.18.0\Lab1\MXTmpFiles\gpio.tmp
2026-04-12 17:12:39,799 [WARN] IPConfigManager:3174 - Warning: the RefConfig PWREx_EnableUSBVoltageDetector is not available in your config.xml file
2026-04-12 17:12:39,836 [INFO] Middleware:1452 - No code input for Bsp Dependency
2026-04-12 17:12:39,849 [INFO] CodeEngine:263 - oldGeneratedFile, C:\Users\blew2\Documents\GitHub\STM32CubeIDE\workspace_1.18.0\Lab1\MXTmpFiles\rtos_inc.tmp_save
2026-04-12 17:12:39,960 [INFO] CodeEngine:287 - Generated code: C:\Users\blew2\Documents\GitHub\STM32CubeIDE\workspace_1.18.0\Lab1\MXTmpFiles\rtos_inc.tmp
2026-04-12 17:12:39,969 [INFO] CodeEngine:263 - oldGeneratedFile, C:\Users\blew2\Documents\GitHub\STM32CubeIDE\workspace_1.18.0\Lab1\MXTmpFiles\rtos_kernelInit.tmp_save
2026-04-12 17:12:40,055 [INFO] CodeEngine:287 - Generated code: C:\Users\blew2\Documents\GitHub\STM32CubeIDE\workspace_1.18.0\Lab1\MXTmpFiles\rtos_kernelInit.tmp
2026-04-12 17:12:40,064 [INFO] CodeEngine:263 - oldGeneratedFile, C:\Users\blew2\Documents\GitHub\STM32CubeIDE\workspace_1.18.0\Lab1\MXTmpFiles\rtos_kernelStart.tmp_save
2026-04-12 17:12:40,132 [INFO] CodeEngine:287 - Generated code: C:\Users\blew2\Documents\GitHub\STM32CubeIDE\workspace_1.18.0\Lab1\MXTmpFiles\rtos_kernelStart.tmp
2026-04-12 17:12:40,142 [INFO] CodeEngine:263 - oldGeneratedFile, C:\Users\blew2\Documents\GitHub\STM32CubeIDE\workspace_1.18.0\Lab1\MXTmpFiles\rtos_typedefs.tmp_save
2026-04-12 17:12:40,204 [INFO] CodeEngine:287 - Generated code: C:\Users\blew2\Documents\GitHub\STM32CubeIDE\workspace_1.18.0\Lab1\MXTmpFiles\rtos_typedefs.tmp
2026-04-12 17:12:40,214 [INFO] CodeEngine:263 - oldGeneratedFile, C:\Users\blew2\Documents\GitHub\STM32CubeIDE\workspace_1.18.0\Lab1\MXTmpFiles\rtos_vars.tmp_save
2026-04-12 17:12:40,276 [INFO] CodeEngine:287 - Generated code: C:\Users\blew2\Documents\GitHub\STM32CubeIDE\workspace_1.18.0\Lab1\MXTmpFiles\rtos_vars.tmp
2026-04-12 17:12:40,288 [INFO] CodeEngine:263 - oldGeneratedFile, C:\Users\blew2\Documents\GitHub\STM32CubeIDE\workspace_1.18.0\Lab1\MXTmpFiles\rtos_pfp.tmp_save
2026-04-12 17:12:40,344 [INFO] CodeEngine:287 - Generated code: C:\Users\blew2\Documents\GitHub\STM32CubeIDE\workspace_1.18.0\Lab1\MXTmpFiles\rtos_pfp.tmp
2026-04-12 17:12:40,355 [INFO] CodeEngine:263 - oldGeneratedFile, C:\Users\blew2\Documents\GitHub\STM32CubeIDE\workspace_1.18.0\Lab1\MXTmpFiles\rtos_obj_creat.tmp_save
2026-04-12 17:12:40,413 [INFO] CodeEngine:287 - Generated code: C:\Users\blew2\Documents\GitHub\STM32CubeIDE\workspace_1.18.0\Lab1\MXTmpFiles\rtos_obj_creat.tmp
2026-04-12 17:12:40,423 [INFO] CodeEngine:263 - oldGeneratedFile, C:\Users\blew2\Documents\GitHub\STM32CubeIDE\workspace_1.18.0\Lab1\MXTmpFiles\rtos_default_thread.tmp_save
2026-04-12 17:12:40,481 [INFO] CodeEngine:287 - Generated code: C:\Users\blew2\Documents\GitHub\STM32CubeIDE\workspace_1.18.0\Lab1\MXTmpFiles\rtos_default_thread.tmp
2026-04-12 17:12:40,490 [INFO] CodeEngine:263 - oldGeneratedFile, C:\Users\blew2\Documents\GitHub\STM32CubeIDE\workspace_1.18.0\Lab1\MXTmpFiles\rtos_threads.tmp_save
2026-04-12 17:12:40,553 [INFO] CodeEngine:287 - Generated code: C:\Users\blew2\Documents\GitHub\STM32CubeIDE\workspace_1.18.0\Lab1\MXTmpFiles\rtos_threads.tmp
2026-04-12 17:12:40,581 [INFO] Middleware:1452 - No code input for Bsp Dependency
2026-04-12 17:12:40,599 [INFO] CodeEngine:263 - oldGeneratedFile, C:\Users\blew2\Documents\GitHub\STM32CubeIDE\workspace_1.18.0\Lab1\MXTmpFiles\rtos_inc.tmp_save
2026-04-12 17:12:40,660 [INFO] CodeEngine:287 - Generated code: C:\Users\blew2\Documents\GitHub\STM32CubeIDE\workspace_1.18.0\Lab1\MXTmpFiles\rtos_inc.tmp
2026-04-12 17:12:40,672 [INFO] CodeEngine:263 - oldGeneratedFile, C:\Users\blew2\Documents\GitHub\STM32CubeIDE\workspace_1.18.0\Lab1\MXTmpFiles\rtos_kernelInit.tmp_save
2026-04-12 17:12:40,732 [INFO] CodeEngine:287 - Generated code: C:\Users\blew2\Documents\GitHub\STM32CubeIDE\workspace_1.18.0\Lab1\MXTmpFiles\rtos_kernelInit.tmp
2026-04-12 17:12:40,744 [INFO] CodeEngine:263 - oldGeneratedFile, C:\Users\blew2\Documents\GitHub\STM32CubeIDE\workspace_1.18.0\Lab1\MXTmpFiles\rtos_kernelStart.tmp_save
2026-04-12 17:12:40,803 [INFO] CodeEngine:287 - Generated code: C:\Users\blew2\Documents\GitHub\STM32CubeIDE\workspace_1.18.0\Lab1\MXTmpFiles\rtos_kernelStart.tmp
2026-04-12 17:12:40,816 [INFO] CodeEngine:263 - oldGeneratedFile, C:\Users\blew2\Documents\GitHub\STM32CubeIDE\workspace_1.18.0\Lab1\MXTmpFiles\rtos_typedefs.tmp_save
2026-04-12 17:12:40,878 [INFO] CodeEngine:287 - Generated code: C:\Users\blew2\Documents\GitHub\STM32CubeIDE\workspace_1.18.0\Lab1\MXTmpFiles\rtos_typedefs.tmp
2026-04-12 17:12:40,891 [INFO] CodeEngine:263 - oldGeneratedFile, C:\Users\blew2\Documents\GitHub\STM32CubeIDE\workspace_1.18.0\Lab1\MXTmpFiles\rtos_vars.tmp_save
2026-04-12 17:12:40,954 [INFO] CodeEngine:287 - Generated code: C:\Users\blew2\Documents\GitHub\STM32CubeIDE\workspace_1.18.0\Lab1\MXTmpFiles\rtos_vars.tmp
2026-04-12 17:12:40,969 [INFO] CodeEngine:263 - oldGeneratedFile, C:\Users\blew2\Documents\GitHub\STM32CubeIDE\workspace_1.18.0\Lab1\MXTmpFiles\rtos_pfp.tmp_save
2026-04-12 17:12:41,032 [INFO] CodeEngine:287 - Generated code: C:\Users\blew2\Documents\GitHub\STM32CubeIDE\workspace_1.18.0\Lab1\MXTmpFiles\rtos_pfp.tmp
2026-04-12 17:12:41,047 [INFO] CodeEngine:263 - oldGeneratedFile, C:\Users\blew2\Documents\GitHub\STM32CubeIDE\workspace_1.18.0\Lab1\MXTmpFiles\rtos_obj_creat.tmp_save
2026-04-12 17:12:41,108 [INFO] CodeEngine:287 - Generated code: C:\Users\blew2\Documents\GitHub\STM32CubeIDE\workspace_1.18.0\Lab1\MXTmpFiles\rtos_obj_creat.tmp
2026-04-12 17:12:41,122 [INFO] CodeEngine:263 - oldGeneratedFile, C:\Users\blew2\Documents\GitHub\STM32CubeIDE\workspace_1.18.0\Lab1\MXTmpFiles\rtos_default_thread.tmp_save
2026-04-12 17:12:41,182 [INFO] CodeEngine:287 - Generated code: C:\Users\blew2\Documents\GitHub\STM32CubeIDE\workspace_1.18.0\Lab1\MXTmpFiles\rtos_default_thread.tmp
2026-04-12 17:12:41,195 [INFO] CodeEngine:263 - oldGeneratedFile, C:\Users\blew2\Documents\GitHub\STM32CubeIDE\workspace_1.18.0\Lab1\MXTmpFiles\rtos_threads.tmp_save
2026-04-12 17:12:41,272 [INFO] CodeEngine:287 - Generated code: C:\Users\blew2\Documents\GitHub\STM32CubeIDE\workspace_1.18.0\Lab1\MXTmpFiles\rtos_threads.tmp
2026-04-12 17:12:41,289 [INFO] CodeEngine:263 - oldGeneratedFile, C:\Users\blew2\Documents\GitHub\STM32CubeIDE\workspace_1.18.0\Lab1\Core\Inc\FreeRTOSConfig.h_save
2026-04-12 17:12:41,391 [INFO] CodeEngine:287 - Generated code: C:\Users\blew2\Documents\GitHub\STM32CubeIDE\workspace_1.18.0\Lab1\Core\Inc\FreeRTOSConfig.h
2026-04-12 17:12:41,408 [INFO] CodeEngine:263 - oldGeneratedFile, C:\Users\blew2\Documents\GitHub\STM32CubeIDE\workspace_1.18.0\Lab1\Core\Src\freertos.c_save
2026-04-12 17:12:41,487 [INFO] CodeEngine:287 - Generated code: C:\Users\blew2\Documents\GitHub\STM32CubeIDE\workspace_1.18.0\Lab1\Core\Src\freertos.c
2026-04-12 17:12:41,528 [INFO] CodeEngine:263 - oldGeneratedFile, C:\Users\blew2\Documents\GitHub\STM32CubeIDE\workspace_1.18.0\Lab1\Core\Src\stm32l4xx_it.c_save
2026-04-12 17:12:41,965 [INFO] CodeEngine:287 - Generated code: C:\Users\blew2\Documents\GitHub\STM32CubeIDE\workspace_1.18.0\Lab1\Core\Src\stm32l4xx_it.c
2026-04-12 17:12:41,979 [INFO] CodeEngine:263 - oldGeneratedFile, C:\Users\blew2\Documents\GitHub\STM32CubeIDE\workspace_1.18.0\Lab1\Core\Inc\stm32l4xx_it.h_save
2026-04-12 17:12:42,054 [INFO] CodeEngine:287 - Generated code: C:\Users\blew2\Documents\GitHub\STM32CubeIDE\workspace_1.18.0\Lab1\Core\Inc\stm32l4xx_it.h
2026-04-12 17:12:42,081 [INFO] CodeEngine:263 - oldGeneratedFile, C:\Users\blew2\Documents\GitHub\STM32CubeIDE\workspace_1.18.0\Lab1\Core\Src\stm32l4xx_hal_msp.c_save
2026-04-12 17:12:42,176 [INFO] CodeEngine:287 - Generated code: C:\Users\blew2\Documents\GitHub\STM32CubeIDE\workspace_1.18.0\Lab1\Core\Src\stm32l4xx_hal_msp.c
2026-04-12 17:12:42,187 [INFO] CodeEngine:263 - oldGeneratedFile, C:\Users\blew2\Documents\GitHub\STM32CubeIDE\workspace_1.18.0\Lab1\MXTmpFiles\system.tmp_save
2026-04-12 17:12:42,238 [INFO] CodeEngine:287 - Generated code: C:\Users\blew2\Documents\GitHub\STM32CubeIDE\workspace_1.18.0\Lab1\MXTmpFiles\system.tmp
2026-04-12 17:12:42,251 [INFO] CodeEngine:263 - oldGeneratedFile, C:\Users\blew2\Documents\GitHub\STM32CubeIDE\workspace_1.18.0\Lab1\Core\Src\stm32l4xx_hal_timebase_tim.c_save
2026-04-12 17:12:42,311 [INFO] CodeEngine:287 - Generated code: C:\Users\blew2\Documents\GitHub\STM32CubeIDE\workspace_1.18.0\Lab1\Core\Src\stm32l4xx_hal_timebase_tim.c
2026-04-12 17:12:42,337 [INFO] CodeEngine:319 - oldGeneratedFile, C:\Users\blew2\Documents\GitHub\STM32CubeIDE\workspace_1.18.0\Lab1\Core\Inc\stm32l4xx_hal_conf.h_save
2026-04-12 17:12:42,402 [INFO] CodeEngine:343 - Generated code: C:\Users\blew2\Documents\GitHub\STM32CubeIDE\workspace_1.18.0\Lab1\Core\Inc\stm32l4xx_hal_conf.h
2026-04-12 17:12:42,425 [WARN] IPConfigManager:3747 - IP not found : USB_OTG
2026-04-12 17:12:42,427 [WARN] CodeGenerator:4198 - IP not found : null
2026-04-12 17:12:42,443 [INFO] CodeEngine:263 - oldGeneratedFile, C:\Users\blew2\Documents\GitHub\STM32CubeIDE\workspace_1.18.0\Lab1\Core\Inc\main.h_save
2026-04-12 17:12:42,518 [INFO] CodeEngine:287 - Generated code: C:\Users\blew2\Documents\GitHub\STM32CubeIDE\workspace_1.18.0\Lab1\Core\Inc\main.h
2026-04-12 17:12:42,532 [INFO] CodeEngine:263 - oldGeneratedFile, C:\Users\blew2\Documents\GitHub\STM32CubeIDE\workspace_1.18.0\Lab1\Core\Src\main.c_save
2026-04-12 17:12:42,657 [INFO] CodeEngine:287 - Generated code: C:\Users\blew2\Documents\GitHub\STM32CubeIDE\workspace_1.18.0\Lab1\Core\Src\main.c
2026-04-12 17:12:43,406 [INFO] ProjectBuilder:3324 - Time for Copy HAL[1] : 568mS.
2026-04-12 17:12:43,417 [INFO] ProjectBuilder:4912 - Project Generator version: 4.6.0-B36
2026-04-12 17:12:43,520 [INFO] ConfigFileManager:1590 - The Die is : DIE461
2026-04-12 17:12:45,223 [INFO] ProjectBuilder:5191 - Time for Generating toolchain IDE Files: 1806mS.
2026-04-12 17:12:45,225 [INFO] ProjectBuilder:3181 - Time for Copy CMSIS : 1mS.
2026-04-12 17:12:45,247 [INFO] ProjectBuilder:3181 - Time for Copy CMSIS : 0mS.
2026-04-12 17:13:38,201 [INFO] UtilMem:75 - End SaveConfig() Used Memory: 914852168 Bytes (1073741824)
2026-04-12 17:13:39,003 [INFO] UtilMem:75 - End SaveConfig() Used Memory: 950503752 Bytes (1073741824)
2026-04-12 17:13:40,065 [INFO] UtilMem:75 - End SaveConfig() Used Memory: 858144296 Bytes (1073741824)
2026-04-12 17:13:40,299 [INFO] BlockDiagram:2775 - set Specific Code input for plugin: FREERTOS
2026-04-12 17:13:40,299 [INFO] BlockDiagram:2775 - set Specific Code input for plugin: SYS
2026-04-12 17:13:40,299 [INFO] BlockDiagram:2775 - set Specific Code input for plugin: RCC
2026-04-12 17:13:40,299 [INFO] BlockDiagram:2775 - set Specific Code input for plugin: LPUART
2026-04-12 17:13:40,300 [INFO] BlockDiagram:2775 - set Specific Code input for plugin: USB_OTG_FS
2026-04-12 17:13:40,300 [INFO] BlockDiagram:2775 - set Specific Code input for plugin: NVIC
2026-04-12 17:13:40,300 [INFO] BlockDiagram:2775 - set Specific Code input for plugin: GPIO
2026-04-12 17:13:40,302 [INFO] CodeGenerator:882 - code generatio: config db path: C:\ST\STM32CubeIDE_1.17.0\STM32CubeIDE\plugins\com.st.stm32cube.common.mx_6.14.0.202502271554\\db\
2026-04-12 17:13:40,423 [INFO] CodeEngine:263 - oldGeneratedFile, C:\Users\blew2\Documents\GitHub\STM32CubeIDE\workspace_1.18.0\Lab1\MXTmpFiles\license.tmp_save
2026-04-12 17:13:40,512 [INFO] CodeEngine:287 - Generated code: C:\Users\blew2\Documents\GitHub\STM32CubeIDE\workspace_1.18.0\Lab1\MXTmpFiles\license.tmp
2026-04-12 17:13:40,578 [INFO] CodeEngine:263 - oldGeneratedFile, C:\Users\blew2\Documents\GitHub\STM32CubeIDE\workspace_1.18.0\Lab1\MXTmpFiles\gpio.tmp_save
2026-04-12 17:13:40,667 [INFO] CodeEngine:287 - Generated code: C:\Users\blew2\Documents\GitHub\STM32CubeIDE\workspace_1.18.0\Lab1\MXTmpFiles\gpio.tmp
2026-04-12 17:13:40,856 [WARN] IPConfigManager:3174 - Warning: the RefConfig PWREx_EnableUSBVoltageDetector is not available in your config.xml file
2026-04-12 17:13:40,888 [INFO] Middleware:1452 - No code input for Bsp Dependency
2026-04-12 17:13:40,902 [INFO] CodeEngine:263 - oldGeneratedFile, C:\Users\blew2\Documents\GitHub\STM32CubeIDE\workspace_1.18.0\Lab1\MXTmpFiles\rtos_inc.tmp_save
2026-04-12 17:13:40,960 [INFO] CodeEngine:287 - Generated code: C:\Users\blew2\Documents\GitHub\STM32CubeIDE\workspace_1.18.0\Lab1\MXTmpFiles\rtos_inc.tmp
2026-04-12 17:13:40,969 [INFO] CodeEngine:263 - oldGeneratedFile, C:\Users\blew2\Documents\GitHub\STM32CubeIDE\workspace_1.18.0\Lab1\MXTmpFiles\rtos_kernelInit.tmp_save
2026-04-12 17:13:41,033 [INFO] CodeEngine:287 - Generated code: C:\Users\blew2\Documents\GitHub\STM32CubeIDE\workspace_1.18.0\Lab1\MXTmpFiles\rtos_kernelInit.tmp
2026-04-12 17:13:41,042 [INFO] CodeEngine:263 - oldGeneratedFile, C:\Users\blew2\Documents\GitHub\STM32CubeIDE\workspace_1.18.0\Lab1\MXTmpFiles\rtos_kernelStart.tmp_save
2026-04-12 17:13:41,108 [INFO] CodeEngine:287 - Generated code: C:\Users\blew2\Documents\GitHub\STM32CubeIDE\workspace_1.18.0\Lab1\MXTmpFiles\rtos_kernelStart.tmp
2026-04-12 17:13:41,117 [INFO] CodeEngine:263 - oldGeneratedFile, C:\Users\blew2\Documents\GitHub\STM32CubeIDE\workspace_1.18.0\Lab1\MXTmpFiles\rtos_typedefs.tmp_save
2026-04-12 17:13:41,178 [INFO] CodeEngine:287 - Generated code: C:\Users\blew2\Documents\GitHub\STM32CubeIDE\workspace_1.18.0\Lab1\MXTmpFiles\rtos_typedefs.tmp
2026-04-12 17:13:41,186 [INFO] CodeEngine:263 - oldGeneratedFile, C:\Users\blew2\Documents\GitHub\STM32CubeIDE\workspace_1.18.0\Lab1\MXTmpFiles\rtos_vars.tmp_save
2026-04-12 17:13:41,245 [INFO] CodeEngine:287 - Generated code: C:\Users\blew2\Documents\GitHub\STM32CubeIDE\workspace_1.18.0\Lab1\MXTmpFiles\rtos_vars.tmp
2026-04-12 17:13:41,253 [INFO] CodeEngine:263 - oldGeneratedFile, C:\Users\blew2\Documents\GitHub\STM32CubeIDE\workspace_1.18.0\Lab1\MXTmpFiles\rtos_pfp.tmp_save
2026-04-12 17:13:41,316 [INFO] CodeEngine:287 - Generated code: C:\Users\blew2\Documents\GitHub\STM32CubeIDE\workspace_1.18.0\Lab1\MXTmpFiles\rtos_pfp.tmp
2026-04-12 17:13:41,325 [INFO] CodeEngine:263 - oldGeneratedFile, C:\Users\blew2\Documents\GitHub\STM32CubeIDE\workspace_1.18.0\Lab1\MXTmpFiles\rtos_obj_creat.tmp_save
2026-04-12 17:13:41,385 [INFO] CodeEngine:287 - Generated code: C:\Users\blew2\Documents\GitHub\STM32CubeIDE\workspace_1.18.0\Lab1\MXTmpFiles\rtos_obj_creat.tmp
2026-04-12 17:13:41,393 [INFO] CodeEngine:263 - oldGeneratedFile, C:\Users\blew2\Documents\GitHub\STM32CubeIDE\workspace_1.18.0\Lab1\MXTmpFiles\rtos_default_thread.tmp_save
2026-04-12 17:13:41,455 [INFO] CodeEngine:287 - Generated code: C:\Users\blew2\Documents\GitHub\STM32CubeIDE\workspace_1.18.0\Lab1\MXTmpFiles\rtos_default_thread.tmp
2026-04-12 17:13:41,464 [INFO] CodeEngine:263 - oldGeneratedFile, C:\Users\blew2\Documents\GitHub\STM32CubeIDE\workspace_1.18.0\Lab1\MXTmpFiles\rtos_threads.tmp_save
2026-04-12 17:13:41,519 [INFO] CodeEngine:287 - Generated code: C:\Users\blew2\Documents\GitHub\STM32CubeIDE\workspace_1.18.0\Lab1\MXTmpFiles\rtos_threads.tmp
2026-04-12 17:13:41,553 [INFO] Middleware:1452 - No code input for Bsp Dependency
2026-04-12 17:13:41,570 [INFO] CodeEngine:263 - oldGeneratedFile, C:\Users\blew2\Documents\GitHub\STM32CubeIDE\workspace_1.18.0\Lab1\MXTmpFiles\rtos_inc.tmp_save
2026-04-12 17:13:41,635 [INFO] CodeEngine:287 - Generated code: C:\Users\blew2\Documents\GitHub\STM32CubeIDE\workspace_1.18.0\Lab1\MXTmpFiles\rtos_inc.tmp
2026-04-12 17:13:41,647 [INFO] CodeEngine:263 - oldGeneratedFile, C:\Users\blew2\Documents\GitHub\STM32CubeIDE\workspace_1.18.0\Lab1\MXTmpFiles\rtos_kernelInit.tmp_save
2026-04-12 17:13:41,707 [INFO] CodeEngine:287 - Generated code: C:\Users\blew2\Documents\GitHub\STM32CubeIDE\workspace_1.18.0\Lab1\MXTmpFiles\rtos_kernelInit.tmp
2026-04-12 17:13:41,720 [INFO] CodeEngine:263 - oldGeneratedFile, C:\Users\blew2\Documents\GitHub\STM32CubeIDE\workspace_1.18.0\Lab1\MXTmpFiles\rtos_kernelStart.tmp_save
2026-04-12 17:13:41,775 [INFO] CodeEngine:287 - Generated code: C:\Users\blew2\Documents\GitHub\STM32CubeIDE\workspace_1.18.0\Lab1\MXTmpFiles\rtos_kernelStart.tmp
2026-04-12 17:13:41,788 [INFO] CodeEngine:263 - oldGeneratedFile, C:\Users\blew2\Documents\GitHub\STM32CubeIDE\workspace_1.18.0\Lab1\MXTmpFiles\rtos_typedefs.tmp_save
2026-04-12 17:13:41,847 [INFO] CodeEngine:287 - Generated code: C:\Users\blew2\Documents\GitHub\STM32CubeIDE\workspace_1.18.0\Lab1\MXTmpFiles\rtos_typedefs.tmp
2026-04-12 17:13:41,860 [INFO] CodeEngine:263 - oldGeneratedFile, C:\Users\blew2\Documents\GitHub\STM32CubeIDE\workspace_1.18.0\Lab1\MXTmpFiles\rtos_vars.tmp_save
2026-04-12 17:13:41,920 [INFO] CodeEngine:287 - Generated code: C:\Users\blew2\Documents\GitHub\STM32CubeIDE\workspace_1.18.0\Lab1\MXTmpFiles\rtos_vars.tmp
2026-04-12 17:13:41,933 [INFO] CodeEngine:263 - oldGeneratedFile, C:\Users\blew2\Documents\GitHub\STM32CubeIDE\workspace_1.18.0\Lab1\MXTmpFiles\rtos_pfp.tmp_save
2026-04-12 17:13:41,991 [INFO] CodeEngine:287 - Generated code: C:\Users\blew2\Documents\GitHub\STM32CubeIDE\workspace_1.18.0\Lab1\MXTmpFiles\rtos_pfp.tmp
2026-04-12 17:13:42,004 [INFO] CodeEngine:263 - oldGeneratedFile, C:\Users\blew2\Documents\GitHub\STM32CubeIDE\workspace_1.18.0\Lab1\MXTmpFiles\rtos_obj_creat.tmp_save
2026-04-12 17:13:42,069 [INFO] CodeEngine:287 - Generated code: C:\Users\blew2\Documents\GitHub\STM32CubeIDE\workspace_1.18.0\Lab1\MXTmpFiles\rtos_obj_creat.tmp
2026-04-12 17:13:42,082 [INFO] CodeEngine:263 - oldGeneratedFile, C:\Users\blew2\Documents\GitHub\STM32CubeIDE\workspace_1.18.0\Lab1\MXTmpFiles\rtos_default_thread.tmp_save
2026-04-12 17:13:42,145 [INFO] CodeEngine:287 - Generated code: C:\Users\blew2\Documents\GitHub\STM32CubeIDE\workspace_1.18.0\Lab1\MXTmpFiles\rtos_default_thread.tmp
2026-04-12 17:13:42,159 [INFO] CodeEngine:263 - oldGeneratedFile, C:\Users\blew2\Documents\GitHub\STM32CubeIDE\workspace_1.18.0\Lab1\MXTmpFiles\rtos_threads.tmp_save
2026-04-12 17:13:42,221 [INFO] CodeEngine:287 - Generated code: C:\Users\blew2\Documents\GitHub\STM32CubeIDE\workspace_1.18.0\Lab1\MXTmpFiles\rtos_threads.tmp
2026-04-12 17:13:42,234 [INFO] CodeEngine:263 - oldGeneratedFile, C:\Users\blew2\Documents\GitHub\STM32CubeIDE\workspace_1.18.0\Lab1\Core\Inc\FreeRTOSConfig.h_save
2026-04-12 17:13:42,307 [INFO] CodeEngine:287 - Generated code: C:\Users\blew2\Documents\GitHub\STM32CubeIDE\workspace_1.18.0\Lab1\Core\Inc\FreeRTOSConfig.h
2026-04-12 17:13:42,320 [INFO] CodeEngine:263 - oldGeneratedFile, C:\Users\blew2\Documents\GitHub\STM32CubeIDE\workspace_1.18.0\Lab1\Core\Src\freertos.c_save
2026-04-12 17:13:42,382 [INFO] CodeEngine:287 - Generated code: C:\Users\blew2\Documents\GitHub\STM32CubeIDE\workspace_1.18.0\Lab1\Core\Src\freertos.c
2026-04-12 17:13:42,409 [INFO] CodeEngine:263 - oldGeneratedFile, C:\Users\blew2\Documents\GitHub\STM32CubeIDE\workspace_1.18.0\Lab1\Core\Src\stm32l4xx_it.c_save
2026-04-12 17:13:42,482 [INFO] CodeEngine:287 - Generated code: C:\Users\blew2\Documents\GitHub\STM32CubeIDE\workspace_1.18.0\Lab1\Core\Src\stm32l4xx_it.c
2026-04-12 17:13:42,493 [INFO] CodeEngine:263 - oldGeneratedFile, C:\Users\blew2\Documents\GitHub\STM32CubeIDE\workspace_1.18.0\Lab1\Core\Inc\stm32l4xx_it.h_save
2026-04-12 17:13:42,559 [INFO] CodeEngine:287 - Generated code: C:\Users\blew2\Documents\GitHub\STM32CubeIDE\workspace_1.18.0\Lab1\Core\Inc\stm32l4xx_it.h
2026-04-12 17:13:42,585 [INFO] CodeEngine:263 - oldGeneratedFile, C:\Users\blew2\Documents\GitHub\STM32CubeIDE\workspace_1.18.0\Lab1\Core\Src\stm32l4xx_hal_msp.c_save
2026-04-12 17:13:42,679 [INFO] CodeEngine:287 - Generated code: C:\Users\blew2\Documents\GitHub\STM32CubeIDE\workspace_1.18.0\Lab1\Core\Src\stm32l4xx_hal_msp.c
2026-04-12 17:13:42,689 [INFO] CodeEngine:263 - oldGeneratedFile, C:\Users\blew2\Documents\GitHub\STM32CubeIDE\workspace_1.18.0\Lab1\MXTmpFiles\system.tmp_save
2026-04-12 17:13:42,744 [INFO] CodeEngine:287 - Generated code: C:\Users\blew2\Documents\GitHub\STM32CubeIDE\workspace_1.18.0\Lab1\MXTmpFiles\system.tmp
2026-04-12 17:13:42,756 [INFO] CodeEngine:263 - oldGeneratedFile, C:\Users\blew2\Documents\GitHub\STM32CubeIDE\workspace_1.18.0\Lab1\Core\Src\stm32l4xx_hal_timebase_tim.c_save
2026-04-12 17:13:42,819 [INFO] CodeEngine:287 - Generated code: C:\Users\blew2\Documents\GitHub\STM32CubeIDE\workspace_1.18.0\Lab1\Core\Src\stm32l4xx_hal_timebase_tim.c
2026-04-12 17:13:42,844 [INFO] CodeEngine:319 - oldGeneratedFile, C:\Users\blew2\Documents\GitHub\STM32CubeIDE\workspace_1.18.0\Lab1\Core\Inc\stm32l4xx_hal_conf.h_save
2026-04-12 17:13:42,907 [INFO] CodeEngine:343 - Generated code: C:\Users\blew2\Documents\GitHub\STM32CubeIDE\workspace_1.18.0\Lab1\Core\Inc\stm32l4xx_hal_conf.h
2026-04-12 17:13:42,929 [WARN] IPConfigManager:3747 - IP not found : USB_OTG
2026-04-12 17:13:42,930 [WARN] CodeGenerator:4198 - IP not found : null
2026-04-12 17:13:42,947 [INFO] CodeEngine:263 - oldGeneratedFile, C:\Users\blew2\Documents\GitHub\STM32CubeIDE\workspace_1.18.0\Lab1\Core\Inc\main.h_save
2026-04-12 17:13:43,025 [INFO] CodeEngine:287 - Generated code: C:\Users\blew2\Documents\GitHub\STM32CubeIDE\workspace_1.18.0\Lab1\Core\Inc\main.h
2026-04-12 17:13:43,040 [INFO] CodeEngine:263 - oldGeneratedFile, C:\Users\blew2\Documents\GitHub\STM32CubeIDE\workspace_1.18.0\Lab1\Core\Src\main.c_save
2026-04-12 17:13:43,223 [INFO] CodeEngine:287 - Generated code: C:\Users\blew2\Documents\GitHub\STM32CubeIDE\workspace_1.18.0\Lab1\Core\Src\main.c
2026-04-12 17:13:44,023 [INFO] ProjectBuilder:3324 - Time for Copy HAL[1] : 556mS.
2026-04-12 17:13:44,036 [INFO] ProjectBuilder:4912 - Project Generator version: 4.6.0-B36
2026-04-12 17:13:44,114 [INFO] ConfigFileManager:1590 - The Die is : DIE461
2026-04-12 17:13:45,528 [INFO] ProjectBuilder:5191 - Time for Generating toolchain IDE Files: 1492mS.
2026-04-12 17:13:45,529 [INFO] ProjectBuilder:3181 - Time for Copy CMSIS : 1mS.
2026-04-12 17:13:45,552 [INFO] ProjectBuilder:3181 - Time for Copy CMSIS : 0mS.
2026-04-12 17:14:25,831 [INFO] UtilMem:75 - End SaveConfig() Used Memory: 898762640 Bytes (1073741824)
2026-04-12 17:14:26,701 [INFO] UtilMem:75 - End SaveConfig() Used Memory: 933891984 Bytes (1073741824)
2026-04-12 17:14:27,858 [INFO] UtilMem:75 - End SaveConfig() Used Memory: 856519216 Bytes (1073741824)
2026-04-12 17:14:28,135 [INFO] BlockDiagram:2775 - set Specific Code input for plugin: FREERTOS
2026-04-12 17:14:28,136 [INFO] BlockDiagram:2775 - set Specific Code input for plugin: SYS
2026-04-12 17:14:28,136 [INFO] BlockDiagram:2775 - set Specific Code input for plugin: RCC
2026-04-12 17:14:28,136 [INFO] BlockDiagram:2775 - set Specific Code input for plugin: LPUART
2026-04-12 17:14:28,136 [INFO] BlockDiagram:2775 - set Specific Code input for plugin: USB_OTG_FS
2026-04-12 17:14:28,136 [INFO] BlockDiagram:2775 - set Specific Code input for plugin: NVIC
2026-04-12 17:14:28,136 [INFO] BlockDiagram:2775 - set Specific Code input for plugin: GPIO
2026-04-12 17:14:28,139 [INFO] CodeGenerator:882 - code generatio: config db path: C:\ST\STM32CubeIDE_1.17.0\STM32CubeIDE\plugins\com.st.stm32cube.common.mx_6.14.0.202502271554\\db\
2026-04-12 17:14:28,272 [INFO] CodeEngine:263 - oldGeneratedFile, C:\Users\blew2\Documents\GitHub\STM32CubeIDE\workspace_1.18.0\Lab1\MXTmpFiles\license.tmp_save
2026-04-12 17:14:28,337 [INFO] CodeEngine:287 - Generated code: C:\Users\blew2\Documents\GitHub\STM32CubeIDE\workspace_1.18.0\Lab1\MXTmpFiles\license.tmp
2026-04-12 17:14:28,389 [INFO] CodeEngine:263 - oldGeneratedFile, C:\Users\blew2\Documents\GitHub\STM32CubeIDE\workspace_1.18.0\Lab1\MXTmpFiles\gpio.tmp_save
2026-04-12 17:14:28,451 [INFO] CodeEngine:287 - Generated code: C:\Users\blew2\Documents\GitHub\STM32CubeIDE\workspace_1.18.0\Lab1\MXTmpFiles\gpio.tmp
2026-04-12 17:14:28,635 [WARN] IPConfigManager:3174 - Warning: the RefConfig PWREx_EnableUSBVoltageDetector is not available in your config.xml file
2026-04-12 17:14:28,663 [INFO] Middleware:1452 - No code input for Bsp Dependency
2026-04-12 17:14:28,677 [INFO] CodeEngine:263 - oldGeneratedFile, C:\Users\blew2\Documents\GitHub\STM32CubeIDE\workspace_1.18.0\Lab1\MXTmpFiles\rtos_inc.tmp_save
2026-04-12 17:14:28,739 [INFO] CodeEngine:287 - Generated code: C:\Users\blew2\Documents\GitHub\STM32CubeIDE\workspace_1.18.0\Lab1\MXTmpFiles\rtos_inc.tmp
2026-04-12 17:14:28,749 [INFO] CodeEngine:263 - oldGeneratedFile, C:\Users\blew2\Documents\GitHub\STM32CubeIDE\workspace_1.18.0\Lab1\MXTmpFiles\rtos_kernelInit.tmp_save
2026-04-12 17:14:28,819 [INFO] CodeEngine:287 - Generated code: C:\Users\blew2\Documents\GitHub\STM32CubeIDE\workspace_1.18.0\Lab1\MXTmpFiles\rtos_kernelInit.tmp
2026-04-12 17:14:28,828 [INFO] CodeEngine:263 - oldGeneratedFile, C:\Users\blew2\Documents\GitHub\STM32CubeIDE\workspace_1.18.0\Lab1\MXTmpFiles\rtos_kernelStart.tmp_save
2026-04-12 17:14:28,889 [INFO] CodeEngine:287 - Generated code: C:\Users\blew2\Documents\GitHub\STM32CubeIDE\workspace_1.18.0\Lab1\MXTmpFiles\rtos_kernelStart.tmp
2026-04-12 17:14:28,899 [INFO] CodeEngine:263 - oldGeneratedFile, C:\Users\blew2\Documents\GitHub\STM32CubeIDE\workspace_1.18.0\Lab1\MXTmpFiles\rtos_typedefs.tmp_save
2026-04-12 17:14:28,975 [INFO] CodeEngine:287 - Generated code: C:\Users\blew2\Documents\GitHub\STM32CubeIDE\workspace_1.18.0\Lab1\MXTmpFiles\rtos_typedefs.tmp
2026-04-12 17:14:28,985 [INFO] CodeEngine:263 - oldGeneratedFile, C:\Users\blew2\Documents\GitHub\STM32CubeIDE\workspace_1.18.0\Lab1\MXTmpFiles\rtos_vars.tmp_save
2026-04-12 17:14:29,059 [INFO] CodeEngine:287 - Generated code: C:\Users\blew2\Documents\GitHub\STM32CubeIDE\workspace_1.18.0\Lab1\MXTmpFiles\rtos_vars.tmp
2026-04-12 17:14:29,067 [INFO] CodeEngine:263 - oldGeneratedFile, C:\Users\blew2\Documents\GitHub\STM32CubeIDE\workspace_1.18.0\Lab1\MXTmpFiles\rtos_pfp.tmp_save
2026-04-12 17:14:29,136 [INFO] CodeEngine:287 - Generated code: C:\Users\blew2\Documents\GitHub\STM32CubeIDE\workspace_1.18.0\Lab1\MXTmpFiles\rtos_pfp.tmp
2026-04-12 17:14:29,146 [INFO] CodeEngine:263 - oldGeneratedFile, C:\Users\blew2\Documents\GitHub\STM32CubeIDE\workspace_1.18.0\Lab1\MXTmpFiles\rtos_obj_creat.tmp_save
2026-04-12 17:14:29,207 [INFO] CodeEngine:287 - Generated code: C:\Users\blew2\Documents\GitHub\STM32CubeIDE\workspace_1.18.0\Lab1\MXTmpFiles\rtos_obj_creat.tmp
2026-04-12 17:14:29,217 [INFO] CodeEngine:263 - oldGeneratedFile, C:\Users\blew2\Documents\GitHub\STM32CubeIDE\workspace_1.18.0\Lab1\MXTmpFiles\rtos_default_thread.tmp_save
2026-04-12 17:14:29,288 [INFO] CodeEngine:287 - Generated code: C:\Users\blew2\Documents\GitHub\STM32CubeIDE\workspace_1.18.0\Lab1\MXTmpFiles\rtos_default_thread.tmp
2026-04-12 17:14:29,297 [INFO] CodeEngine:263 - oldGeneratedFile, C:\Users\blew2\Documents\GitHub\STM32CubeIDE\workspace_1.18.0\Lab1\MXTmpFiles\rtos_threads.tmp_save
2026-04-12 17:14:29,375 [INFO] CodeEngine:287 - Generated code: C:\Users\blew2\Documents\GitHub\STM32CubeIDE\workspace_1.18.0\Lab1\MXTmpFiles\rtos_threads.tmp
2026-04-12 17:14:29,406 [INFO] Middleware:1452 - No code input for Bsp Dependency
2026-04-12 17:14:29,430 [INFO] CodeEngine:263 - oldGeneratedFile, C:\Users\blew2\Documents\GitHub\STM32CubeIDE\workspace_1.18.0\Lab1\MXTmpFiles\rtos_inc.tmp_save
2026-04-12 17:14:29,498 [INFO] CodeEngine:287 - Generated code: C:\Users\blew2\Documents\GitHub\STM32CubeIDE\workspace_1.18.0\Lab1\MXTmpFiles\rtos_inc.tmp
2026-04-12 17:14:29,511 [INFO] CodeEngine:263 - oldGeneratedFile, C:\Users\blew2\Documents\GitHub\STM32CubeIDE\workspace_1.18.0\Lab1\MXTmpFiles\rtos_kernelInit.tmp_save
2026-04-12 17:14:29,572 [INFO] CodeEngine:287 - Generated code: C:\Users\blew2\Documents\GitHub\STM32CubeIDE\workspace_1.18.0\Lab1\MXTmpFiles\rtos_kernelInit.tmp
2026-04-12 17:14:29,585 [INFO] CodeEngine:263 - oldGeneratedFile, C:\Users\blew2\Documents\GitHub\STM32CubeIDE\workspace_1.18.0\Lab1\MXTmpFiles\rtos_kernelStart.tmp_save
2026-04-12 17:14:29,643 [INFO] CodeEngine:287 - Generated code: C:\Users\blew2\Documents\GitHub\STM32CubeIDE\workspace_1.18.0\Lab1\MXTmpFiles\rtos_kernelStart.tmp
2026-04-12 17:14:29,656 [INFO] CodeEngine:263 - oldGeneratedFile, C:\Users\blew2\Documents\GitHub\STM32CubeIDE\workspace_1.18.0\Lab1\MXTmpFiles\rtos_typedefs.tmp_save
2026-04-12 17:14:29,720 [INFO] CodeEngine:287 - Generated code: C:\Users\blew2\Documents\GitHub\STM32CubeIDE\workspace_1.18.0\Lab1\MXTmpFiles\rtos_typedefs.tmp
2026-04-12 17:14:29,732 [INFO] CodeEngine:263 - oldGeneratedFile, C:\Users\blew2\Documents\GitHub\STM32CubeIDE\workspace_1.18.0\Lab1\MXTmpFiles\rtos_vars.tmp_save
2026-04-12 17:14:29,792 [INFO] CodeEngine:287 - Generated code: C:\Users\blew2\Documents\GitHub\STM32CubeIDE\workspace_1.18.0\Lab1\MXTmpFiles\rtos_vars.tmp
2026-04-12 17:14:29,805 [INFO] CodeEngine:263 - oldGeneratedFile, C:\Users\blew2\Documents\GitHub\STM32CubeIDE\workspace_1.18.0\Lab1\MXTmpFiles\rtos_pfp.tmp_save
2026-04-12 17:14:29,862 [INFO] CodeEngine:287 - Generated code: C:\Users\blew2\Documents\GitHub\STM32CubeIDE\workspace_1.18.0\Lab1\MXTmpFiles\rtos_pfp.tmp
2026-04-12 17:14:29,874 [INFO] CodeEngine:263 - oldGeneratedFile, C:\Users\blew2\Documents\GitHub\STM32CubeIDE\workspace_1.18.0\Lab1\MXTmpFiles\rtos_obj_creat.tmp_save
2026-04-12 17:14:29,945 [INFO] CodeEngine:287 - Generated code: C:\Users\blew2\Documents\GitHub\STM32CubeIDE\workspace_1.18.0\Lab1\MXTmpFiles\rtos_obj_creat.tmp
2026-04-12 17:14:29,959 [INFO] CodeEngine:263 - oldGeneratedFile, C:\Users\blew2\Documents\GitHub\STM32CubeIDE\workspace_1.18.0\Lab1\MXTmpFiles\rtos_default_thread.tmp_save
2026-04-12 17:14:30,017 [INFO] CodeEngine:287 - Generated code: C:\Users\blew2\Documents\GitHub\STM32CubeIDE\workspace_1.18.0\Lab1\MXTmpFiles\rtos_default_thread.tmp
2026-04-12 17:14:30,031 [INFO] CodeEngine:263 - oldGeneratedFile, C:\Users\blew2\Documents\GitHub\STM32CubeIDE\workspace_1.18.0\Lab1\MXTmpFiles\rtos_threads.tmp_save
2026-04-12 17:14:30,089 [INFO] CodeEngine:287 - Generated code: C:\Users\blew2\Documents\GitHub\STM32CubeIDE\workspace_1.18.0\Lab1\MXTmpFiles\rtos_threads.tmp
2026-04-12 17:14:30,100 [INFO] CodeEngine:263 - oldGeneratedFile, C:\Users\blew2\Documents\GitHub\STM32CubeIDE\workspace_1.18.0\Lab1\Core\Inc\FreeRTOSConfig.h_save
2026-04-12 17:14:30,175 [INFO] CodeEngine:287 - Generated code: C:\Users\blew2\Documents\GitHub\STM32CubeIDE\workspace_1.18.0\Lab1\Core\Inc\FreeRTOSConfig.h
2026-04-12 17:14:30,191 [INFO] CodeEngine:263 - oldGeneratedFile, C:\Users\blew2\Documents\GitHub\STM32CubeIDE\workspace_1.18.0\Lab1\Core\Src\freertos.c_save
2026-04-12 17:14:30,269 [INFO] CodeEngine:287 - Generated code: C:\Users\blew2\Documents\GitHub\STM32CubeIDE\workspace_1.18.0\Lab1\Core\Src\freertos.c
2026-04-12 17:14:30,297 [INFO] CodeEngine:263 - oldGeneratedFile, C:\Users\blew2\Documents\GitHub\STM32CubeIDE\workspace_1.18.0\Lab1\Core\Src\stm32l4xx_it.c_save
2026-04-12 17:14:30,364 [INFO] CodeEngine:287 - Generated code: C:\Users\blew2\Documents\GitHub\STM32CubeIDE\workspace_1.18.0\Lab1\Core\Src\stm32l4xx_it.c
2026-04-12 17:14:30,378 [INFO] CodeEngine:263 - oldGeneratedFile, C:\Users\blew2\Documents\GitHub\STM32CubeIDE\workspace_1.18.0\Lab1\Core\Inc\stm32l4xx_it.h_save
2026-04-12 17:14:30,452 [INFO] CodeEngine:287 - Generated code: C:\Users\blew2\Documents\GitHub\STM32CubeIDE\workspace_1.18.0\Lab1\Core\Inc\stm32l4xx_it.h
2026-04-12 17:14:30,485 [INFO] CodeEngine:263 - oldGeneratedFile, C:\Users\blew2\Documents\GitHub\STM32CubeIDE\workspace_1.18.0\Lab1\Core\Src\stm32l4xx_hal_msp.c_save
2026-04-12 17:14:30,583 [INFO] CodeEngine:287 - Generated code: C:\Users\blew2\Documents\GitHub\STM32CubeIDE\workspace_1.18.0\Lab1\Core\Src\stm32l4xx_hal_msp.c
2026-04-12 17:14:30,593 [INFO] CodeEngine:263 - oldGeneratedFile, C:\Users\blew2\Documents\GitHub\STM32CubeIDE\workspace_1.18.0\Lab1\MXTmpFiles\system.tmp_save
2026-04-12 17:14:30,663 [INFO] CodeEngine:287 - Generated code: C:\Users\blew2\Documents\GitHub\STM32CubeIDE\workspace_1.18.0\Lab1\MXTmpFiles\system.tmp
2026-04-12 17:14:30,678 [INFO] CodeEngine:263 - oldGeneratedFile, C:\Users\blew2\Documents\GitHub\STM32CubeIDE\workspace_1.18.0\Lab1\Core\Src\stm32l4xx_hal_timebase_tim.c_save
2026-04-12 17:14:30,772 [INFO] CodeEngine:287 - Generated code: C:\Users\blew2\Documents\GitHub\STM32CubeIDE\workspace_1.18.0\Lab1\Core\Src\stm32l4xx_hal_timebase_tim.c
2026-04-12 17:14:30,800 [INFO] CodeEngine:319 - oldGeneratedFile, C:\Users\blew2\Documents\GitHub\STM32CubeIDE\workspace_1.18.0\Lab1\Core\Inc\stm32l4xx_hal_conf.h_save
2026-04-12 17:14:30,887 [INFO] CodeEngine:343 - Generated code: C:\Users\blew2\Documents\GitHub\STM32CubeIDE\workspace_1.18.0\Lab1\Core\Inc\stm32l4xx_hal_conf.h
2026-04-12 17:14:30,914 [WARN] IPConfigManager:3747 - IP not found : USB_OTG
2026-04-12 17:14:30,916 [WARN] CodeGenerator:4198 - IP not found : null
2026-04-12 17:14:30,938 [INFO] CodeEngine:263 - oldGeneratedFile, C:\Users\blew2\Documents\GitHub\STM32CubeIDE\workspace_1.18.0\Lab1\Core\Inc\main.h_save
2026-04-12 17:14:31,029 [INFO] CodeEngine:287 - Generated code: C:\Users\blew2\Documents\GitHub\STM32CubeIDE\workspace_1.18.0\Lab1\Core\Inc\main.h
2026-04-12 17:14:31,058 [INFO] CodeEngine:263 - oldGeneratedFile, C:\Users\blew2\Documents\GitHub\STM32CubeIDE\workspace_1.18.0\Lab1\Core\Src\main.c_save
2026-04-12 17:14:31,318 [INFO] CodeEngine:287 - Generated code: C:\Users\blew2\Documents\GitHub\STM32CubeIDE\workspace_1.18.0\Lab1\Core\Src\main.c
2026-04-12 17:14:32,300 [INFO] ProjectBuilder:3324 - Time for Copy HAL[1] : 678mS.
2026-04-12 17:14:32,313 [INFO] ProjectBuilder:4912 - Project Generator version: 4.6.0-B36
2026-04-12 17:14:32,390 [INFO] ConfigFileManager:1590 - The Die is : DIE461
2026-04-12 17:14:33,845 [INFO] ProjectBuilder:5191 - Time for Generating toolchain IDE Files: 1533mS.
2026-04-12 17:14:33,846 [INFO] ProjectBuilder:3181 - Time for Copy CMSIS : 1mS.
2026-04-12 17:14:33,869 [INFO] ProjectBuilder:3181 - Time for Copy CMSIS : 1mS.
2026-04-12 21:59:21,547 [ERROR] LogOutputStream:75 - [STDERR_REDIRECT] 
2026-04-12 21:59:21,660 [ERROR] LogOutputStream:75 - [STDERR_REDIRECT] 
