2025-04-30 13:19:13,130 [INFO] Activator:176 - 


2025-04-30 13:19:13,143 [INFO] Activator:177 - !SESSION log4j initialized
2025-04-30 13:19:23,208 [INFO] LogOutputStream:77 - [STDOUT_REDIRECT] 
2025-04-30 13:19:26,910 [INFO] ApplicationProperties:184 - Using Application install path: C:\ST\STM32CubeIDE_1.18.0\STM32CubeIDE\plugins\com.st.stm32cube.common.mx_6.14.1.202504091515
2025-04-30 13:19:26,935 [INFO] DbMcusXml:78 - Set database path to: C:\ST\STM32CubeIDE_1.18.0\STM32CubeIDE\plugins\com.st.stm32cube.common.mx_6.14.1.202504091515\\db\/mcu/
2025-04-30 13:19:26,936 [INFO] ApiDb:274 - Set plugin database path to: C:\ST\STM32CubeIDE_1.18.0\STM32CubeIDE\plugins\com.st.stm32cube.common.mx_6.14.1.202504091515\\db\/plugins/boardmanager/
2025-04-30 13:19:26,936 [WARN] ApiDb:259 - Overriding images path with different value:  => C:\ST\STM32CubeIDE_1.18.0\STM32CubeIDE\plugins\com.st.stm32cube.common.mx_6.14.1.202504091515\\db\/plugins/mcufinder/images/
2025-04-30 13:19:26,952 [INFO] ApiDb:250 - Set database path to: C:\Users\blew2\.stmcufinder\plugins\mcufinder//mcu/
2025-04-30 13:19:26,954 [INFO] DbMcusAds:125 - Set database path to: C:\Users\blew2\.stmcufinder\plugins\mcufinder//mcu/
2025-04-30 13:19:26,957 [INFO] CrossReferenceDbSqlite:203 - Set database path to: C:\Users\blew2\.stmcufinder\plugins\mcufinder//mcu/cs/
2025-04-30 13:19:27,120 [INFO] RulesReader:64 - Compatibility file has been processed (302 Rules)
2025-04-30 13:19:27,313 [INFO] DbMcusXml:78 - Set database path to: C:\ST\STM32CubeIDE_1.18.0\STM32CubeIDE\plugins\com.st.stm32cube.common.mx_6.14.1.202504091515\\db\/mcu/
2025-04-30 13:19:27,313 [INFO] ApiDb:274 - Set plugin database path to: C:\ST\STM32CubeIDE_1.18.0\STM32CubeIDE\plugins\com.st.stm32cube.common.mx_6.14.1.202504091515\\db\/plugins/boardmanager/
2025-04-30 13:19:27,313 [INFO] ApiDb:261 - Set plugin images path to: C:\ST\STM32CubeIDE_1.18.0\STM32CubeIDE\plugins\com.st.stm32cube.common.mx_6.14.1.202504091515\\db\/plugins/mcufinder/images/
2025-04-30 13:19:27,314 [WARN] DbFile:41 - Overriding database path with different value: C:\Users\blew2\.stmcufinder\plugins\mcufinder/ => C:\Users\blew2\.stmcufinder\plugins\mcufinder
2025-04-30 13:19:27,314 [INFO] ApiDb:250 - Set database path to: C:\Users\blew2\.stmcufinder\plugins\mcufinder//mcu/
2025-04-30 13:19:27,314 [WARN] DbFile:41 - Overriding database path with different value: C:\Users\blew2\.stmcufinder\plugins\mcufinder/ => C:\Users\blew2\.stmcufinder\plugins\mcufinder
2025-04-30 13:19:27,314 [INFO] DbMcusAds:125 - Set database path to: C:\Users\blew2\.stmcufinder\plugins\mcufinder//mcu/
2025-04-30 13:19:27,314 [WARN] DbFile:41 - Overriding database path with different value: C:\Users\blew2\.stmcufinder\plugins\mcufinder/ => C:\Users\blew2\.stmcufinder\plugins\mcufinder
2025-04-30 13:19:27,315 [WARN] DbFile:41 - Overriding database path with different value: C:\Users\blew2\.stmcufinder\plugins\mcufinder/ => C:\Users\blew2\.stmcufinder\plugins\mcufinder
2025-04-30 13:19:27,315 [INFO] CrossReferenceDbSqlite:203 - Set database path to: C:\Users\blew2\.stmcufinder\plugins\mcufinder//mcu/cs/
2025-04-30 13:19:27,456 [INFO] MainPanel:272 - HeapMemory: 268435456
2025-04-30 13:19:27,695 [INFO] DbMcusXml:78 - Set database path to: C:\ST\STM32CubeIDE_1.18.0\STM32CubeIDE\plugins\com.st.stm32cube.common.mx_6.14.1.202504091515\\db\/mcu/
2025-04-30 13:19:27,695 [INFO] ApiDb:274 - Set plugin database path to: C:\ST\STM32CubeIDE_1.18.0\STM32CubeIDE\plugins\com.st.stm32cube.common.mx_6.14.1.202504091515\\db\/plugins/boardmanager/
2025-04-30 13:19:27,695 [INFO] ApiDb:261 - Set plugin images path to: C:\ST\STM32CubeIDE_1.18.0\STM32CubeIDE\plugins\com.st.stm32cube.common.mx_6.14.1.202504091515\\db\/plugins/mcufinder/images/
2025-04-30 13:19:27,696 [WARN] DbFile:41 - Overriding database path with different value: C:\Users\blew2\.stmcufinder\plugins\mcufinder/ => C:\Users\blew2\.stmcufinder\plugins\mcufinder
2025-04-30 13:19:27,696 [INFO] ApiDb:250 - Set database path to: C:\Users\blew2\.stmcufinder\plugins\mcufinder//mcu/
2025-04-30 13:19:27,696 [WARN] DbFile:41 - Overriding database path with different value: C:\Users\blew2\.stmcufinder\plugins\mcufinder/ => C:\Users\blew2\.stmcufinder\plugins\mcufinder
2025-04-30 13:19:27,696 [INFO] DbMcusAds:125 - Set database path to: C:\Users\blew2\.stmcufinder\plugins\mcufinder//mcu/
2025-04-30 13:19:27,696 [WARN] DbFile:41 - Overriding database path with different value: C:\Users\blew2\.stmcufinder\plugins\mcufinder/ => C:\Users\blew2\.stmcufinder\plugins\mcufinder
2025-04-30 13:19:27,696 [WARN] DbFile:41 - Overriding database path with different value: C:\Users\blew2\.stmcufinder\plugins\mcufinder/ => C:\Users\blew2\.stmcufinder\plugins\mcufinder
2025-04-30 13:19:27,696 [INFO] CrossReferenceDbSqlite:203 - Set database path to: C:\Users\blew2\.stmcufinder\plugins\mcufinder//mcu/cs/
2025-04-30 13:19:27,726 [INFO] ApplicationProperties:184 - Using Application install path: C:\ST\STM32CubeIDE_1.18.0\STM32CubeIDE\plugins\com.st.stm32cube.common.mx_6.14.1.202504091515
2025-04-30 13:19:27,728 [INFO] PluginManage:196 - Search for loadable plugins [exclusion list=, ]
2025-04-30 13:19:27,730 [INFO] PluginManage:310 - Check plugin analytics
2025-04-30 13:19:28,060 [INFO] AnalyticsPlugin:253 - Accepted Software Licenses: 
2025-04-30 13:19:28,060 [INFO] AnalyticsPlugin:255 - Accepted CMSIS Pack Licenses: 
2025-04-30 13:19:28,060 [INFO] AnalyticsPlugin:257 - Accepted Firmware Licenses: 
2025-04-30 13:19:28,067 [INFO] PluginManage:359 - Loaded plugin analytics (category:tool,tabindex:-1)
2025-04-30 13:19:28,068 [INFO] PluginManage:310 - Check plugin cadmodel
2025-04-30 13:19:28,082 [INFO] CADModel:105 - Init CAD model plugin
2025-04-30 13:19:28,083 [INFO] PluginManage:359 - Loaded plugin cadmodel (category:power,tabindex:5)
2025-04-30 13:19:28,083 [INFO] PluginManage:310 - Check plugin clock
2025-04-30 13:19:28,116 [INFO] PluginManage:359 - Loaded plugin clock (category:base,tabindex:2)
2025-04-30 13:19:28,116 [INFO] PluginManage:310 - Check plugin ddr
2025-04-30 13:19:28,125 [INFO] PluginManage:359 - Loaded plugin ddr (category:tool,tabindex:6)
2025-04-30 13:19:28,126 [INFO] PluginManage:310 - Check plugin filemanager
2025-04-30 13:19:28,434 [INFO] PluginManage:359 - Loaded plugin filemanager (category:base,tabindex:10)
2025-04-30 13:19:28,435 [INFO] PluginManage:310 - Check plugin ipmanager
2025-04-30 13:19:28,452 [INFO] PluginManage:359 - Loaded plugin ipmanager (category:base,tabindex:5)
2025-04-30 13:19:28,453 [INFO] PluginManage:310 - Check plugin lpbam
2025-04-30 13:19:28,465 [INFO] PluginManage:359 - Loaded plugin lpbam (category:base,tabindex:0)
2025-04-30 13:19:28,466 [INFO] PluginManage:310 - Check plugin memorymap
2025-04-30 13:19:28,489 [INFO] PluginManage:359 - Loaded plugin memorymap (category:base,tabindex:4)
2025-04-30 13:19:28,489 [INFO] PluginManage:310 - Check plugin pinoutandconfiguration
2025-04-30 13:19:28,503 [INFO] PluginManage:359 - Loaded plugin pinoutandconfiguration (category:base,tabindex:1)
2025-04-30 13:19:28,503 [INFO] PluginManage:310 - Check plugin pinoutconfig
2025-04-30 13:19:28,636 [WARN] SupportedApi:132 - Cannot load RTOS API schema: s4s-elt-must-match.1: The content of 'definitions' must match (annotation?, (simpleType | complexType)?, (unique | key | keyref)*)). A problem was found starting at: attribute.
2025-04-30 13:19:28,826 [INFO] PluginManage:359 - Loaded plugin pinoutconfig (category:base,tabindex:0)
2025-04-30 13:19:28,826 [INFO] PluginManage:310 - Check plugin power
2025-04-30 13:19:28,839 [INFO] PluginManage:359 - Loaded plugin power (category:power,tabindex:4)
2025-04-30 13:19:28,839 [INFO] PluginManage:310 - Check plugin projectmanager
2025-04-30 13:19:28,860 [INFO] PluginManage:359 - Loaded plugin projectmanager (category:projectmanager,tabindex:4)
2025-04-30 13:19:28,860 [INFO] PluginManage:310 - Check plugin rif
2025-04-30 13:19:28,875 [INFO] PluginManage:359 - Loaded plugin rif (category:base,tabindex:3)
2025-04-30 13:19:28,876 [INFO] PluginManage:310 - Check plugin thirdparty
2025-04-30 13:19:29,144 [INFO] PluginManage:359 - Loaded plugin thirdparty (category:base,tabindex:-1)
2025-04-30 13:19:29,144 [WARN] IntegrityCheckThread:84 - waiting for thirdparty lock release [integrity check]
2025-04-30 13:19:29,145 [INFO] PluginManage:310 - Check plugin tools
2025-04-30 13:19:29,145 [INFO] IntegrityCheckThread:86 - entering critical section [integrity check]
2025-04-30 13:19:29,146 [INFO] ThirdPartyUpdaterWithRetryManager:70 - Updater plugin not ready yet. [1/15]
2025-04-30 13:19:29,150 [INFO] PluginManage:359 - Loaded plugin tools (category:base,tabindex:7)
2025-04-30 13:19:29,150 [INFO] PluginManage:310 - Check plugin tutovideos
2025-04-30 13:19:29,428 [INFO] PluginManage:359 - Loaded plugin tutovideos (category:base,tabindex:-1)
2025-04-30 13:19:29,428 [INFO] PluginManage:310 - Check plugin updater
2025-04-30 13:19:29,485 [INFO] PluginManage:359 - Loaded plugin updater (category:base,tabindex:12)
2025-04-30 13:19:29,485 [INFO] PluginManage:310 - Check plugin userauth
2025-04-30 13:19:29,498 [INFO] UserAuth:118 - Init User Auth plugin
2025-04-30 13:19:29,502 [INFO] PluginManage:359 - Loaded plugin userauth (category:base,tabindex:14)
2025-04-30 13:19:29,503 [INFO] PluginManage:283 - PluginManage : Loaded plugins [18]
2025-04-30 13:19:29,930 [INFO] PinOutPanel:1589 - setPackage(No Configuration,No Configuration)
2025-04-30 13:19:30,165 [INFO] CADModel:165 - CPN selected for project level
2025-04-30 13:19:30,165 [INFO] CADModel:114 - Register for checkConnection events
2025-04-30 13:19:30,205 [INFO] IPUIPlugin:80 - create IPUIPlugin
2025-04-30 13:19:30,206 [INFO] PluginManager:220 - loadIPPluginJar : add adc
2025-04-30 13:19:30,215 [INFO] IPUIPlugin:80 - create IPUIPlugin
2025-04-30 13:19:30,216 [INFO] PluginManager:220 - loadIPPluginJar : add aes
2025-04-30 13:19:30,224 [INFO] IPUIPlugin:80 - create IPUIPlugin
2025-04-30 13:19:30,224 [INFO] PluginManager:220 - loadIPPluginJar : add can
2025-04-30 13:19:30,228 [INFO] IPUIPlugin:80 - create IPUIPlugin
2025-04-30 13:19:30,228 [INFO] PluginManager:220 - loadIPPluginJar : add comp
2025-04-30 13:19:30,233 [INFO] IPUIPlugin:80 - create IPUIPlugin
2025-04-30 13:19:30,233 [INFO] PluginManager:220 - loadIPPluginJar : add cryp
2025-04-30 13:19:30,238 [INFO] IPUIPlugin:80 - create IPUIPlugin
2025-04-30 13:19:30,238 [INFO] PluginManager:220 - loadIPPluginJar : add ddr_ctrl_phy
2025-04-30 13:19:30,242 [INFO] IPUIPlugin:80 - create IPUIPlugin
2025-04-30 13:19:30,242 [INFO] PluginManager:220 - loadIPPluginJar : add dfsdm
2025-04-30 13:19:30,251 [INFO] IPUIPlugin:80 - create IPUIPlugin
2025-04-30 13:19:30,251 [INFO] PluginManager:220 - loadIPPluginJar : add dma
2025-04-30 13:19:30,256 [INFO] IPUIPlugin:80 - create IPUIPlugin
2025-04-30 13:19:30,256 [INFO] PluginManager:220 - loadIPPluginJar : add dma3
2025-04-30 13:19:30,262 [INFO] IPUIPlugin:80 - create IPUIPlugin
2025-04-30 13:19:30,262 [INFO] PluginManager:220 - loadIPPluginJar : add extmemmanager
2025-04-30 13:19:30,266 [INFO] IPUIPlugin:80 - create IPUIPlugin
2025-04-30 13:19:30,266 [INFO] PluginManager:220 - loadIPPluginJar : add fatfs
2025-04-30 13:19:30,275 [INFO] IPUIPlugin:80 - create IPUIPlugin
2025-04-30 13:19:30,276 [INFO] PluginManager:220 - loadIPPluginJar : add fmc
2025-04-30 13:19:30,288 [INFO] IPUIPlugin:80 - create IPUIPlugin
2025-04-30 13:19:30,289 [INFO] PluginManager:220 - loadIPPluginJar : add freertos
2025-04-30 13:19:30,295 [INFO] IPUIPlugin:80 - create IPUIPlugin
2025-04-30 13:19:30,295 [INFO] PluginManager:220 - loadIPPluginJar : add genericplugin
2025-04-30 13:19:30,300 [INFO] IPUIPlugin:80 - create IPUIPlugin
2025-04-30 13:19:30,301 [INFO] PluginManager:220 - loadIPPluginJar : add gfxmmu
2025-04-30 13:19:30,310 [INFO] IPUIPlugin:80 - create IPUIPlugin
2025-04-30 13:19:30,310 [INFO] PluginManager:220 - loadIPPluginJar : add gic
2025-04-30 13:19:30,318 [INFO] IPUIPlugin:80 - create IPUIPlugin
2025-04-30 13:19:30,318 [INFO] PluginManager:220 - loadIPPluginJar : add gpio
2025-04-30 13:19:30,325 [INFO] IPUIPlugin:80 - create IPUIPlugin
2025-04-30 13:19:30,325 [INFO] PluginManager:220 - loadIPPluginJar : add gtzc
2025-04-30 13:19:30,331 [INFO] IPUIPlugin:80 - create IPUIPlugin
2025-04-30 13:19:30,331 [INFO] PluginManager:220 - loadIPPluginJar : add hash
2025-04-30 13:19:30,337 [INFO] IPUIPlugin:80 - create IPUIPlugin
2025-04-30 13:19:30,337 [INFO] PluginManager:220 - loadIPPluginJar : add i2c
2025-04-30 13:19:30,343 [INFO] IPUIPlugin:80 - create IPUIPlugin
2025-04-30 13:19:30,343 [INFO] PluginManager:220 - loadIPPluginJar : add i2s
2025-04-30 13:19:30,349 [INFO] IPUIPlugin:80 - create IPUIPlugin
2025-04-30 13:19:30,349 [INFO] PluginManager:220 - loadIPPluginJar : add i3c
2025-04-30 13:19:30,355 [INFO] IPUIPlugin:80 - create IPUIPlugin
2025-04-30 13:19:30,355 [INFO] PluginManager:220 - loadIPPluginJar : add ipddr
2025-04-30 13:19:30,367 [INFO] IPUIPlugin:80 - create IPUIPlugin
2025-04-30 13:19:30,368 [INFO] PluginManager:220 - loadIPPluginJar : add linkedlist
2025-04-30 13:19:30,374 [INFO] IPUIPlugin:80 - create IPUIPlugin
2025-04-30 13:19:30,374 [INFO] PluginManager:220 - loadIPPluginJar : add lorawan
2025-04-30 13:19:30,377 [INFO] IPUIPlugin:80 - create IPUIPlugin
2025-04-30 13:19:30,377 [INFO] PluginManager:220 - loadIPPluginJar : add ltdc
2025-04-30 13:19:30,386 [INFO] IPUIPlugin:80 - create IPUIPlugin
2025-04-30 13:19:30,386 [INFO] PluginManager:220 - loadIPPluginJar : add mdma
2025-04-30 13:19:30,393 [INFO] IPUIPlugin:80 - create IPUIPlugin
2025-04-30 13:19:30,394 [INFO] PluginManager:220 - loadIPPluginJar : add nvic
2025-04-30 13:19:30,399 [INFO] IPUIPlugin:80 - create IPUIPlugin
2025-04-30 13:19:30,400 [INFO] PluginManager:220 - loadIPPluginJar : add opamp
2025-04-30 13:19:30,406 [INFO] IPUIPlugin:80 - create IPUIPlugin
2025-04-30 13:19:30,406 [INFO] PluginManager:220 - loadIPPluginJar : add openamp
2025-04-30 13:19:30,411 [INFO] IPUIPlugin:80 - create IPUIPlugin
2025-04-30 13:19:30,412 [INFO] PluginManager:220 - loadIPPluginJar : add pdm2pcm
2025-04-30 13:19:30,420 [INFO] IPUIPlugin:80 - create IPUIPlugin
2025-04-30 13:19:30,423 [INFO] PluginManager:220 - loadIPPluginJar : add plateformsettings
2025-04-30 13:19:30,425 [INFO] IPUIPlugin:80 - create IPUIPlugin
2025-04-30 13:19:30,426 [INFO] PluginManager:220 - loadIPPluginJar : add quadspi
2025-04-30 13:19:30,429 [INFO] IPUIPlugin:80 - create IPUIPlugin
2025-04-30 13:19:30,432 [INFO] PluginManager:220 - loadIPPluginJar : add radio
2025-04-30 13:19:30,437 [INFO] IPUIPlugin:80 - create IPUIPlugin
2025-04-30 13:19:30,437 [INFO] PluginManager:220 - loadIPPluginJar : add resmgrutility
2025-04-30 13:19:30,441 [INFO] IPUIPlugin:80 - create IPUIPlugin
2025-04-30 13:19:30,441 [INFO] PluginManager:220 - loadIPPluginJar : add sai
2025-04-30 13:19:30,445 [INFO] IPUIPlugin:80 - create IPUIPlugin
2025-04-30 13:19:30,446 [INFO] PluginManager:220 - loadIPPluginJar : add spi
2025-04-30 13:19:30,458 [INFO] IPUIPlugin:80 - create IPUIPlugin
2025-04-30 13:19:30,458 [INFO] PluginManager:220 - loadIPPluginJar : add stm32_wpan
2025-04-30 13:19:30,462 [INFO] IPUIPlugin:80 - create IPUIPlugin
2025-04-30 13:19:30,463 [INFO] PluginManager:220 - loadIPPluginJar : add tim
2025-04-30 13:19:30,468 [INFO] IPUIPlugin:80 - create IPUIPlugin
2025-04-30 13:19:30,468 [INFO] PluginManager:220 - loadIPPluginJar : add touchsensing
2025-04-30 13:19:30,471 [INFO] IPUIPlugin:80 - create IPUIPlugin
2025-04-30 13:19:30,473 [INFO] PluginManager:220 - loadIPPluginJar : add tracer_emb
2025-04-30 13:19:30,476 [INFO] IPUIPlugin:80 - create IPUIPlugin
2025-04-30 13:19:30,476 [INFO] PluginManager:220 - loadIPPluginJar : add ts
2025-04-30 13:19:30,481 [INFO] IPUIPlugin:80 - create IPUIPlugin
2025-04-30 13:19:30,481 [INFO] PluginManager:220 - loadIPPluginJar : add tsc
2025-04-30 13:19:30,485 [INFO] IPUIPlugin:80 - create IPUIPlugin
2025-04-30 13:19:30,485 [INFO] PluginManager:220 - loadIPPluginJar : add ucpd
2025-04-30 13:19:30,490 [INFO] IPUIPlugin:80 - create IPUIPlugin
2025-04-30 13:19:30,490 [INFO] PluginManager:220 - loadIPPluginJar : add usart
2025-04-30 13:19:30,495 [INFO] IPUIPlugin:80 - create IPUIPlugin
2025-04-30 13:19:30,496 [INFO] PluginManager:220 - loadIPPluginJar : add usbx
2025-04-30 13:19:30,680 [FATAL] Updater:351 - Updater called before beeing initialized
2025-04-30 13:19:30,738 [INFO] RulesReader:64 - Compatibility file has been processed (302 Rules)
2025-04-30 13:19:30,761 [INFO] RulesReader:64 - Compatibility file has been processed (302 Rules)
2025-04-30 13:19:30,807 [INFO] CADModel:165 - CPN selected for project level
2025-04-30 13:19:30,807 [INFO] CADModel:114 - Register for checkConnection events
2025-04-30 13:19:30,807 [FATAL] Updater:351 - Updater called before beeing initialized
2025-04-30 13:19:30,807 [ERROR] CADModel:125 - Updater not yet initialized, retry later 
2025-04-30 13:19:31,163 [FATAL] Updater:351 - Updater called before beeing initialized
2025-04-30 13:19:31,167 [INFO] CADModel:165 - CPN selected for project level
2025-04-30 13:19:31,167 [INFO] CADModel:114 - Register for checkConnection events
2025-04-30 13:19:31,167 [FATAL] Updater:351 - Updater called before beeing initialized
2025-04-30 13:19:31,167 [ERROR] CADModel:125 - Updater not yet initialized, retry later 
2025-04-30 13:19:31,174 [FATAL] Updater:351 - Updater called before beeing initialized
2025-04-30 13:19:31,394 [FATAL] Updater:351 - Updater called before beeing initialized
2025-04-30 13:19:31,399 [INFO] DbMcusAds:53 - JSON generation date=Thu Mar 06 06:54:22 PST 2025 (1741272862078)
2025-04-30 13:19:31,400 [FATAL] Updater:351 - Updater called before beeing initialized
2025-04-30 13:19:31,457 [WARN] DetailPanel:346 - Failed to get advertising image, set to default
2025-04-30 13:19:31,764 [FATAL] Updater:351 - Updater called before beeing initialized
2025-04-30 13:19:31,769 [FATAL] Updater:351 - Updater called before beeing initialized
2025-04-30 13:19:31,769 [FATAL] Updater:351 - Updater called before beeing initialized
2025-04-30 13:19:31,770 [WARN] DetailPanel:346 - Failed to get advertising image, set to default
2025-04-30 13:19:31,771 [FATAL] Updater:351 - Updater called before beeing initialized
2025-04-30 13:19:31,840 [ERROR] Updater:1198 - MainUpdater not yet initialized. External WinMGr cannot be set.
2025-04-30 13:19:31,842 [INFO] Updater:1134 - Updater Version found : 6.14.1
2025-04-30 13:19:31,864 [INFO] ApplicationProperties:184 - Using Application install path: C:\ST\STM32CubeIDE_1.18.0\STM32CubeIDE\plugins\com.st.stm32cube.common.mx_6.14.1.202504091515
2025-04-30 13:19:32,147 [INFO] ThirdPartyUpdaterWithRetryManager:70 - Updater plugin not ready yet. [2/15]
2025-04-30 13:19:33,452 [ERROR] LogOutputStream:75 - [STDERR_REDIRECT] Apr 30, 2025 1:19:33 PM java.util.prefs.WindowsPreferences <init>
2025-04-30 13:19:33,454 [ERROR] LogOutputStream:75 - [STDERR_REDIRECT] WARNING: Could not open/create prefs root node Software\JavaSoft\Prefs at root 0xffffffff80000002. Windows RegCreateKeyEx(...) returned error code 5.
2025-04-30 13:19:33,454 [ERROR] LogOutputStream:75 - [STDERR_REDIRECT] 
2025-04-30 13:19:34,082 [INFO] MainUpdater:2872 - connection check result : 10
2025-04-30 13:19:34,083 [INFO] MainUpdater:289 - Updater Check For Update Now.
2025-04-30 13:19:34,084 [INFO] MicroXplorer:498 - Change Database Version : DB.6.0.141
2025-04-30 13:19:34,093 [INFO] McuFinderGlobals:63 - Set McuFinder mode to 2 (CubeIDE integrated)
2025-04-30 13:19:34,098 [INFO] UserAuth:484 - Internet connection configuration mode: 1
2025-04-30 13:19:34,256 [INFO] JxBrowserEngine:152 - Initiate JxBrowser Engine with user profile folder
2025-04-30 13:19:34,385 [INFO] CheckServerUpdateThread:120 - End of CheckServer Thread
2025-04-30 13:19:35,730 [WARN] PackLoader:240 - Cannot read IP mode file for STMicroelectronics.FP-SNS-MOTENVWB1.1.4.0
2025-04-30 13:19:35,756 [WARN] PackLoader:240 - Cannot read IP mode file for STMicroelectronics.FP-ATR-ASTRA1.2.0.2
2025-04-30 13:19:35,815 [WARN] PackLoader:240 - Cannot read IP mode file for STMicroelectronics.X-CUBE-SMBUS.2.1.0
2025-04-30 13:19:35,846 [WARN] PackLoader:240 - Cannot read IP mode file for STMicroelectronics.X-CUBE-WB05N.1.1.0
2025-04-30 13:19:35,929 [WARN] PackLoader:240 - Cannot read IP mode file for STMicroelectronics.X-CUBE-AZRTOS-F7.1.1.0
2025-04-30 13:19:35,995 [WARN] PackLoader:240 - Cannot read IP mode file for Infineon.AIROC-Wi-Fi-Bluetooth-STM32.1.7.0
2025-04-30 13:19:36,037 [WARN] PackLoader:240 - Cannot read IP mode file for STMicroelectronics.X-CUBE-DISPLAY.3.0.0
2025-04-30 13:19:36,065 [WARN] PackLoader:240 - Cannot read IP mode file for STMicroelectronics.X-CUBE-NFC10.1.0.0
2025-04-30 13:19:36,095 [WARN] PackLoader:240 - Cannot read IP mode file for STMicroelectronics.X-CUBE-BLEMGR.4.0.0
2025-04-30 13:19:36,117 [WARN] PackLoader:240 - Cannot read IP mode file for emotas.I-CUBE-CANOPEN.1.3.0
2025-04-30 13:19:36,132 [WARN] ConditionMgr:438 - getConditionDescription Invalid condition id : Cortex-A Device cause : null
2025-04-30 13:19:36,170 [WARN] ConditionMgr:1044 - genDependencies : Invalid condition id : Cortex-A Device cause : null
2025-04-30 13:19:36,171 [WARN] ConditionMgr:1044 - genDependencies : Invalid condition id : Cortex-A Device cause : null
2025-04-30 13:19:36,171 [WARN] ConditionMgr:1044 - genDependencies : Invalid condition id : Cortex-A Device cause : null
2025-04-30 13:19:36,186 [WARN] PackLoader:240 - Cannot read IP mode file for STMicroelectronics.X-CUBE-AI.10.0.0
2025-04-30 13:19:36,201 [WARN] PackLoader:240 - Cannot read IP mode file for STMicroelectronics.FP-SNS-SMARTAG2.1.2.0
2025-04-30 13:19:36,216 [WARN] PackLoader:240 - Cannot read IP mode file for STMicroelectronics.FP-SNS-FLIGHT1.5.1.0
2025-04-30 13:19:36,296 [WARN] PackLoader:240 - Cannot read IP mode file for STMicroelectronics.X-CUBE-MEMS1.11.1.0
2025-04-30 13:19:36,475 [INFO] LogOutputStream:77 - [STDOUT_REDIRECT] 1 : Invalid condition id : UX_CORESTACK_Condition cause : null
2025-04-30 13:19:36,479 [INFO] LogOutputStream:77 - [STDOUT_REDIRECT] 1 : Invalid condition id : UX_CORESTACK_Condition cause : null
2025-04-30 13:19:36,483 [INFO] LogOutputStream:77 - [STDOUT_REDIRECT] 1 : Invalid condition id : UX_CORESTACK_Condition cause : null
2025-04-30 13:19:36,486 [INFO] LogOutputStream:77 - [STDOUT_REDIRECT] 1 : Invalid condition id : UX_CORESTACK_Condition cause : null
2025-04-30 13:19:36,489 [INFO] LogOutputStream:77 - [STDOUT_REDIRECT] 1 : Invalid condition id : UX_CORESTACK_Condition cause : null
2025-04-30 13:19:36,493 [WARN] PackLoader:240 - Cannot read IP mode file for STMicroelectronics.X-CUBE-AZRTOS-WL.2.0.0
2025-04-30 13:19:36,509 [WARN] PackLoader:240 - Cannot read IP mode file for STMicroelectronics.FP-SNS-MOTENV1.5.0.0
2025-04-30 13:19:36,535 [WARN] PackLoader:240 - Cannot read IP mode file for WES.I-CUBE-Cesium.1.3.0
2025-04-30 13:19:36,553 [WARN] PackLoader:240 - Cannot read IP mode file for STMicroelectronics.X-CUBE-BLE2.3.3.0
2025-04-30 13:19:36,570 [WARN] PackLoader:240 - Cannot read IP mode file for STMicroelectronics.X-CUBE-NFC9.1.0.0
2025-04-30 13:19:36,586 [WARN] PackLoader:240 - Cannot read IP mode file for STMicroelectronics.X-CUBE-BLE1.7.1.0
2025-04-30 13:19:36,605 [WARN] PackLoader:240 - Cannot read IP mode file for wolfSSL.I-CUBE-wolfMQTT.1.19.2
2025-04-30 13:19:36,681 [WARN] PackLoader:240 - Cannot read IP mode file for STMicroelectronics.X-CUBE-MEMS1.11.2.0
2025-04-30 13:19:36,921 [WARN] PackLoader:240 - Cannot read IP mode file for STMicroelectronics.X-CUBE-AZRTOS-G0.1.1.0
2025-04-30 13:19:36,941 [WARN] PackLoader:240 - Cannot read IP mode file for STMicroelectronics.X-CUBE-SAFEA1.1.2.2
2025-04-30 13:19:36,956 [WARN] PackLoader:240 - Cannot read IP mode file for STMicroelectronics.X-CUBE-NFC4.3.0.0
2025-04-30 13:19:36,979 [WARN] PackLoader:240 - Cannot read IP mode file for EmbeddedOffice.I-CUBE-FS-RTOS.1.0.1
2025-04-30 13:19:36,994 [WARN] PackLoader:240 - Cannot read IP mode file for STMicroelectronics.X-CUBE-WB05N.2.0.0
2025-04-30 13:19:37,007 [WARN] PackLoader:240 - Cannot read IP mode file for wolfSSL.I-CUBE-wolfTPM.3.8.0
2025-04-30 13:19:37,024 [WARN] PackLoader:240 - Cannot read IP mode file for STMicroelectronics.X-CUBE-TCPP.4.2.0
2025-04-30 13:19:37,040 [WARN] PackLoader:240 - Cannot read IP mode file for RealThread.X-CUBE-RT-Thread_Nano.4.1.1
2025-04-30 13:19:37,053 [WARN] PackLoader:240 - Cannot read IP mode file for STMicroelectronics.FP-ATR-SIGFOX1.3.2.0
2025-04-30 13:19:37,068 [WARN] PackLoader:240 - Cannot read IP mode file for STMicroelectronics.X-CUBE-EEPRMA1.5.1.0
2025-04-30 13:19:37,082 [WARN] PackLoader:240 - Cannot read IP mode file for wolfSSL.I-CUBE-wolfSSL.5.7.6
2025-04-30 13:19:37,101 [WARN] PackLoader:240 - Cannot read IP mode file for ITTIA_DB.I-CUBE-ITTIADB.8.9.0
2025-04-30 13:19:37,140 [WARN] PackLoader:240 - Cannot read IP mode file for SEGGER.I-CUBE-embOS.1.3.1
2025-04-30 13:19:37,189 [WARN] PackLoader:240 - Cannot read IP mode file for STMicroelectronics.X-CUBE-ALGOBUILD.1.4.0
2025-04-30 13:19:37,228 [WARN] PackLoader:240 - Cannot read IP mode file for STMicroelectronics.X-CUBE-AZRTOS-F4.1.1.0
2025-04-30 13:19:37,232 [INFO] WebApp:169 - Instantiating new browser for Auth
2025-04-30 13:19:37,243 [WARN] PackLoader:240 - Cannot read IP mode file for Avnet-IotConnect.X-CUBE-IoTC-DA16k-PMOD.1.0.0
2025-04-30 13:19:37,257 [WARN] PackLoader:240 - Cannot read IP mode file for STMicroelectronics.X-CUBE-ISPU.2.1.0
2025-04-30 13:19:37,299 [WARN] PackLoader:240 - Cannot read IP mode file for STMicroelectronics.X-CUBE-AZRTOS-L5.2.0.0
2025-04-30 13:19:37,348 [WARN] PackLoader:240 - Cannot read IP mode file for STMicroelectronics.X-CUBE-NFC6.3.1.0
2025-04-30 13:19:37,383 [WARN] PackLoader:240 - Cannot read IP mode file for STMicroelectronics.X-CUBE-DPower.1.2.0
2025-04-30 13:19:37,408 [WARN] PackLoader:240 - Cannot read IP mode file for STMicroelectronics.X-CUBE-FREERTOS.1.3.0
2025-04-30 13:19:37,424 [WARN] PackLoader:240 - Cannot read IP mode file for STMicroelectronics.X-CUBE-NFC7.1.0.1
2025-04-30 13:19:37,446 [WARN] PackLoader:240 - Cannot read IP mode file for STMicroelectronics.X-CUBE-DPower.1.3.0
2025-04-30 13:19:37,499 [WARN] ConditionMgr:438 - getConditionDescription Invalid condition id : LAN8742 Phy interface Condition cause : null
2025-04-30 13:19:37,500 [WARN] PackLoader:240 - Cannot read IP mode file for STMicroelectronics.X-CUBE-AZRTOS-L4.2.0.0
2025-04-30 13:19:37,503 [WARN] ConditionMgr:1044 - genDependencies : Invalid condition id : LAN8742 Phy interface Condition cause : null
2025-04-30 13:19:37,503 [WARN] ConditionMgr:1044 - genDependencies : Invalid condition id : LAN8742 Phy interface Condition cause : null
2025-04-30 13:19:37,504 [WARN] ConditionMgr:1044 - genDependencies : Invalid condition id : LAN8742 Phy interface Condition cause : null
2025-04-30 13:19:37,528 [WARN] PackLoader:240 - Cannot read IP mode file for STMicroelectronics.X-CUBE-SFXS2LP1.4.0.0
2025-04-30 13:19:37,588 [WARN] PackLoader:240 - Cannot read IP mode file for STMicroelectronics.X-CUBE-AZRTOS-H7.3.3.0
2025-04-30 13:19:37,630 [WARN] ConditionMgr:438 - getConditionDescription Invalid condition id : UX DEVICE CLASS RTOS Condition cause : null
2025-04-30 13:19:37,630 [WARN] ConditionMgr:438 - getConditionDescription Invalid condition id : UX DEVICE CLASS RTOS Condition cause : null
2025-04-30 13:19:37,633 [WARN] PackLoader:240 - Cannot read IP mode file for STMicroelectronics.X-CUBE-AZRTOS-WB.2.0.0
2025-04-30 13:19:37,634 [WARN] ConditionMgr:1044 - genDependencies : Invalid condition id : UX DEVICE CLASS RTOS Condition cause : null
2025-04-30 13:19:37,634 [WARN] ConditionMgr:1044 - genDependencies : Invalid condition id : UX DEVICE CLASS RTOS Condition cause : null
2025-04-30 13:19:37,634 [WARN] ConditionMgr:1044 - genDependencies : Invalid condition id : UX DEVICE CLASS RTOS Condition cause : null
2025-04-30 13:19:37,635 [WARN] ConditionMgr:1044 - genDependencies : Invalid condition id : UX DEVICE CLASS RTOS Condition cause : null
2025-04-30 13:19:37,635 [WARN] ConditionMgr:1044 - genDependencies : Invalid condition id : UX DEVICE CLASS RTOS Condition cause : null
2025-04-30 13:19:37,652 [WARN] PackLoader:240 - Cannot read IP mode file for STMicroelectronics.X-CUBE-GNSS1.7.0.1
2025-04-30 13:19:37,678 [WARN] PackLoader:240 - Cannot read IP mode file for STMicroelectronics.X-CUBE-TOUCHGFX.4.25.0
2025-04-30 13:19:37,696 [WARN] PackLoader:240 - Cannot read IP mode file for STMicroelectronics.FP-SNS-STBOX1.2.0.0
2025-04-30 13:19:37,729 [WARN] PackLoader:240 - Cannot read IP mode file for STMicroelectronics.X-CUBE-SUBG2.5.0.0
2025-04-30 13:19:37,779 [WARN] PackLoader:240 - Cannot read IP mode file for STMicroelectronics.X-CUBE-AZRTOS-H7RS.1.1.0
2025-04-30 13:19:37,797 [WARN] PackLoader:240 - Cannot read IP mode file for Cesanta.I-CUBE-Mongoose.7.13.0
2025-04-30 13:19:37,830 [WARN] PackLoader:240 - Cannot read IP mode file for STMicroelectronics.X-CUBE-AZRTOS-G4.2.0.0
2025-04-30 13:19:37,845 [WARN] PackLoader:240 - Cannot read IP mode file for wolfSSL.I-CUBE-wolfSSH.1.4.20
2025-04-30 13:19:37,867 [WARN] PackLoader:240 - Cannot read IP mode file for STMicroelectronics.X-CUBE-IPS.3.1.0
2025-04-30 13:19:37,885 [WARN] PackLoader:240 - Cannot read IP mode file for STMicroelectronics.X-CUBE-ALS.1.0.2
2025-04-30 13:19:37,903 [WARN] PackLoader:240 - Cannot read IP mode file for portGmbH.I-Cube-SoM-uGOAL.1.1.0
2025-04-30 13:19:37,927 [WARN] PackLoader:240 - Cannot read IP mode file for STMicroelectronics.X-CUBE-TOF1.3.4.2
2025-04-30 13:19:37,960 [WARN] PackLoader:240 - Cannot read IP mode file for STMicroelectronics.X-CUBE-TOF1.3.4.3
2025-04-30 13:19:37,971 [INFO] ThirdParty:978 - Integrity check success = true
2025-04-30 13:19:37,971 [INFO] IntegrityCheckThread:100 - exiting critical section [integrity check]
2025-04-30 13:19:37,971 [INFO] IntegrityCheckThread:103 - End integrity checks thread
2025-04-30 13:19:39,809 [INFO] WebApp:463 - Apply proxy settings
2025-04-30 13:19:39,809 [INFO] WebApp:548 - Chromium requires no authentication
2025-04-30 13:19:39,822 [INFO] WebApp:491 - Direct internet connection detected
2025-04-30 13:19:39,854 [INFO] WebApp:894 - Register for checkConnection events
2025-04-30 13:19:39,854 [INFO] WebApp:463 - Apply proxy settings
2025-04-30 13:19:39,854 [INFO] WebApp:548 - Chromium requires no authentication
2025-04-30 13:19:39,855 [INFO] WebApp:491 - Direct internet connection detected
2025-04-30 13:19:40,124 [INFO] WebApp:225 - Starting web application
2025-04-30 13:19:40,125 [INFO] WebApp:593 - Web application path used C:\ST\STM32CubeIDE_1.18.0\STM32CubeIDE\plugins\com.st.stm32cube.common.mx_6.14.1.202504091515\db\plugins\mcufinder\reactClient1\index.html
2025-04-30 13:19:40,266 [INFO] UserAuth:484 - Internet connection configuration mode: 1
2025-04-30 13:19:40,324 [INFO] WebApp:191 - Connection restablished
2025-04-30 13:20:05,919 [INFO] McuFinderGlobals:63 - Set McuFinder mode to 2 (CubeIDE integrated)
2025-04-30 13:20:05,938 [INFO] MainUpdater:2872 - connection check result : 10
2025-04-30 13:20:05,958 [INFO] McuFinderGlobals:76 - Set McuFinderConnectedMode to true
2025-04-30 13:20:06,277 [INFO] ServerAccessManage:473 - Download File mcusAds.json._tmp_
2025-04-30 13:20:06,453 [INFO] LoadUrlFilesThread:156 - End of LoadUrlFiles Thread
2025-04-30 13:20:06,659 [INFO] ServerAccessManage:473 - Download File cube-finder-db.zip
2025-04-30 13:20:08,266 [INFO] FileExtend:242 - Unzip File : cube-finder-db.zip
2025-04-30 13:20:08,268 [INFO] FileExtend:257 - Standard Zip Deflate
2025-04-30 13:20:10,478 [INFO] LoadUrlFilesThread:156 - End of LoadUrlFiles Thread
2025-04-30 13:20:11,370 [INFO] ServerAccessManage:473 - Download File crdb.zip
2025-04-30 13:20:12,276 [INFO] FileExtend:242 - Unzip File : crdb.zip
2025-04-30 13:20:12,277 [INFO] FileExtend:257 - Standard Zip Deflate
2025-04-30 13:20:12,439 [INFO] LoadUrlFilesThread:156 - End of LoadUrlFiles Thread
2025-04-30 13:20:12,569 [INFO] ServerAccessManage:473 - Download File tutoVideoDB.zip
2025-04-30 13:20:12,583 [INFO] FileExtend:242 - Unzip File : tutoVideoDB.zip
2025-04-30 13:20:12,584 [INFO] FileExtend:257 - Standard Zip Deflate
2025-04-30 13:20:12,724 [INFO] LoadUrlFilesThread:156 - End of LoadUrlFiles Thread
2025-04-30 13:20:12,744 [WARN] DbFile:41 - Overriding database path with different value: C:\Users\blew2\.stmcufinder\plugins\mcufinder/ => C:\Users\blew2\.stmcufinder\plugins\mcufinder
2025-04-30 13:20:12,885 [INFO] ServerAccessManage:473 - Download File api_config.json
2025-04-30 13:20:13,021 [INFO] LoadUrlFilesThread:156 - End of LoadUrlFiles Thread
2025-04-30 13:20:13,032 [INFO] DbMcusAds:53 - JSON generation date=Thu Mar 06 06:54:22 PST 2025 (1741272862078)
2025-04-30 13:20:13,286 [INFO] LoadUrlFilesThread:185 - End of LoadServerUrlFiles without Thread
2025-04-30 13:20:13,287 [INFO] TargetSelectorAdapter:259 - Refresh data is successful
2025-04-30 13:20:13,453 [INFO] ApiDb:581 - Connected to CubeFinder SQLite database (C:\Users\blew2\.stmcufinder\plugins\mcufinder\mcu\cube-finder-db.db)
2025-04-30 13:20:13,628 [INFO] ApiDb:668 - CubeFinder database Data Model version=2.1
2025-04-30 13:20:13,628 [INFO] ApiDb:669 - CubeFinder database Configuration version=3.0.39
2025-04-30 13:20:13,628 [INFO] ApiDb:670 - CubeFinder database generation date=2025-04-23 (1745419778)
2025-04-30 13:20:13,628 [INFO] ApiDb:671 - CubeFinder database FW Pack versions=[FP-ATR-ASTRA1_V2.0.0, FP-SNS-FLIGHT1_V5.1.0, FP-SNS-MOTENV1_V5.0.0, FP-SNS-MOTENVWB1_V1.4.0, FP-SNS-SMARTAG2_V1.2.0, FP-SNS-STBOX1_V2.0.0, STM32Cube_FW_C0_V1.4.0, STM32Cube_FW_F4_V1.28.1, STM32Cube_FW_F7_V1.17.2, STM32Cube_FW_G0_V1.6.2, STM32Cube_FW_G4_V1.6.1, STM32Cube_FW_H5_V1.5.0, STM32Cube_FW_H7RS_V1.2.0, STM32Cube_FW_H7_V1.12.1, STM32Cube_FW_L0_V1.12.2, STM32Cube_FW_L4_V1.18.1, STM32Cube_FW_L5_V1.5.1, STM32Cube_FW_N6_V1.1.1, STM32Cube_FW_U0_V1.2.0, STM32Cube_FW_U3_V1.1.0, STM32Cube_FW_U5_V1.7.0, STM32Cube_FW_WB0_V1.2.0, STM32Cube_FW_WBA_V1.6.0, STM32Cube_FW_WB_V1.22.0, STM32Cube_FW_WL3_V1.1.0, STM32Cube_FW_WL_V1.3.1, X-CUBE-ALGOBUILD_V1.4.0, X-CUBE-ALS_V1.0.2, X-CUBE-AZRTOS-F4_V1.1.0, X-CUBE-AZRTOS-F7_V1.1.0, X-CUBE-AZRTOS-G0_V1.1.0, X-CUBE-AZRTOS-G4_V2.0.0, X-CUBE-AZRTOS-H7RS_V1.1.0, X-CUBE-AZRTOS-H7_V3.3.0, X-CUBE-AZRTOS-L4_V2.0.0, X-CUBE-AZRTOS-L5_V2.0.0, X-CUBE-AZRTOS-WB_V2.0.0, X-CUBE-AZRTOS-WL_V2.0.0, X-CUBE-BLE1_V7.1.0, X-CUBE-BLE2_V3.3.0, X-CUBE-BLEMGR_V4.0.0, X-CUBE-EEPRMA1_V5.1.0, X-CUBE-FREERTOS_V1.3.0, X-CUBE-GNSS1_V6.0.0, X-CUBE-MEMS1_V11.2.0, X-CUBE-NFC4_V3.0.0, X-CUBE-NFC7_V1.0.1, X-CUBE-SFXS2LP1_V4.0.0, X-CUBE-SUBG2_V5.0.0, X-CUBE-TOF1_V3.4.3]
2025-04-30 13:20:16,746 [INFO] ApiDb:240 - Found 895 in-development CPN: [B-G473E-ZEST1S, B-WB1M-WPAN1, B-WBA5M-WPAN, B-WL5M-SUBG1, NUCLEO-C031C6, NUCLEO-C051C8, NUCLEO-C071RB, NUCLEO-C092RC, NUCLEO-H503RB, NUCLEO-H533RE, NUCLEO-H563ZI, NUCLEO-H7S3L8, NUCLEO-N657X0-Q, NUCLEO-U031R8, NUCLEO-U083RC, NUCLEO-U385RG-Q, NUCLEO-U545RE-Q, NUCLEO-U5A5ZJ-Q, NUCLEO-WB05KZ, NUCLEO-WB07CC, NUCLEO-WB09KE, NUCLEO-WBA52CG, NUCLEO-WBA55CG, NUCLEO-WBA65RI, NUCLEO-WL33CC1, NUCLEO-WL33CC2, STEVAL-PROTEUS1, STEVAL-SMARTAG2, STEVAL-STWINBX1, STM320518-EVAL, STM32C0116-DK, STM32C011D6Y3TR, STM32C011D6Y6TR, STM32C011F4P3, STM32C011F4P6, STM32C011F4U3, STM32C011F4U6TR, STM32C011F6P3, STM32C011F6P6, STM32C011F6U3, STM32C011F6U6TR, STM32C011J4M3, STM32C011J4M6, STM32C011J6M3, STM32C011J6M6, STM32C0316-DK, STM32C031C4T3, STM32C031C4T6, STM32C031C4U3, STM32C031C4U6, STM32C031C6T3, STM32C031C6T6, STM32C031C6U3, STM32C031C6U6, STM32C031F4P3, STM32C031F4P6, STM32C031F6P3, STM32C031F6P6, STM32C031G4U3, STM32C031G4U6, STM32C031G6U3, STM32C031G6U6, STM32C031K4T3, STM32C031K4T6, STM32C031K4U3, STM32C031K4U6, STM32C031K6T3, STM32C031K6T6, STM32C031K6U3, STM32C031K6U6, STM32C051C6T6, STM32C051C6U6, STM32C051C8T6, STM32C051C8U6, STM32C051D8Y6TR, STM32C051F6P6, STM32C051F8P6, STM32C051G6U6, STM32C051G8U6, STM32C051K6T6, STM32C051K6U6, STM32C051K8T6, STM32C071C8T6, STM32C071C8T6N, STM32C071C8U6, STM32C071C8U6N, STM32C071CBT6, STM32C071CBT6N, STM32C071CBU6, STM32C071CBU6N, STM32C071F8P6, STM32C071F8P6N, STM32C071FBP6, STM32C071FBP6N, STM32C071FBY6TR, STM32C071G8U6, STM32C071G8U6N, STM32C071GBU6, STM32C071GBU6N, STM32C071K8T6, STM32C071K8T6N, STM32C071K8U6, STM32C071K8U6N, STM32C071KBT6, STM32C071KBT6N, STM32C071KBU6, STM32C071KBU6N, STM32C071R8T6, STM32C071R8T6N, STM32C071RBI6N, STM32C071RBT6, STM32C071RBT6N, STM32C091CBT6, STM32C091CBU6, STM32C091CCT6, STM32C091CCU6, STM32C091ECY6TR, STM32C091FBP6, STM32C091FCP6, STM32C091GBU6, STM32C091GCU6, STM32C091KBT6, STM32C091KBU6, STM32C091KCT6, STM32C091KCU6, STM32C091RBT6, STM32C091RCI6, STM32C091RCT6, STM32C092CBT6, STM32C092CBU6, STM32C092CCT6, STM32C092CCU6, STM32C092ECY6TR, STM32C092FBP6, STM32C092FCP6, STM32C092GBU6, STM32C092GCU6, STM32C092KBT6, STM32C092KBU6, STM32C092KCT6, STM32C092KCU6, STM32C092RBT6, STM32C092RCI6, STM32C092RCT6, STM32G071K8TXN, STM32G071K8UXN, STM32G081GBU6N, STM32G081KBT6N, STM32G081KBUXN, STM32G0B1CCT6N, STM32G0B1KCT6, STM32G0B1NEY6TR, STM32G0B1RCT6N, STM32G0C1CCT6, STM32G0C1CCT6N, STM32G0C1CCU6N, STM32G0C1CET6N, STM32G0C1CEU6N, STM32G0C1KCT6, STM32G0C1NEY6TR, STM32G0C1RCI6N, STM32G0C1RCT6N, STM32G0C1REI6N, STM32G0C1RET6N, STM32G0C1VCI6, STM32G0C1VEI6, STM32G411C6T3, STM32G411C6T6, STM32G411C6U3, STM32G411C6U6, STM32G411C8T3, STM32G411C8T6, STM32G411C8U3, STM32G411C8U6, STM32G411CBT3, STM32G411CBT6, STM32G411CBU3, STM32G411CBU6, STM32G411CCT3, STM32G411CCT6, STM32G411CCU3, STM32G411CCU6, STM32G411K6T3, STM32G411K6T6, STM32G411K6U3, STM32G411K6U6, STM32G411K8T3, STM32G411K8T6, STM32G411K8U3, STM32G411K8U6, STM32G411KBT3, STM32G411KBT6, STM32G411KBU3, STM32G411KBU6, STM32G411M6T3, STM32G411M6T6, STM32G411M8T3, STM32G411M8T6, STM32G411MBT3, STM32G411MBT6, STM32G411MCT3, STM32G411MCT6, STM32G411R6T3, STM32G411R6T6, STM32G411R8T3, STM32G411R8T6, STM32G411RBT3, STM32G411RBT6, STM32G411RCT3, STM32G411RCT6, STM32G414CBT3, STM32G414CBT6, STM32G414CBU3, STM32G414CBU6, STM32G414CCT3, STM32G414CCT6, STM32G414CCU3, STM32G414CCU6, STM32G414MBT3, STM32G414MBT6, STM32G414MCT3, STM32G414MCT6, STM32G414RBT3, STM32G414RBT6, STM32G414RCT3, STM32G414RCT6, STM32G414VBT3, STM32G414VBT6, STM32G414VCT3, STM32G414VCT6, STM32G431CBT3Z, STM32G431RBT3Z, STM32G471CCT6, STM32G471CCU6, STM32G471CET3, STM32G471CET6, STM32G471CEU3, STM32G471CEU6, STM32G471MCT6, STM32G471MET3, STM32G471MET6, STM32G471MEY6TR, STM32G471QCT6, STM32G471QET3, STM32G471RCT6, STM32G471RET3, STM32G471RET6, STM32G471VCH6, STM32G471VCI6, STM32G471VCT6, STM32G471VEH3, STM32G471VEH6, STM32G471VEI3, STM32G471VEI6, STM32G471VET3, STM32G471VET6, STM32G473QET3Z, STM32G473RET3Z, STM32G474CCT6, STM32G491RET3Z, STM32H503CBT6, STM32H503CBU6, STM32H503EBY6TR, STM32H503KBU6, STM32H503RBT6, STM32H523CCT6, STM32H523CCU6, STM32H523CET6, STM32H523CEU6, STM32H523HEY6TR, STM32H523RCT6, STM32H523RET6, STM32H523VCI6, STM32H523VCT6, STM32H523VEI6, STM32H523VET6, STM32H523ZCJ6, STM32H523ZCT6, STM32H523ZEJ6, STM32H523ZET6, STM32H533CET6, STM32H533CEU6, STM32H533HEY6TR, STM32H533RET6, STM32H533VEI6, STM32H533VET6, STM32H533ZEJ6, STM32H533ZET6, STM32H562AGI6, STM32H562AII6, STM32H562IGK6, STM32H562IGT6, STM32H562IIK6, STM32H562IIT6, STM32H562RGT6, STM32H562RGV6, STM32H562RIT6, STM32H562RIV6, STM32H562VGT6, STM32H562VIT6, STM32H562ZGT6, STM32H562ZIT6, STM32H563AGI6, STM32H563AII3Q, STM32H563AII6, STM32H563IGK6, STM32H563IGT6, STM32H563IIK3Q, STM32H563IIK6, STM32H563IIT3Q, STM32H563IIT6, STM32H563MIY3QTR, STM32H563RGT6, STM32H563RGV6, STM32H563RIT6, STM32H563RIV6, STM32H563VGT6, STM32H563VIT3Q, STM32H563VIT6, STM32H563ZGT6, STM32H563ZIT3Q, STM32H563ZIT6, STM32H573AII3Q, STM32H573AII6, STM32H573I-DK, STM32H573IIK3Q, STM32H573IIK6, STM32H573IIT3Q, STM32H573IIT6, STM32H573MIY3QTR, STM32H573RIT6, STM32H573RIV6, STM32H573VIT3Q, STM32H573VIT6, STM32H573ZIT3Q, STM32H573ZIT6, STM32H7R3A8I6, STM32H7R3I8K6, STM32H7R3I8T6, STM32H7R3L8H6, STM32H7R3L8H6H, STM32H7R3R8V6, STM32H7R3V8H6, STM32H7R3V8T6, STM32H7R3V8Y6TR, STM32H7R3Z8J6, STM32H7R3Z8T6, STM32H7R7A8I6, STM32H7R7I8K6, STM32H7R7I8T6, STM32H7R7L8H6, STM32H7R7L8H6H, STM32H7R7Z8J6, STM32H7S3A8I6, STM32H7S3I8K6, STM32H7S3I8T6, STM32H7S3L8H6, STM32H7S3L8H6H, STM32H7S3R8V6, STM32H7S3V8H6, STM32H7S3V8T6, STM32H7S3V8Y6TR, STM32H7S3Z8J6, STM32H7S3Z8T6, STM32H7S78-DK, STM32H7S7A8I6, STM32H7S7I8K6, STM32H7S7I8T6, STM32H7S7L8H6, STM32H7S7L8H6H, STM32H7S7Z8J6, STM32L4R5QGI6STR, STM32MP131AAE3, STM32MP131AAF3, STM32MP131AAG3, STM32MP131CAE3, STM32MP131CAF3, STM32MP131CAG3, STM32MP131DAE7, STM32MP131DAF7, STM32MP131DAG7, STM32MP131FAE7, STM32MP131FAF7, STM32MP131FAG7, STM32MP133AAE3, STM32MP133AAF3, STM32MP133AAG3, STM32MP133CAE3, STM32MP133CAF3, STM32MP133CAG3, STM32MP133DAE7, STM32MP133DAF7, STM32MP133DAG7, STM32MP133FAE7, STM32MP133FAF7, STM32MP133FAG7, STM32MP135AAE3, STM32MP135AAF3, STM32MP135AAG3, STM32MP135CAE3, STM32MP135CAF3, STM32MP135CAG3, STM32MP135DAE7, STM32MP135DAF7, STM32MP135DAG7, STM32MP135F-DK, STM32MP135FAE7, STM32MP135FAF7, STM32MP135FAF7T, STM32MP135FAF7U, STM32MP135FAG7, STM32MP231AAJ3, STM32MP231AAK3, STM32MP231AAL3, STM32MP231CAJ3, STM32MP231CAK3, STM32MP231CAL3, STM32MP231DAJ3, STM32MP231DAK3, STM32MP231DAL3, STM32MP231FAJ3, STM32MP231FAK3, STM32MP231FAL3, STM32MP233AAJ3, STM32MP233AAK3, STM32MP233AAL3, STM32MP233CAJ3, STM32MP233CAK3, STM32MP233CAL3, STM32MP233DAJ3, STM32MP233DAK3, STM32MP233DAL3, STM32MP233FAJ3, STM32MP233FAK3, STM32MP233FAL3, STM32MP235AAJ3, STM32MP235AAK3, STM32MP235AAL3, STM32MP235CAJ3, STM32MP235CAK3, STM32MP235CAL3, STM32MP235DAJ3, STM32MP235DAK3, STM32MP235DAL3, STM32MP235FAJ3, STM32MP235FAK3, STM32MP235FAL3, STM32MP251AAI3, STM32MP251AAJ3, STM32MP251AAK3, STM32MP251AAL3, STM32MP251CAI3, STM32MP251CAJ3, STM32MP251CAK3, STM32MP251CAL3, STM32MP251DAI3, STM32MP251DAJ3, STM32MP251DAK3, STM32MP251DAL3, STM32MP251FAI3, STM32MP251FAJ3, STM32MP251FAK3, STM32MP251FAL3, STM32MP253AAI3, STM32MP253AAJ3, STM32MP253AAK3, STM32MP253AAL3, STM32MP253CAI3, STM32MP253CAJ3, STM32MP253CAK3, STM32MP253CAL3, STM32MP253DAI3, STM32MP253DAJ3, STM32MP253DAK3, STM32MP253DAL3, STM32MP253FAI3, STM32MP253FAJ3, STM32MP253FAK3, STM32MP253FAL3, STM32MP255AAI3, STM32MP255AAJ3, STM32MP255AAK3, STM32MP255AAL3, STM32MP255CAI3, STM32MP255CAJ3, STM32MP255CAK3, STM32MP255CAL3, STM32MP255DAI3, STM32MP255DAJ3, STM32MP255DAK3, STM32MP255DAL3, STM32MP255FAI3, STM32MP255FAJ3, STM32MP255FAK3, STM32MP255FAL3, STM32MP257AAI3, STM32MP257AAJ3, STM32MP257AAK3, STM32MP257AAL3, STM32MP257CAI3, STM32MP257CAJ3, STM32MP257CAK3, STM32MP257CAL3, STM32MP257DAI3, STM32MP257DAJ3, STM32MP257DAK3, STM32MP257DAL3, STM32MP257F-DK, STM32MP257F-EV1, STM32MP257FAI3, STM32MP257FAJ3, STM32MP257FAK3, STM32MP257FAL3, STM32N645A0H3Q, STM32N645B0H3Q, STM32N645I0H3Q, STM32N645L0H3Q, STM32N645X0H3Q, STM32N645Z0H3Q, STM32N647A0H3Q, STM32N647B0H3Q, STM32N647I0H3Q, STM32N647L0H3Q, STM32N647X0H3Q, STM32N647Z0H3Q, STM32N655A0H3Q, STM32N655B0H3Q, STM32N655I0H3Q, STM32N655L0H3Q, STM32N655X0H3Q, STM32N655Z0H3Q, STM32N6570-DK, STM32N657A0H3Q, STM32N657B0H3Q, STM32N657I0H3Q, STM32N657L0H3Q, STM32N657X0H3Q, STM32N657Z0H3Q, STM32U031C6T6, STM32U031C6U6, STM32U031C8T6, STM32U031C8U6, STM32U031F4P6, STM32U031F6P6, STM32U031F8P6, STM32U031G6Y6TR, STM32U031G8Y6TR, STM32U031K4U6, STM32U031K6U6, STM32U031K8U6, STM32U031R6I6, STM32U031R6T6, STM32U031R8I6, STM32U031R8T6, STM32U073C8T6, STM32U073C8U6, STM32U073CBT6, STM32U073CBU6, STM32U073CCT6, STM32U073CCU6, STM32U073H8Y6TR, STM32U073HBY6TR, STM32U073HCY6TR, STM32U073K8U6, STM32U073KBU6, STM32U073KCU6, STM32U073M8I6, STM32U073M8T6, STM32U073MBI6, STM32U073MBT6, STM32U073MCI6, STM32U073MCT6, STM32U073R8I6, STM32U073R8T6, STM32U073RBI6, STM32U073RBT6, STM32U073RCI6, STM32U073RCT6, STM32U083C-DK, STM32U083CCT6, STM32U083CCU6, STM32U083HCY6TR, STM32U083KCU6, STM32U083MCI6, STM32U083MCT6, STM32U083RCI6, STM32U083RCT6, STM32U375CET6, STM32U375CET6Q, STM32U375CEU6, STM32U375CEU6Q, STM32U375CEY6QTR, STM32U375CGT6, STM32U375CGT6Q, STM32U375CGU6, STM32U375CGU6Q, STM32U375CGY6QTR, STM32U375KEU6, STM32U375KGU6, STM32U375REI6, STM32U375REI6Q, STM32U375RET6, STM32U375RET6Q, STM32U375REY6GTR, STM32U375REY6QTR, STM32U375RGI6, STM32U375RGI6Q, STM32U375RGT6, STM32U375RGT6Q, STM32U375RGY6GTR, STM32U375RGY6QTR, STM32U375VEI6, STM32U375VEI6Q, STM32U375VET6, STM32U375VET6Q, STM32U375VGI6, STM32U375VGI6Q, STM32U375VGT6, STM32U375VGT6Q, STM32U385CGT6, STM32U385CGT6Q, STM32U385CGU6, STM32U385CGU6Q, STM32U385CGY6QTR, STM32U385KGU6, STM32U385RGI6, STM32U385RGI6Q, STM32U385RGT6, STM32U385RGT6Q, STM32U385RGY6GTR, STM32U385RGY6QTR, STM32U385VGI6, STM32U385VGI6Q, STM32U385VGT6, STM32U385VGT6Q, STM32U535CBT6, STM32U535CBT6Q, STM32U535CBU6, STM32U535CBU6Q, STM32U535CCT6, STM32U535CCT6Q, STM32U535CCU6, STM32U535CCU6Q, STM32U535CET6, STM32U535CET6Q, STM32U535CEU6, STM32U535CEU6Q, STM32U535JEY6QTR, STM32U535NCY6QTR, STM32U535NEY6QTR, STM32U535RBI6, STM32U535RBI6Q, STM32U535RBT6, STM32U535RBT6Q, STM32U535RCI6, STM32U535RCI6Q, STM32U535RCT6, STM32U535RCT6Q, STM32U535REI6, STM32U535REI6Q, STM32U535RET6, STM32U535RET6Q, STM32U535VCI6, STM32U535VCI6Q, STM32U535VCT6, STM32U535VCT6Q, STM32U535VEI6, STM32U535VEI6Q, STM32U535VET6, STM32U535VET6Q, STM32U545CET6, STM32U545CET6Q, STM32U545CEU6, STM32U545CEU6Q, STM32U545JEY6QTR, STM32U545NEY6QTR, STM32U545REI6, STM32U545REI6Q, STM32U545RET6, STM32U545RET6Q, STM32U545VEI6, STM32U545VEI6Q, STM32U545VET6, STM32U545VET6Q, STM32U595AIH6, STM32U595AIH6Q, STM32U595AJH6, STM32U595AJH6Q, STM32U595QII6, STM32U595QII6Q, STM32U595QJI6, STM32U595QJI6Q, STM32U595RIT6, STM32U595RIT6Q, STM32U595RJT6, STM32U595RJT6Q, STM32U595VIT6, STM32U595VIT6Q, STM32U595VJT6, STM32U595VJT6Q, STM32U595ZIT6, STM32U595ZIT6Q, STM32U595ZIY6QTR, STM32U595ZJT6, STM32U595ZJT6Q, STM32U595ZJY6QTR, STM32U599BJY6QTR, STM32U599NIH6Q, STM32U599NJH6Q, STM32U599VIT6Q, STM32U599VJT6, STM32U599VJT6Q, STM32U599ZIT6Q, STM32U599ZIY6QTR, STM32U599ZJT6Q, STM32U599ZJY6QTR, STM32U5A5AJH6, STM32U5A5AJH6Q, STM32U5A5QII3Q , STM32U5A5QJI6, STM32U5A5QJI6Q, STM32U5A5RJT6, STM32U5A5RJT6Q, STM32U5A5VJT6, STM32U5A5VJT6Q, STM32U5A5ZJT6, STM32U5A5ZJT6Q, STM32U5A5ZJY6QTR, STM32U5A9BJY6QTR, STM32U5A9J-DK, STM32U5A9NJH6Q, STM32U5A9VJT6Q, STM32U5A9ZJT6Q, STM32U5A9ZJY6QTR, STM32U5F7VIT6, STM32U5F7VIT6Q, STM32U5F7VJT6, STM32U5F7VJT6Q, STM32U5F9BJY6QTR, STM32U5F9NJH6Q, STM32U5F9VIT6Q, STM32U5F9VJT6Q, STM32U5F9ZIJ6QTR, STM32U5F9ZIT6Q, STM32U5F9ZJJ6QTR, STM32U5F9ZJT6Q, STM32U5G7VJT6, STM32U5G7VJT6Q, STM32U5G9BJY6QTR, STM32U5G9J-DK1, STM32U5G9J-DK2, STM32U5G9NJH6Q, STM32U5G9VJT6Q, STM32U5G9ZJJ6QTR, STM32U5G9ZJT6Q, STM32WB05KZV6TR, STM32WB05KZV7TR, STM32WB05TZF6TR, STM32WB05TZF7TR, STM32WB06CCF6TR, STM32WB06CCF7TR, STM32WB06CCV6TR, STM32WB06CCV7TR, STM32WB06KCV6TR, STM32WB06KCV7TR, STM32WB07CCF6TR, STM32WB07CCF7TR, STM32WB07CCV6TR, STM32WB07CCV7TR, STM32WB07KCV6TR, STM32WB07KCV7TR, STM32WB09KEV6TR, STM32WB09KEV7TR, STM32WB09TEF6TR, STM32WB09TEF7TR, STM32WB1MMCH6, STM32WBA50KGU6, STM32WBA50KGU6TR, STM32WBA52CEU6, STM32WBA52CEU6TR, STM32WBA52CEU7, STM32WBA52CEU7TR, STM32WBA52CGU6, STM32WBA52CGU6TR, STM32WBA52CGU6U, STM32WBA52CGU7, STM32WBA52CGU7TR, STM32WBA52KEU6, STM32WBA52KEU6TR, STM32WBA52KGU6, STM32WBA52KGU6TR, STM32WBA54CEU6, STM32WBA54CEU6TR, STM32WBA54CEU7, STM32WBA54CEU7TR, STM32WBA54CGU6, STM32WBA54CGU6TR, STM32WBA54CGU7, STM32WBA54CGU7TR, STM32WBA54KEU6, STM32WBA54KEU6TR, STM32WBA54KEU7, STM32WBA54KEU7TR, STM32WBA54KGU6, STM32WBA54KGU6TR, STM32WBA54KGU7, STM32WBA54KGU7TR, STM32WBA55CEU6, STM32WBA55CEU6TR, STM32WBA55CEU7, STM32WBA55CEU7TR, STM32WBA55CGU6, STM32WBA55CGU6TR, STM32WBA55CGU6U, STM32WBA55CGU7, STM32WBA55CGU7TR, STM32WBA55G-DK1, STM32WBA55HEF6, STM32WBA55HEF7, STM32WBA55HGF6, STM32WBA55HGF7, STM32WBA55UEI6, STM32WBA55UEI6TR, STM32WBA55UEI7, STM32WBA55UEI7TR, STM32WBA55UGI6, STM32WBA55UGI6TR, STM32WBA55UGI7, STM32WBA55UGI7TR, STM32WBA5MJGH6TR, STM32WBA62CGU6, STM32WBA62CIU6, STM32WBA62MGF6, STM32WBA62MIF6, STM32WBA62PGI6, STM32WBA62PII6, STM32WBA63CGU6, STM32WBA63CGU7, STM32WBA63CIU6, STM32WBA63CIU7, STM32WBA64CGU6, STM32WBA64CGU7, STM32WBA64CIU6, STM32WBA64CIU7, STM32WBA65CGU6, STM32WBA65CGU7, STM32WBA65CIU6, STM32WBA65CIU7, STM32WBA65I-DK1, STM32WBA65MGF6, STM32WBA65MGF7, STM32WBA65MIF6, STM32WBA65MIF7, STM32WBA65PGI6, STM32WBA65PGI7, STM32WBA65PII6, STM32WBA65PII7, STM32WBA65RGV6, STM32WBA65RGV7, STM32WBA65RIV6, STM32WBA65RIV7, STM32WL30K8V6, STM32WL30KBV6, STM32WL31C8V6, STM32WL31CBV6, STM32WL31K8V6, STM32WL31KBV6, STM32WL33C8V6, STM32WL33C8V6TR, STM32WL33C8V7, STM32WL33C8V7TR, STM32WL33CBV6, STM32WL33CBV6TR, STM32WL33CBV7, STM32WL33CBV7TR, STM32WL33CCV6, STM32WL33CCV6TR, STM32WL33CCV7, STM32WL33CCV7A, STM32WL33CCV7ATR, STM32WL33CCV7TR, STM32WL33K8V6, STM32WL33K8V6TR, STM32WL33K8V7, STM32WL33K8V7TR, STM32WL33KBV6, STM32WL33KBV6TR, STM32WL33KBV7, STM32WL33KBV7TR, STM32WL33KCV6, STM32WL33KCV6TR, STM32WL33KCV7, STM32WL33KCV7TR, STM32WL5MOCH6, STM32WL5MOCH6TR]
2025-04-30 13:20:16,752 [INFO] DbMcus:218 - Found 4686 MCUs, 4686 are supported
2025-04-30 13:20:16,754 [INFO] ApiDb:423 - Load user favorites file C:\Users\blew2/.stm32cubeide/favorites.mcus.txt: 0 item(s)
2025-04-30 13:20:16,754 [INFO] ApiDb:427 - User favorites MCUs=[]
2025-04-30 13:20:16,754 [INFO] DbMcus:224 - Set 0 / 0 favorites MCUs
2025-04-30 13:20:17,460 [INFO] ApiDb:668 - CubeFinder database Data Model version=2.1
2025-04-30 13:20:17,460 [INFO] ApiDb:669 - CubeFinder database Configuration version=3.0.39
2025-04-30 13:20:17,460 [INFO] ApiDb:670 - CubeFinder database generation date=2025-04-23 (1745419778)
2025-04-30 13:20:17,460 [INFO] ApiDb:671 - CubeFinder database FW Pack versions=[FP-ATR-ASTRA1_V2.0.0, FP-SNS-FLIGHT1_V5.1.0, FP-SNS-MOTENV1_V5.0.0, FP-SNS-MOTENVWB1_V1.4.0, FP-SNS-SMARTAG2_V1.2.0, FP-SNS-STBOX1_V2.0.0, STM32Cube_FW_C0_V1.4.0, STM32Cube_FW_F4_V1.28.1, STM32Cube_FW_F7_V1.17.2, STM32Cube_FW_G0_V1.6.2, STM32Cube_FW_G4_V1.6.1, STM32Cube_FW_H5_V1.5.0, STM32Cube_FW_H7RS_V1.2.0, STM32Cube_FW_H7_V1.12.1, STM32Cube_FW_L0_V1.12.2, STM32Cube_FW_L4_V1.18.1, STM32Cube_FW_L5_V1.5.1, STM32Cube_FW_N6_V1.1.1, STM32Cube_FW_U0_V1.2.0, STM32Cube_FW_U3_V1.1.0, STM32Cube_FW_U5_V1.7.0, STM32Cube_FW_WB0_V1.2.0, STM32Cube_FW_WBA_V1.6.0, STM32Cube_FW_WB_V1.22.0, STM32Cube_FW_WL3_V1.1.0, STM32Cube_FW_WL_V1.3.1, X-CUBE-ALGOBUILD_V1.4.0, X-CUBE-ALS_V1.0.2, X-CUBE-AZRTOS-F4_V1.1.0, X-CUBE-AZRTOS-F7_V1.1.0, X-CUBE-AZRTOS-G0_V1.1.0, X-CUBE-AZRTOS-G4_V2.0.0, X-CUBE-AZRTOS-H7RS_V1.1.0, X-CUBE-AZRTOS-H7_V3.3.0, X-CUBE-AZRTOS-L4_V2.0.0, X-CUBE-AZRTOS-L5_V2.0.0, X-CUBE-AZRTOS-WB_V2.0.0, X-CUBE-AZRTOS-WL_V2.0.0, X-CUBE-BLE1_V7.1.0, X-CUBE-BLE2_V3.3.0, X-CUBE-BLEMGR_V4.0.0, X-CUBE-EEPRMA1_V5.1.0, X-CUBE-FREERTOS_V1.3.0, X-CUBE-GNSS1_V6.0.0, X-CUBE-MEMS1_V11.2.0, X-CUBE-NFC4_V3.0.0, X-CUBE-NFC7_V1.0.1, X-CUBE-SFXS2LP1_V4.0.0, X-CUBE-SUBG2_V5.0.0, X-CUBE-TOF1_V3.4.3]
2025-04-30 13:20:17,564 [INFO] DbBoardsSqlite:226 - include board P-NUCLEO-WB55-NUCLEO as a kit item of type 'Nucleo-64'
2025-04-30 13:20:17,565 [INFO] DbBoardsSqlite:226 - include board P-NUCLEO-WB55-USBDONGLE as a kit item of type 'Nucleo USB Dongle'
2025-04-30 13:20:17,565 [INFO] DbBoardsSqlite:226 - include board STEVAL-IDP005V1 as a kit item of type 'Evaluation Board'
2025-04-30 13:20:17,565 [INFO] DbBoardsSqlite:226 - include board STEVAL-IDP005V2 as a kit item of type 'Evaluation Board'
2025-04-30 13:20:17,698 [INFO] ApiDb:240 - Found 895 in-development CPN: [B-G473E-ZEST1S, B-WB1M-WPAN1, B-WBA5M-WPAN, B-WL5M-SUBG1, NUCLEO-C031C6, NUCLEO-C051C8, NUCLEO-C071RB, NUCLEO-C092RC, NUCLEO-H503RB, NUCLEO-H533RE, NUCLEO-H563ZI, NUCLEO-H7S3L8, NUCLEO-N657X0-Q, NUCLEO-U031R8, NUCLEO-U083RC, NUCLEO-U385RG-Q, NUCLEO-U545RE-Q, NUCLEO-U5A5ZJ-Q, NUCLEO-WB05KZ, NUCLEO-WB07CC, NUCLEO-WB09KE, NUCLEO-WBA52CG, NUCLEO-WBA55CG, NUCLEO-WBA65RI, NUCLEO-WL33CC1, NUCLEO-WL33CC2, STEVAL-PROTEUS1, STEVAL-SMARTAG2, STEVAL-STWINBX1, STM320518-EVAL, STM32C0116-DK, STM32C011D6Y3TR, STM32C011D6Y6TR, STM32C011F4P3, STM32C011F4P6, STM32C011F4U3, STM32C011F4U6TR, STM32C011F6P3, STM32C011F6P6, STM32C011F6U3, STM32C011F6U6TR, STM32C011J4M3, STM32C011J4M6, STM32C011J6M3, STM32C011J6M6, STM32C0316-DK, STM32C031C4T3, STM32C031C4T6, STM32C031C4U3, STM32C031C4U6, STM32C031C6T3, STM32C031C6T6, STM32C031C6U3, STM32C031C6U6, STM32C031F4P3, STM32C031F4P6, STM32C031F6P3, STM32C031F6P6, STM32C031G4U3, STM32C031G4U6, STM32C031G6U3, STM32C031G6U6, STM32C031K4T3, STM32C031K4T6, STM32C031K4U3, STM32C031K4U6, STM32C031K6T3, STM32C031K6T6, STM32C031K6U3, STM32C031K6U6, STM32C051C6T6, STM32C051C6U6, STM32C051C8T6, STM32C051C8U6, STM32C051D8Y6TR, STM32C051F6P6, STM32C051F8P6, STM32C051G6U6, STM32C051G8U6, STM32C051K6T6, STM32C051K6U6, STM32C051K8T6, STM32C071C8T6, STM32C071C8T6N, STM32C071C8U6, STM32C071C8U6N, STM32C071CBT6, STM32C071CBT6N, STM32C071CBU6, STM32C071CBU6N, STM32C071F8P6, STM32C071F8P6N, STM32C071FBP6, STM32C071FBP6N, STM32C071FBY6TR, STM32C071G8U6, STM32C071G8U6N, STM32C071GBU6, STM32C071GBU6N, STM32C071K8T6, STM32C071K8T6N, STM32C071K8U6, STM32C071K8U6N, STM32C071KBT6, STM32C071KBT6N, STM32C071KBU6, STM32C071KBU6N, STM32C071R8T6, STM32C071R8T6N, STM32C071RBI6N, STM32C071RBT6, STM32C071RBT6N, STM32C091CBT6, STM32C091CBU6, STM32C091CCT6, STM32C091CCU6, STM32C091ECY6TR, STM32C091FBP6, STM32C091FCP6, STM32C091GBU6, STM32C091GCU6, STM32C091KBT6, STM32C091KBU6, STM32C091KCT6, STM32C091KCU6, STM32C091RBT6, STM32C091RCI6, STM32C091RCT6, STM32C092CBT6, STM32C092CBU6, STM32C092CCT6, STM32C092CCU6, STM32C092ECY6TR, STM32C092FBP6, STM32C092FCP6, STM32C092GBU6, STM32C092GCU6, STM32C092KBT6, STM32C092KBU6, STM32C092KCT6, STM32C092KCU6, STM32C092RBT6, STM32C092RCI6, STM32C092RCT6, STM32G071K8TXN, STM32G071K8UXN, STM32G081GBU6N, STM32G081KBT6N, STM32G081KBUXN, STM32G0B1CCT6N, STM32G0B1KCT6, STM32G0B1NEY6TR, STM32G0B1RCT6N, STM32G0C1CCT6, STM32G0C1CCT6N, STM32G0C1CCU6N, STM32G0C1CET6N, STM32G0C1CEU6N, STM32G0C1KCT6, STM32G0C1NEY6TR, STM32G0C1RCI6N, STM32G0C1RCT6N, STM32G0C1REI6N, STM32G0C1RET6N, STM32G0C1VCI6, STM32G0C1VEI6, STM32G411C6T3, STM32G411C6T6, STM32G411C6U3, STM32G411C6U6, STM32G411C8T3, STM32G411C8T6, STM32G411C8U3, STM32G411C8U6, STM32G411CBT3, STM32G411CBT6, STM32G411CBU3, STM32G411CBU6, STM32G411CCT3, STM32G411CCT6, STM32G411CCU3, STM32G411CCU6, STM32G411K6T3, STM32G411K6T6, STM32G411K6U3, STM32G411K6U6, STM32G411K8T3, STM32G411K8T6, STM32G411K8U3, STM32G411K8U6, STM32G411KBT3, STM32G411KBT6, STM32G411KBU3, STM32G411KBU6, STM32G411M6T3, STM32G411M6T6, STM32G411M8T3, STM32G411M8T6, STM32G411MBT3, STM32G411MBT6, STM32G411MCT3, STM32G411MCT6, STM32G411R6T3, STM32G411R6T6, STM32G411R8T3, STM32G411R8T6, STM32G411RBT3, STM32G411RBT6, STM32G411RCT3, STM32G411RCT6, STM32G414CBT3, STM32G414CBT6, STM32G414CBU3, STM32G414CBU6, STM32G414CCT3, STM32G414CCT6, STM32G414CCU3, STM32G414CCU6, STM32G414MBT3, STM32G414MBT6, STM32G414MCT3, STM32G414MCT6, STM32G414RBT3, STM32G414RBT6, STM32G414RCT3, STM32G414RCT6, STM32G414VBT3, STM32G414VBT6, STM32G414VCT3, STM32G414VCT6, STM32G431CBT3Z, STM32G431RBT3Z, STM32G471CCT6, STM32G471CCU6, STM32G471CET3, STM32G471CET6, STM32G471CEU3, STM32G471CEU6, STM32G471MCT6, STM32G471MET3, STM32G471MET6, STM32G471MEY6TR, STM32G471QCT6, STM32G471QET3, STM32G471RCT6, STM32G471RET3, STM32G471RET6, STM32G471VCH6, STM32G471VCI6, STM32G471VCT6, STM32G471VEH3, STM32G471VEH6, STM32G471VEI3, STM32G471VEI6, STM32G471VET3, STM32G471VET6, STM32G473QET3Z, STM32G473RET3Z, STM32G474CCT6, STM32G491RET3Z, STM32H503CBT6, STM32H503CBU6, STM32H503EBY6TR, STM32H503KBU6, STM32H503RBT6, STM32H523CCT6, STM32H523CCU6, STM32H523CET6, STM32H523CEU6, STM32H523HEY6TR, STM32H523RCT6, STM32H523RET6, STM32H523VCI6, STM32H523VCT6, STM32H523VEI6, STM32H523VET6, STM32H523ZCJ6, STM32H523ZCT6, STM32H523ZEJ6, STM32H523ZET6, STM32H533CET6, STM32H533CEU6, STM32H533HEY6TR, STM32H533RET6, STM32H533VEI6, STM32H533VET6, STM32H533ZEJ6, STM32H533ZET6, STM32H562AGI6, STM32H562AII6, STM32H562IGK6, STM32H562IGT6, STM32H562IIK6, STM32H562IIT6, STM32H562RGT6, STM32H562RGV6, STM32H562RIT6, STM32H562RIV6, STM32H562VGT6, STM32H562VIT6, STM32H562ZGT6, STM32H562ZIT6, STM32H563AGI6, STM32H563AII3Q, STM32H563AII6, STM32H563IGK6, STM32H563IGT6, STM32H563IIK3Q, STM32H563IIK6, STM32H563IIT3Q, STM32H563IIT6, STM32H563MIY3QTR, STM32H563RGT6, STM32H563RGV6, STM32H563RIT6, STM32H563RIV6, STM32H563VGT6, STM32H563VIT3Q, STM32H563VIT6, STM32H563ZGT6, STM32H563ZIT3Q, STM32H563ZIT6, STM32H573AII3Q, STM32H573AII6, STM32H573I-DK, STM32H573IIK3Q, STM32H573IIK6, STM32H573IIT3Q, STM32H573IIT6, STM32H573MIY3QTR, STM32H573RIT6, STM32H573RIV6, STM32H573VIT3Q, STM32H573VIT6, STM32H573ZIT3Q, STM32H573ZIT6, STM32H7R3A8I6, STM32H7R3I8K6, STM32H7R3I8T6, STM32H7R3L8H6, STM32H7R3L8H6H, STM32H7R3R8V6, STM32H7R3V8H6, STM32H7R3V8T6, STM32H7R3V8Y6TR, STM32H7R3Z8J6, STM32H7R3Z8T6, STM32H7R7A8I6, STM32H7R7I8K6, STM32H7R7I8T6, STM32H7R7L8H6, STM32H7R7L8H6H, STM32H7R7Z8J6, STM32H7S3A8I6, STM32H7S3I8K6, STM32H7S3I8T6, STM32H7S3L8H6, STM32H7S3L8H6H, STM32H7S3R8V6, STM32H7S3V8H6, STM32H7S3V8T6, STM32H7S3V8Y6TR, STM32H7S3Z8J6, STM32H7S3Z8T6, STM32H7S78-DK, STM32H7S7A8I6, STM32H7S7I8K6, STM32H7S7I8T6, STM32H7S7L8H6, STM32H7S7L8H6H, STM32H7S7Z8J6, STM32L4R5QGI6STR, STM32MP131AAE3, STM32MP131AAF3, STM32MP131AAG3, STM32MP131CAE3, STM32MP131CAF3, STM32MP131CAG3, STM32MP131DAE7, STM32MP131DAF7, STM32MP131DAG7, STM32MP131FAE7, STM32MP131FAF7, STM32MP131FAG7, STM32MP133AAE3, STM32MP133AAF3, STM32MP133AAG3, STM32MP133CAE3, STM32MP133CAF3, STM32MP133CAG3, STM32MP133DAE7, STM32MP133DAF7, STM32MP133DAG7, STM32MP133FAE7, STM32MP133FAF7, STM32MP133FAG7, STM32MP135AAE3, STM32MP135AAF3, STM32MP135AAG3, STM32MP135CAE3, STM32MP135CAF3, STM32MP135CAG3, STM32MP135DAE7, STM32MP135DAF7, STM32MP135DAG7, STM32MP135F-DK, STM32MP135FAE7, STM32MP135FAF7, STM32MP135FAF7T, STM32MP135FAF7U, STM32MP135FAG7, STM32MP231AAJ3, STM32MP231AAK3, STM32MP231AAL3, STM32MP231CAJ3, STM32MP231CAK3, STM32MP231CAL3, STM32MP231DAJ3, STM32MP231DAK3, STM32MP231DAL3, STM32MP231FAJ3, STM32MP231FAK3, STM32MP231FAL3, STM32MP233AAJ3, STM32MP233AAK3, STM32MP233AAL3, STM32MP233CAJ3, STM32MP233CAK3, STM32MP233CAL3, STM32MP233DAJ3, STM32MP233DAK3, STM32MP233DAL3, STM32MP233FAJ3, STM32MP233FAK3, STM32MP233FAL3, STM32MP235AAJ3, STM32MP235AAK3, STM32MP235AAL3, STM32MP235CAJ3, STM32MP235CAK3, STM32MP235CAL3, STM32MP235DAJ3, STM32MP235DAK3, STM32MP235DAL3, STM32MP235FAJ3, STM32MP235FAK3, STM32MP235FAL3, STM32MP251AAI3, STM32MP251AAJ3, STM32MP251AAK3, STM32MP251AAL3, STM32MP251CAI3, STM32MP251CAJ3, STM32MP251CAK3, STM32MP251CAL3, STM32MP251DAI3, STM32MP251DAJ3, STM32MP251DAK3, STM32MP251DAL3, STM32MP251FAI3, STM32MP251FAJ3, STM32MP251FAK3, STM32MP251FAL3, STM32MP253AAI3, STM32MP253AAJ3, STM32MP253AAK3, STM32MP253AAL3, STM32MP253CAI3, STM32MP253CAJ3, STM32MP253CAK3, STM32MP253CAL3, STM32MP253DAI3, STM32MP253DAJ3, STM32MP253DAK3, STM32MP253DAL3, STM32MP253FAI3, STM32MP253FAJ3, STM32MP253FAK3, STM32MP253FAL3, STM32MP255AAI3, STM32MP255AAJ3, STM32MP255AAK3, STM32MP255AAL3, STM32MP255CAI3, STM32MP255CAJ3, STM32MP255CAK3, STM32MP255CAL3, STM32MP255DAI3, STM32MP255DAJ3, STM32MP255DAK3, STM32MP255DAL3, STM32MP255FAI3, STM32MP255FAJ3, STM32MP255FAK3, STM32MP255FAL3, STM32MP257AAI3, STM32MP257AAJ3, STM32MP257AAK3, STM32MP257AAL3, STM32MP257CAI3, STM32MP257CAJ3, STM32MP257CAK3, STM32MP257CAL3, STM32MP257DAI3, STM32MP257DAJ3, STM32MP257DAK3, STM32MP257DAL3, STM32MP257F-DK, STM32MP257F-EV1, STM32MP257FAI3, STM32MP257FAJ3, STM32MP257FAK3, STM32MP257FAL3, STM32N645A0H3Q, STM32N645B0H3Q, STM32N645I0H3Q, STM32N645L0H3Q, STM32N645X0H3Q, STM32N645Z0H3Q, STM32N647A0H3Q, STM32N647B0H3Q, STM32N647I0H3Q, STM32N647L0H3Q, STM32N647X0H3Q, STM32N647Z0H3Q, STM32N655A0H3Q, STM32N655B0H3Q, STM32N655I0H3Q, STM32N655L0H3Q, STM32N655X0H3Q, STM32N655Z0H3Q, STM32N6570-DK, STM32N657A0H3Q, STM32N657B0H3Q, STM32N657I0H3Q, STM32N657L0H3Q, STM32N657X0H3Q, STM32N657Z0H3Q, STM32U031C6T6, STM32U031C6U6, STM32U031C8T6, STM32U031C8U6, STM32U031F4P6, STM32U031F6P6, STM32U031F8P6, STM32U031G6Y6TR, STM32U031G8Y6TR, STM32U031K4U6, STM32U031K6U6, STM32U031K8U6, STM32U031R6I6, STM32U031R6T6, STM32U031R8I6, STM32U031R8T6, STM32U073C8T6, STM32U073C8U6, STM32U073CBT6, STM32U073CBU6, STM32U073CCT6, STM32U073CCU6, STM32U073H8Y6TR, STM32U073HBY6TR, STM32U073HCY6TR, STM32U073K8U6, STM32U073KBU6, STM32U073KCU6, STM32U073M8I6, STM32U073M8T6, STM32U073MBI6, STM32U073MBT6, STM32U073MCI6, STM32U073MCT6, STM32U073R8I6, STM32U073R8T6, STM32U073RBI6, STM32U073RBT6, STM32U073RCI6, STM32U073RCT6, STM32U083C-DK, STM32U083CCT6, STM32U083CCU6, STM32U083HCY6TR, STM32U083KCU6, STM32U083MCI6, STM32U083MCT6, STM32U083RCI6, STM32U083RCT6, STM32U375CET6, STM32U375CET6Q, STM32U375CEU6, STM32U375CEU6Q, STM32U375CEY6QTR, STM32U375CGT6, STM32U375CGT6Q, STM32U375CGU6, STM32U375CGU6Q, STM32U375CGY6QTR, STM32U375KEU6, STM32U375KGU6, STM32U375REI6, STM32U375REI6Q, STM32U375RET6, STM32U375RET6Q, STM32U375REY6GTR, STM32U375REY6QTR, STM32U375RGI6, STM32U375RGI6Q, STM32U375RGT6, STM32U375RGT6Q, STM32U375RGY6GTR, STM32U375RGY6QTR, STM32U375VEI6, STM32U375VEI6Q, STM32U375VET6, STM32U375VET6Q, STM32U375VGI6, STM32U375VGI6Q, STM32U375VGT6, STM32U375VGT6Q, STM32U385CGT6, STM32U385CGT6Q, STM32U385CGU6, STM32U385CGU6Q, STM32U385CGY6QTR, STM32U385KGU6, STM32U385RGI6, STM32U385RGI6Q, STM32U385RGT6, STM32U385RGT6Q, STM32U385RGY6GTR, STM32U385RGY6QTR, STM32U385VGI6, STM32U385VGI6Q, STM32U385VGT6, STM32U385VGT6Q, STM32U535CBT6, STM32U535CBT6Q, STM32U535CBU6, STM32U535CBU6Q, STM32U535CCT6, STM32U535CCT6Q, STM32U535CCU6, STM32U535CCU6Q, STM32U535CET6, STM32U535CET6Q, STM32U535CEU6, STM32U535CEU6Q, STM32U535JEY6QTR, STM32U535NCY6QTR, STM32U535NEY6QTR, STM32U535RBI6, STM32U535RBI6Q, STM32U535RBT6, STM32U535RBT6Q, STM32U535RCI6, STM32U535RCI6Q, STM32U535RCT6, STM32U535RCT6Q, STM32U535REI6, STM32U535REI6Q, STM32U535RET6, STM32U535RET6Q, STM32U535VCI6, STM32U535VCI6Q, STM32U535VCT6, STM32U535VCT6Q, STM32U535VEI6, STM32U535VEI6Q, STM32U535VET6, STM32U535VET6Q, STM32U545CET6, STM32U545CET6Q, STM32U545CEU6, STM32U545CEU6Q, STM32U545JEY6QTR, STM32U545NEY6QTR, STM32U545REI6, STM32U545REI6Q, STM32U545RET6, STM32U545RET6Q, STM32U545VEI6, STM32U545VEI6Q, STM32U545VET6, STM32U545VET6Q, STM32U595AIH6, STM32U595AIH6Q, STM32U595AJH6, STM32U595AJH6Q, STM32U595QII6, STM32U595QII6Q, STM32U595QJI6, STM32U595QJI6Q, STM32U595RIT6, STM32U595RIT6Q, STM32U595RJT6, STM32U595RJT6Q, STM32U595VIT6, STM32U595VIT6Q, STM32U595VJT6, STM32U595VJT6Q, STM32U595ZIT6, STM32U595ZIT6Q, STM32U595ZIY6QTR, STM32U595ZJT6, STM32U595ZJT6Q, STM32U595ZJY6QTR, STM32U599BJY6QTR, STM32U599NIH6Q, STM32U599NJH6Q, STM32U599VIT6Q, STM32U599VJT6, STM32U599VJT6Q, STM32U599ZIT6Q, STM32U599ZIY6QTR, STM32U599ZJT6Q, STM32U599ZJY6QTR, STM32U5A5AJH6, STM32U5A5AJH6Q, STM32U5A5QII3Q , STM32U5A5QJI6, STM32U5A5QJI6Q, STM32U5A5RJT6, STM32U5A5RJT6Q, STM32U5A5VJT6, STM32U5A5VJT6Q, STM32U5A5ZJT6, STM32U5A5ZJT6Q, STM32U5A5ZJY6QTR, STM32U5A9BJY6QTR, STM32U5A9J-DK, STM32U5A9NJH6Q, STM32U5A9VJT6Q, STM32U5A9ZJT6Q, STM32U5A9ZJY6QTR, STM32U5F7VIT6, STM32U5F7VIT6Q, STM32U5F7VJT6, STM32U5F7VJT6Q, STM32U5F9BJY6QTR, STM32U5F9NJH6Q, STM32U5F9VIT6Q, STM32U5F9VJT6Q, STM32U5F9ZIJ6QTR, STM32U5F9ZIT6Q, STM32U5F9ZJJ6QTR, STM32U5F9ZJT6Q, STM32U5G7VJT6, STM32U5G7VJT6Q, STM32U5G9BJY6QTR, STM32U5G9J-DK1, STM32U5G9J-DK2, STM32U5G9NJH6Q, STM32U5G9VJT6Q, STM32U5G9ZJJ6QTR, STM32U5G9ZJT6Q, STM32WB05KZV6TR, STM32WB05KZV7TR, STM32WB05TZF6TR, STM32WB05TZF7TR, STM32WB06CCF6TR, STM32WB06CCF7TR, STM32WB06CCV6TR, STM32WB06CCV7TR, STM32WB06KCV6TR, STM32WB06KCV7TR, STM32WB07CCF6TR, STM32WB07CCF7TR, STM32WB07CCV6TR, STM32WB07CCV7TR, STM32WB07KCV6TR, STM32WB07KCV7TR, STM32WB09KEV6TR, STM32WB09KEV7TR, STM32WB09TEF6TR, STM32WB09TEF7TR, STM32WB1MMCH6, STM32WBA50KGU6, STM32WBA50KGU6TR, STM32WBA52CEU6, STM32WBA52CEU6TR, STM32WBA52CEU7, STM32WBA52CEU7TR, STM32WBA52CGU6, STM32WBA52CGU6TR, STM32WBA52CGU6U, STM32WBA52CGU7, STM32WBA52CGU7TR, STM32WBA52KEU6, STM32WBA52KEU6TR, STM32WBA52KGU6, STM32WBA52KGU6TR, STM32WBA54CEU6, STM32WBA54CEU6TR, STM32WBA54CEU7, STM32WBA54CEU7TR, STM32WBA54CGU6, STM32WBA54CGU6TR, STM32WBA54CGU7, STM32WBA54CGU7TR, STM32WBA54KEU6, STM32WBA54KEU6TR, STM32WBA54KEU7, STM32WBA54KEU7TR, STM32WBA54KGU6, STM32WBA54KGU6TR, STM32WBA54KGU7, STM32WBA54KGU7TR, STM32WBA55CEU6, STM32WBA55CEU6TR, STM32WBA55CEU7, STM32WBA55CEU7TR, STM32WBA55CGU6, STM32WBA55CGU6TR, STM32WBA55CGU6U, STM32WBA55CGU7, STM32WBA55CGU7TR, STM32WBA55G-DK1, STM32WBA55HEF6, STM32WBA55HEF7, STM32WBA55HGF6, STM32WBA55HGF7, STM32WBA55UEI6, STM32WBA55UEI6TR, STM32WBA55UEI7, STM32WBA55UEI7TR, STM32WBA55UGI6, STM32WBA55UGI6TR, STM32WBA55UGI7, STM32WBA55UGI7TR, STM32WBA5MJGH6TR, STM32WBA62CGU6, STM32WBA62CIU6, STM32WBA62MGF6, STM32WBA62MIF6, STM32WBA62PGI6, STM32WBA62PII6, STM32WBA63CGU6, STM32WBA63CGU7, STM32WBA63CIU6, STM32WBA63CIU7, STM32WBA64CGU6, STM32WBA64CGU7, STM32WBA64CIU6, STM32WBA64CIU7, STM32WBA65CGU6, STM32WBA65CGU7, STM32WBA65CIU6, STM32WBA65CIU7, STM32WBA65I-DK1, STM32WBA65MGF6, STM32WBA65MGF7, STM32WBA65MIF6, STM32WBA65MIF7, STM32WBA65PGI6, STM32WBA65PGI7, STM32WBA65PII6, STM32WBA65PII7, STM32WBA65RGV6, STM32WBA65RGV7, STM32WBA65RIV6, STM32WBA65RIV7, STM32WL30K8V6, STM32WL30KBV6, STM32WL31C8V6, STM32WL31CBV6, STM32WL31K8V6, STM32WL31KBV6, STM32WL33C8V6, STM32WL33C8V6TR, STM32WL33C8V7, STM32WL33C8V7TR, STM32WL33CBV6, STM32WL33CBV6TR, STM32WL33CBV7, STM32WL33CBV7TR, STM32WL33CCV6, STM32WL33CCV6TR, STM32WL33CCV7, STM32WL33CCV7A, STM32WL33CCV7ATR, STM32WL33CCV7TR, STM32WL33K8V6, STM32WL33K8V6TR, STM32WL33K8V7, STM32WL33K8V7TR, STM32WL33KBV6, STM32WL33KBV6TR, STM32WL33KBV7, STM32WL33KBV7TR, STM32WL33KCV6, STM32WL33KCV6TR, STM32WL33KCV7, STM32WL33KCV7TR, STM32WL5MOCH6, STM32WL5MOCH6TR]
2025-04-30 13:20:18,023 [INFO] BoardInfo:889 - No configuration file found for board P-NUCLEO-WB55
2025-04-30 13:20:18,025 [INFO] DbBoards:161 - Kit is not supported: P-NUCLEO-WB55
2025-04-30 13:20:18,034 [INFO] BoardInfo:889 - No configuration file found for board STEVAL-BFA001V1B
2025-04-30 13:20:18,035 [INFO] DbBoards:161 - Kit is not supported: STEVAL-BFA001V1B
2025-04-30 13:20:18,037 [INFO] BoardInfo:889 - No configuration file found for board STEVAL-BFA001V2B
2025-04-30 13:20:18,038 [INFO] DbBoards:161 - Kit is not supported: STEVAL-BFA001V2B
2025-04-30 13:20:18,314 [INFO] DbBoards:168 - Found 211 boards, 208 are supported
2025-04-30 13:20:18,315 [INFO] DbBoards:169 - Found 211 boards, 43 of them is supported for  Bsp
2025-04-30 13:20:18,319 [INFO] ApiDb:423 - Load user favorites file C:\Users\blew2/.stm32cubeide/favorites.boards.txt: 0 item(s)
2025-04-30 13:20:18,320 [INFO] ApiDb:427 - User favorites Boards=[]
2025-04-30 13:20:18,320 [INFO] DbBoards:198 - Set 0 / 0 favorites Boards
2025-04-30 13:20:18,323 [INFO] ApiDb:668 - CubeFinder database Data Model version=2.1
2025-04-30 13:20:18,324 [INFO] ApiDb:669 - CubeFinder database Configuration version=3.0.39
2025-04-30 13:20:18,324 [INFO] ApiDb:670 - CubeFinder database generation date=2025-04-23 (1745419778)
2025-04-30 13:20:18,324 [INFO] ApiDb:671 - CubeFinder database FW Pack versions=[FP-ATR-ASTRA1_V2.0.0, FP-SNS-FLIGHT1_V5.1.0, FP-SNS-MOTENV1_V5.0.0, FP-SNS-MOTENVWB1_V1.4.0, FP-SNS-SMARTAG2_V1.2.0, FP-SNS-STBOX1_V2.0.0, STM32Cube_FW_C0_V1.4.0, STM32Cube_FW_F4_V1.28.1, STM32Cube_FW_F7_V1.17.2, STM32Cube_FW_G0_V1.6.2, STM32Cube_FW_G4_V1.6.1, STM32Cube_FW_H5_V1.5.0, STM32Cube_FW_H7RS_V1.2.0, STM32Cube_FW_H7_V1.12.1, STM32Cube_FW_L0_V1.12.2, STM32Cube_FW_L4_V1.18.1, STM32Cube_FW_L5_V1.5.1, STM32Cube_FW_N6_V1.1.1, STM32Cube_FW_U0_V1.2.0, STM32Cube_FW_U3_V1.1.0, STM32Cube_FW_U5_V1.7.0, STM32Cube_FW_WB0_V1.2.0, STM32Cube_FW_WBA_V1.6.0, STM32Cube_FW_WB_V1.22.0, STM32Cube_FW_WL3_V1.1.0, STM32Cube_FW_WL_V1.3.1, X-CUBE-ALGOBUILD_V1.4.0, X-CUBE-ALS_V1.0.2, X-CUBE-AZRTOS-F4_V1.1.0, X-CUBE-AZRTOS-F7_V1.1.0, X-CUBE-AZRTOS-G0_V1.1.0, X-CUBE-AZRTOS-G4_V2.0.0, X-CUBE-AZRTOS-H7RS_V1.1.0, X-CUBE-AZRTOS-H7_V3.3.0, X-CUBE-AZRTOS-L4_V2.0.0, X-CUBE-AZRTOS-L5_V2.0.0, X-CUBE-AZRTOS-WB_V2.0.0, X-CUBE-AZRTOS-WL_V2.0.0, X-CUBE-BLE1_V7.1.0, X-CUBE-BLE2_V3.3.0, X-CUBE-BLEMGR_V4.0.0, X-CUBE-EEPRMA1_V5.1.0, X-CUBE-FREERTOS_V1.3.0, X-CUBE-GNSS1_V6.0.0, X-CUBE-MEMS1_V11.2.0, X-CUBE-NFC4_V3.0.0, X-CUBE-NFC7_V1.0.1, X-CUBE-SFXS2LP1_V4.0.0, X-CUBE-SUBG2_V5.0.0, X-CUBE-TOF1_V3.4.3]
2025-04-30 13:20:19,503 [ERROR] DbExamplesSqlite:437 - Missing JSON key: board_cpn
2025-04-30 13:20:19,504 [ERROR] DbExamplesSqlite:437 - Missing JSON key: board_cpn
2025-04-30 13:20:19,504 [ERROR] DbExamplesSqlite:437 - Missing JSON key: board_cpn
2025-04-30 13:20:19,504 [ERROR] DbExamplesSqlite:437 - Missing JSON key: board_cpn
2025-04-30 13:20:19,723 [ERROR] DbExamplesSqlite:437 - Missing JSON key: board_cpn
2025-04-30 13:20:19,724 [ERROR] DbExamplesSqlite:437 - Missing JSON key: board_cpn
2025-04-30 13:20:19,724 [ERROR] DbExamplesSqlite:437 - Missing JSON key: board_cpn
2025-04-30 13:20:19,724 [ERROR] DbExamplesSqlite:437 - Missing JSON key: board_cpn
2025-04-30 13:20:19,725 [ERROR] DbExamplesSqlite:437 - Missing JSON key: board_cpn
2025-04-30 13:20:19,725 [ERROR] DbExamplesSqlite:437 - Missing JSON key: board_cpn
2025-04-30 13:20:19,725 [ERROR] DbExamplesSqlite:437 - Missing JSON key: board_cpn
2025-04-30 13:20:19,726 [ERROR] DbExamplesSqlite:437 - Missing JSON key: board_cpn
2025-04-30 13:20:19,726 [ERROR] DbExamplesSqlite:437 - Missing JSON key: board_cpn
2025-04-30 13:20:19,974 [ERROR] DbExamplesSqlite:437 - Missing JSON key: board_cpn
2025-04-30 13:20:19,988 [INFO] DbExamplesSqlite:395 - Ignored 46 examples not supported by CubeIDE
2025-04-30 13:20:19,988 [INFO] DbExamplesSqlite:396 - Found 10821 examples active
2025-04-30 13:20:19,988 [INFO] DbExamplesSqlite:397 - Found 0 examples obsolete
2025-04-30 13:20:19,989 [INFO] DbExamplesSqlite:398 - Found 0 examples under development
2025-04-30 13:20:19,989 [INFO] DbExamplesSqlite:399 - Found 79 examples not building
2025-04-30 13:20:19,993 [INFO] DbExamples:125 - Found 10854 examples
2025-04-30 13:20:20,018 [ERROR] DbExamples:208 - Found 3 examples with invalid data (board or MCU)
2025-04-30 13:20:20,019 [INFO] DbExamples:222 - Found 134 boards with related examples
2025-04-30 13:20:20,020 [INFO] DbExamples:235 - Found 110 MCUs with related examples
2025-04-30 13:20:20,049 [INFO] ApiDb:414 - User favorites file not found: C:\Users\blew2/.stm32cubeide/favorites.examples.txt
2025-04-30 13:20:20,049 [INFO] DbExamples:250 - Set 0 / 0 favorites Examples
2025-04-30 13:20:20,468 [INFO] McuFinderGlobals:76 - Set McuFinderConnectedMode to true
2025-04-30 13:20:20,486 [INFO] MultiScanPanel:200 - Auto-refresh data requested => check proxy status ongoing
2025-04-30 13:20:20,497 [INFO] FinderPluginLoader:95 - Searching for filters in installed packs
2025-04-30 13:20:23,138 [INFO] LoadUrlFilesThread:185 - End of LoadServerUrlFiles without Thread
2025-04-30 13:20:23,237 [INFO] DetailPanel:341 - Set advertising image to C:/Users/blew2/STM32Cube/Repository/\en.prom-stm32u3-mcu-finder.jpg
2025-04-30 13:20:39,450 [INFO] MultiScanPanel:200 - Auto-refresh data requested => check proxy status ongoing
2025-04-30 13:20:39,752 [INFO] LoadUrlFilesThread:185 - End of LoadServerUrlFiles without Thread
2025-04-30 13:20:39,752 [INFO] DetailPanel:341 - Set advertising image to C:/Users/blew2/STM32Cube/Repository/\en.prom-stm32u3-mcu-finder.jpg
2025-04-30 13:20:39,776 [INFO] DbBoards:642 - Loading board mini-images...
2025-04-30 13:20:40,019 [ERROR] DbBoards:659 - Image file not found for board B-WBA5M-WPAN: C:\Users\blew2\.stmcufinder\plugins\mcufinder//mcu//boards_images/B-WBA5M-WPAN.jpg
2025-04-30 13:20:43,723 [INFO] DbBoards:665 - Loaded 210 board mini-images
2025-04-30 13:21:08,182 [INFO] MainUpdater:2872 - connection check result : 10
2025-04-30 13:21:08,182 [INFO] MainUpdater:2872 - connection check result : 10
2025-04-30 13:21:08,249 [INFO] MicroXplorer:468 - Change Database Path : 
2025-04-30 13:21:08,250 [INFO] MicroXplorer:498 - Change Database Version : DB.6.0.141
2025-04-30 13:21:08,264 [WARN] ThirdParty:871 - waiting for thirdparty lock release [close project]
2025-04-30 13:21:08,264 [INFO] ThirdParty:873 - entering critical section [close project]
2025-04-30 13:21:08,265 [INFO] ThirdParty:883 - exiting critical section [close project]
2025-04-30 13:21:08,268 [INFO] PinOutPanel:1589 - setPackage(No Configuration,No Configuration)
2025-04-30 13:21:08,274 [INFO] UtilMem:75 - Begin LoadConfig() Used Memory: 1020126400 Bytes (1073741824)
2025-04-30 13:21:08,285 [INFO] OpenFileManager:354 - Change cursor
2025-04-30 13:21:08,344 [INFO] ProjectFactory:442 - No CPN specified for board NUCLEO-L4A6ZG => set CPN to STM32L4A6ZGT6
2025-04-30 13:21:08,346 [INFO] Mcu:2011 - Initializing MCU STM32L4A6ZGTx STM32L4A6ZGTx STM32L4A6ZGT6
2025-04-30 13:21:14,253 [INFO] Context:756 - Trying to add GPIOservice into a context  which must be forbidden
2025-04-30 13:21:16,202 [INFO] Rule:225 - rule 117617 - U5Cobra4M][GTZC] default value MPCBB3 and MPCBB5 - Not Secured memory - MPCBB1 is applicable
2025-04-30 13:21:16,202 [INFO] Rule:225 - rule 117617 - U5Cobra4M][GTZC] default value MPCBB3 and MPCBB5 - Not Secured memory - MPCBB1 is applicable
2025-04-30 13:21:16,202 [INFO] Rule:225 - rule 117617 - U5Cobra4M][GTZC] default value MPCBB3 and MPCBB5 - Not Secured memory - MPCBB2 is applicable
2025-04-30 13:21:16,202 [INFO] Rule:225 - rule 117617 - U5Cobra4M][GTZC] default value MPCBB3 and MPCBB5 - Not Secured memory - MPCBB2 is applicable
2025-04-30 13:21:16,202 [INFO] Rule:225 - rule 117617 - U5Cobra4M][GTZC] default value MPCBB3 and MPCBB5 - Not Secured memory - MPCBB3 is applicable
2025-04-30 13:21:16,202 [INFO] Rule:225 - rule 117617 - U5Cobra4M][GTZC] default value MPCBB3 and MPCBB5 - Not Secured memory - MPCBB3 is applicable
2025-04-30 13:21:16,202 [INFO] Rule:225 - rule 117617 - U5Cobra4M][GTZC] default value MPCBB3 and MPCBB5 - Not Secured memory - MPCBB4 is applicable
2025-04-30 13:21:16,203 [INFO] Rule:225 - rule 117617 - U5Cobra4M][GTZC] default value MPCBB3 and MPCBB5 - Not Secured memory - MPCBB4 is applicable
2025-04-30 13:21:16,203 [INFO] Rule:225 - rule 117617 - U5Cobra4M][GTZC] default value MPCBB3 and MPCBB5 - Secured memory - MPCBB1 is applicable
2025-04-30 13:21:16,203 [INFO] Rule:225 - rule 117617 - U5Cobra4M][GTZC] default value MPCBB3 and MPCBB5 - Secured memory - MPCBB2 is applicable
2025-04-30 13:21:16,203 [INFO] Rule:225 - rule 117617 - U5Cobra4M][GTZC] default value MPCBB3 and MPCBB5 - Secured memory - MPCBB3 is applicable
2025-04-30 13:21:16,203 [INFO] Rule:225 - rule 117617 - U5Cobra4M][GTZC] default value MPCBB3 and MPCBB5 - Secured memory - MPCBB4 is applicable
2025-04-30 13:21:16,203 [INFO] Rule:225 - rule 117617 - U5Cobra4M][GTZC] default value MPCBB3 and MPCBB5 - Privileged memory - MPCBB1 is applicable
2025-04-30 13:21:16,203 [INFO] Rule:225 - rule 117617 - U5Cobra4M][GTZC] default value MPCBB3 and MPCBB5 - Privileged memory - MPCBB2 is applicable
2025-04-30 13:21:16,203 [INFO] Rule:225 - rule 117617 - U5Cobra4M][GTZC] default value MPCBB3 and MPCBB5 - Privileged memory - MPCBB3 is applicable
2025-04-30 13:21:16,203 [INFO] Rule:225 - rule 117617 - U5Cobra4M][GTZC] default value MPCBB3 and MPCBB5 - Privileged memory - MPCBB4 is applicable
2025-04-30 13:21:16,203 [INFO] Rule:225 - rule 117617 - U5Cobra4M][GTZC] default value MPCBB3 and MPCBB5 - Not Privileged memory - MPCBB1 is applicable
2025-04-30 13:21:16,203 [INFO] Rule:225 - rule 117617 - U5Cobra4M][GTZC] default value MPCBB3 and MPCBB5 - Not Privileged memory - MPCBB2 is applicable
2025-04-30 13:21:16,203 [INFO] Rule:225 - rule 117617 - U5Cobra4M][GTZC] default value MPCBB3 and MPCBB5 - Not Privileged memory - MPCBB3 is applicable
2025-04-30 13:21:16,203 [INFO] Rule:225 - rule 117617 - U5Cobra4M][GTZC] default value MPCBB3 and MPCBB5 - Not Privileged memory - MPCBB4 is applicable
2025-04-30 13:21:16,203 [INFO] Rule:225 - rule 117617 - U5Cobra4M][GTZC] default value MPCBB3 and MPCBB5 - Privileged memory - MPCBB1 is applicable
2025-04-30 13:21:16,203 [INFO] Rule:225 - rule 117617 - U5Cobra4M][GTZC] default value MPCBB3 and MPCBB5 - Privileged memory - MPCBB2 is applicable
2025-04-30 13:21:16,203 [INFO] Rule:225 - rule 117617 - U5Cobra4M][GTZC] default value MPCBB3 and MPCBB5 - Privileged memory - MPCBB3 is applicable
2025-04-30 13:21:16,203 [INFO] Rule:225 - rule 117617 - U5Cobra4M][GTZC] default value MPCBB3 and MPCBB5 - Privileged memory - MPCBB4 is applicable
2025-04-30 13:21:16,203 [INFO] Rule:225 - rule 117617 - U5Cobra4M][GTZC] default value MPCBB3 and MPCBB5 - Privileged memory - MPCBB1 is applicable
2025-04-30 13:21:16,203 [INFO] Rule:225 - rule 117617 - U5Cobra4M][GTZC] default value MPCBB3 and MPCBB5 - Privileged memory - MPCBB2 is applicable
2025-04-30 13:21:16,203 [INFO] Rule:225 - rule 117617 - U5Cobra4M][GTZC] default value MPCBB3 and MPCBB5 - Privileged memory - MPCBB3 is applicable
2025-04-30 13:21:16,204 [INFO] Rule:225 - rule 117617 - U5Cobra4M][GTZC] default value MPCBB3 and MPCBB5 - Privileged memory - MPCBB4 is applicable
2025-04-30 13:21:16,204 [INFO] Rule:225 - rule 117617 - U5Cobra4M][GTZC] default value MPCBB3 and MPCBB5 - Not Privileged memory - MPCBB1 is applicable
2025-04-30 13:21:16,204 [INFO] Rule:225 - rule 117617 - U5Cobra4M][GTZC] default value MPCBB3 and MPCBB5 - Not Privileged memory - MPCBB2 is applicable
2025-04-30 13:21:16,204 [INFO] Rule:225 - rule 117617 - U5Cobra4M][GTZC] default value MPCBB3 and MPCBB5 - Not Privileged memory - MPCBB3 is applicable
2025-04-30 13:21:16,204 [INFO] Rule:225 - rule 117617 - U5Cobra4M][GTZC] default value MPCBB3 and MPCBB5 - Not Privileged memory - MPCBB4 is applicable
2025-04-30 13:21:16,204 [INFO] Rule:225 - rule 117617 - U5Cobra4M][GTZC] default value MPCBB3 and MPCBB5 - Privileged memory - MPCBB1 is applicable
2025-04-30 13:21:16,204 [INFO] Rule:225 - rule 117617 - U5Cobra4M][GTZC] default value MPCBB3 and MPCBB5 - Privileged memory - MPCBB2 is applicable
2025-04-30 13:21:16,204 [INFO] Rule:225 - rule 117617 - U5Cobra4M][GTZC] default value MPCBB3 and MPCBB5 - Privileged memory - MPCBB3 is applicable
2025-04-30 13:21:16,204 [INFO] Rule:225 - rule 117617 - U5Cobra4M][GTZC] default value MPCBB3 and MPCBB5 - Privileged memory - MPCBB4 is applicable
2025-04-30 13:21:16,204 [INFO] Rule:225 - rule Rename SubGHz_Phy SUBGHZ_APPLICATION SUBGHZ_PINGPONG to SUBGHZ_ADV_APPLICATION is applicable
2025-04-30 13:21:16,204 [INFO] Rule:225 - rule GTZC_S instance for project manager is applicable
2025-04-30 13:21:16,204 [INFO] Rule:225 - rule GTZC_S instance for context M33S is applicable
2025-04-30 13:21:16,204 [INFO] Rule:225 - rule GTZC_S instance value for IP GTZC is applicable
2025-04-30 13:21:16,204 [INFO] Rule:225 - rule GTZC_S instance for mcu.IP is applicable
2025-04-30 13:21:16,204 [INFO] Rule:225 - rule GTZC_S instance for VP is applicable
2025-04-30 13:21:16,204 [INFO] Rule:225 - rule GTZC_S instance for signal is applicable
2025-04-30 13:21:16,204 [INFO] Rule:225 - rule GTZC_S instance for VP is applicable
2025-04-30 13:21:16,204 [INFO] Rule:225 - rule GTZC_S instance for signal is applicable
2025-04-30 13:21:16,204 [INFO] Rule:225 - rule GTZC_S instance for mcu is applicable
2025-04-30 13:21:16,205 [INFO] Rule:225 - rule GTZC_S instance for mcu.Pin is applicable
2025-04-30 13:21:16,205 [INFO] Rule:225 - rule GTZC_S instance value for IP GTZC is applicable
2025-04-30 13:21:16,205 [INFO] Rule:225 - rule GTZC_S instance for project manager is applicable
2025-04-30 13:21:16,205 [INFO] Rule:225 - rule GTZC_S instance for context M33S is applicable
2025-04-30 13:21:16,205 [INFO] Rule:225 - rule GTZC_S instance for VP is applicable
2025-04-30 13:21:16,205 [INFO] Rule:225 - rule GTZC_S instance for signal is applicable
2025-04-30 13:21:16,205 [INFO] Rule:225 - rule WakeUp0 Mode is applicable
2025-04-30 13:21:16,205 [INFO] Rule:225 - rule WakeUp0 SIGNAL is applicable
2025-04-30 13:21:16,205 [INFO] Rule:225 - rule WakeUp1 Mode is applicable
2025-04-30 13:21:16,205 [INFO] Rule:225 - rule WakeUp1 SIGNAL is applicable
2025-04-30 13:21:16,205 [INFO] Rule:225 - rule WakeUp2 Mode is applicable
2025-04-30 13:21:16,205 [INFO] Rule:225 - rule WakeUp2 SIGNAL is applicable
2025-04-30 13:21:16,205 [INFO] Rule:225 - rule WakeUp4 Mode is applicable
2025-04-30 13:21:16,205 [INFO] Rule:225 - rule WakeUp4 SIGNAL is applicable
2025-04-30 13:21:16,205 [INFO] Rule:225 - rule WakeUp5 Mode is applicable
2025-04-30 13:21:16,205 [INFO] Rule:225 - rule WakeUp5 SIGNAL is applicable
2025-04-30 13:21:16,205 [INFO] Rule:225 - rule Change Default Value for LSE Drive Capability for WB family is applicable
2025-04-30 13:21:16,206 [INFO] Rule:225 - rule Change Default Value for ADC Clock Prescaler G0 family is applicable
2025-04-30 13:21:16,206 [INFO] Rule:225 - rule Change GPIO_Pu Default Value for I2C is applicable
2025-04-30 13:21:16,206 [INFO] Rule:225 - rule Change GPIO_Pu Default Value for SMBus is applicable
2025-04-30 13:21:16,206 [INFO] Rule:225 - rule change FDCAN default value is applicable
2025-04-30 13:21:16,206 [INFO] Rule:225 - rule Adapt Old IOC before rework replace old CORTEX_M33/CORTEX_M55 attributes by the new one. is applicable
2025-04-30 13:21:16,206 [INFO] Rule:225 - rule Rename parametre of RCC RCC_APBDBG_DIV2 to RCC_TIMPRES_DIV2 is applicable
2025-04-30 13:21:16,206 [INFO] Rule:225 - rule Rename DIE493 pin PA10 [PA12] -> PA10 is applicable
2025-04-30 13:21:16,207 [INFO] Rule:225 - rule Rename DIE493 pin PA9 [PA11] -> PA9 is applicable
2025-04-30 13:21:16,207 [INFO] Rule:225 - rule Adapt Old IOC CSI. is applicable
2025-04-30 13:21:16,217 [INFO] DbConfProperties:307 - Apply Compatibility (3/72 Rules)
2025-04-30 13:21:16,285 [INFO] ImportTextPane:218 - (OptionalMessage_ERROR) Pin19 (VP_RIF_VS_RIF1) cannot be retrieved for this MCU
2025-04-30 13:21:16,868 [INFO] RtosManager:558 - Registered RTOS mode: class=CMSIS, group=RTOS, mode=CMSIS_V1, owner=FREERTOS
2025-04-30 13:21:16,869 [INFO] RtosManager:558 - Registered RTOS mode: class=CMSIS, group=RTOS2, mode=CMSIS_V2, owner=FREERTOS
2025-04-30 13:21:16,869 [INFO] RtosManager:558 - Registered RTOS mode: class=RTOS, group=Core, mode=CMSIS_V1, owner=FREERTOS
2025-04-30 13:21:16,869 [INFO] RtosManager:558 - Registered RTOS mode: class=RTOS, group=Core, mode=CMSIS_V2, owner=FREERTOS
2025-04-30 13:21:16,869 [WARN] ModelIntegratedComponent:184 - Missing modes for component STMicroelectronics:FreeRTOS:0.0.1:STMicroelectronics:RTOS:FreeRTOS:Core:::10.2.0:
2025-04-30 13:21:16,940 [WARN] ModelIntegratedComponent:63 - No mode defined for component null
2025-04-30 13:21:16,941 [WARN] ModelIntegratedComponent:63 - No mode defined for component null
2025-04-30 13:21:16,941 [WARN] ModelIntegratedComponent:63 - No mode defined for component null
2025-04-30 13:21:16,941 [WARN] ModelIntegratedComponent:63 - No mode defined for component null
2025-04-30 13:21:16,941 [WARN] ModelIntegratedComponent:63 - No mode defined for component null
2025-04-30 13:21:16,941 [WARN] ModelIntegratedComponent:63 - No mode defined for component null
2025-04-30 13:21:16,941 [WARN] ModelIntegratedComponent:63 - No mode defined for component null
2025-04-30 13:21:16,941 [WARN] ModelIntegratedComponent:63 - No mode defined for component null
2025-04-30 13:21:16,941 [WARN] ModelIntegratedComponent:63 - No mode defined for component null
2025-04-30 13:21:16,941 [WARN] ModelIntegratedComponent:63 - No mode defined for component null
2025-04-30 13:21:16,941 [WARN] ModelIntegratedComponent:63 - No mode defined for component null
2025-04-30 13:21:16,941 [WARN] ModelIntegratedComponent:63 - No mode defined for component null
2025-04-30 13:21:16,941 [WARN] ModelIntegratedComponent:63 - No mode defined for component null
2025-04-30 13:21:16,941 [WARN] ModelIntegratedComponent:63 - No mode defined for component null
2025-04-30 13:21:16,942 [WARN] ModelIntegratedComponent:63 - No mode defined for component null
2025-04-30 13:21:16,942 [WARN] ModelIntegratedComponent:63 - No mode defined for component null
2025-04-30 13:21:16,942 [WARN] ModelIntegratedComponent:63 - No mode defined for component null
2025-04-30 13:21:16,942 [WARN] ModelIntegratedComponent:63 - No mode defined for component null
2025-04-30 13:21:16,942 [WARN] ModelIntegratedComponent:63 - No mode defined for component null
2025-04-30 13:21:16,942 [WARN] ModelIntegratedComponent:63 - No mode defined for component null
2025-04-30 13:21:16,942 [WARN] ModelIntegratedComponent:63 - No mode defined for component null
2025-04-30 13:21:16,942 [WARN] ModelIntegratedComponent:63 - No mode defined for component null
2025-04-30 13:21:16,942 [WARN] ModelIntegratedComponent:63 - No mode defined for component null
2025-04-30 13:21:16,942 [WARN] ModelIntegratedComponent:63 - No mode defined for component null
2025-04-30 13:21:16,942 [WARN] ModelIntegratedComponent:63 - No mode defined for component null
2025-04-30 13:21:16,942 [WARN] ModelIntegratedComponent:63 - No mode defined for component null
2025-04-30 13:21:16,942 [WARN] ModelIntegratedComponent:63 - No mode defined for component null
2025-04-30 13:21:16,942 [WARN] ModelIntegratedComponent:63 - No mode defined for component null
2025-04-30 13:21:16,943 [WARN] ModelIntegratedComponent:63 - No mode defined for component null
2025-04-30 13:21:16,943 [WARN] ModelIntegratedComponent:63 - No mode defined for component null
2025-04-30 13:21:16,943 [WARN] ModelIntegratedComponent:63 - No mode defined for component null
2025-04-30 13:21:16,943 [WARN] ModelIntegratedComponent:63 - No mode defined for component null
2025-04-30 13:21:16,943 [WARN] ModelIntegratedComponent:63 - No mode defined for component null
2025-04-30 13:21:16,943 [WARN] ModelIntegratedComponent:63 - No mode defined for component null
2025-04-30 13:21:16,943 [WARN] ModelIntegratedComponent:63 - No mode defined for component null
2025-04-30 13:21:16,944 [WARN] ModelPack:524 - Component already loaded: STMicroelectronics:HAL Drivers:0.0.0:STMicroelectronics:Device:STMicro_Driver:XSPI:HAL::0.0.1:HAL_XSPI
2025-04-30 13:21:17,570 [INFO] ThirdPartyModel:298 - Start build external matchings
2025-04-30 13:21:18,789 [INFO] ThirdPartyModel:316 - End build external matchings
2025-04-30 13:21:20,128 [INFO] UtilMem:75 - End LoadConfig() Used Memory: 896125216 Bytes (1073741824)
2025-04-30 13:21:20,499 [WARN] ThirdParty:833 - waiting for thirdparty lock release [change project]
2025-04-30 13:21:20,499 [INFO] ThirdParty:835 - entering critical section [change project]
2025-04-30 13:21:20,500 [INFO] ThirdParty:1030 - CMSIS Pack Vendor :STMicroelectronics USBPD 4.1
2025-04-30 13:21:20,500 [INFO] ThirdParty:1030 - CMSIS Pack Vendor :STMicroelectronics X-CUBE-AZRTOS-H7 3.3.0
2025-04-30 13:21:20,500 [INFO] ThirdParty:1030 - CMSIS Pack Vendor :STMicroelectronics X-CUBE-NFC9 1.0.0
2025-04-30 13:21:20,500 [INFO] ThirdParty:1030 - CMSIS Pack Vendor :STMicroelectronics USB_HOST 2.0.0
2025-04-30 13:21:20,500 [INFO] ThirdParty:1030 - CMSIS Pack Vendor :STMicroelectronics FP-SNS-MOTENVWB1 1.4.0
2025-04-30 13:21:20,500 [INFO] ThirdParty:1030 - CMSIS Pack Vendor :STMicroelectronics X-CUBE-AZRTOS-F4 1.1.0
2025-04-30 13:21:20,500 [INFO] ThirdParty:1030 - CMSIS Pack Vendor :STMicroelectronics LIBJPEG 8.0.0
2025-04-30 13:21:20,500 [INFO] ThirdParty:1030 - CMSIS Pack Vendor :STMicroelectronics FP-ATR-ASTRA1 2.0.2
2025-04-30 13:21:20,500 [INFO] ThirdParty:1030 - CMSIS Pack Vendor :STMicroelectronics X-CUBE-BLE1 7.1.0
2025-04-30 13:21:20,500 [INFO] ThirdParty:1030 - CMSIS Pack Vendor :Avnet-IotConnect X-CUBE-IoTC-DA16k-PMOD 1.0.0
2025-04-30 13:21:20,500 [INFO] ThirdParty:1030 - CMSIS Pack Vendor :STMicroelectronics X-CUBE-SMBUS 2.1.0
2025-04-30 13:21:20,501 [INFO] ThirdParty:1030 - CMSIS Pack Vendor :STMicroelectronics X-CUBE-WB05N 1.1.0
2025-04-30 13:21:20,501 [INFO] ThirdParty:1030 - CMSIS Pack Vendor :wolfSSL I-CUBE-wolfMQTT 1.19.2
2025-04-30 13:21:20,501 [INFO] ThirdParty:1030 - CMSIS Pack Vendor :STMicroelectronics USB_DEVICE 3.0.0
2025-04-30 13:21:20,501 [INFO] ThirdParty:1030 - CMSIS Pack Vendor :STMicroelectronics X-CUBE-ISPU 2.1.0
2025-04-30 13:21:20,501 [INFO] ThirdParty:1030 - CMSIS Pack Vendor :STMicroelectronics X-CUBE-AZRTOS-WB 2.0.0
2025-04-30 13:21:20,501 [INFO] ThirdParty:1030 - CMSIS Pack Vendor :STMicroelectronics X-CUBE-GNSS1 7.0.1
2025-04-30 13:21:20,501 [INFO] ThirdParty:1030 - CMSIS Pack Vendor :STMicroelectronics X-CUBE-AZRTOS-F7 1.1.0
2025-04-30 13:21:20,501 [INFO] ThirdParty:1030 - CMSIS Pack Vendor :STMicroelectronics X-CUBE-AZRTOS-L5 2.0.0
2025-04-30 13:21:20,501 [INFO] ThirdParty:1030 - CMSIS Pack Vendor :STMicroelectronics X-CUBE-TOUCHGFX 4.25.0
2025-04-30 13:21:20,501 [INFO] ThirdParty:1030 - CMSIS Pack Vendor :STMicroelectronics USB_DEVICE 2.0.0
2025-04-30 13:21:20,501 [INFO] ThirdParty:1030 - CMSIS Pack Vendor :STMicroelectronics X-CUBE-NFC6 3.1.0
2025-04-30 13:21:20,501 [INFO] ThirdParty:1030 - CMSIS Pack Vendor :STMicroelectronics FP-SNS-STBOX1 2.0.0
2025-04-30 13:21:20,501 [INFO] ThirdParty:1030 - CMSIS Pack Vendor :STMicroelectronics X-CUBE-MEMS1 11.2.0
2025-04-30 13:21:20,501 [INFO] ThirdParty:1030 - CMSIS Pack Vendor :STMicroelectronics FreeRTOS 0.0.1
2025-04-30 13:21:20,501 [INFO] ThirdParty:1030 - CMSIS Pack Vendor :STMicroelectronics X-CUBE-AZRTOS-G0 1.1.0
2025-04-30 13:21:20,501 [INFO] ThirdParty:1030 - CMSIS Pack Vendor :STMicroelectronics X-CUBE-SAFEA1 1.2.2
2025-04-30 13:21:20,501 [INFO] ThirdParty:1030 - CMSIS Pack Vendor :STMicroelectronics X-CUBE-NFC4 3.0.0
2025-04-30 13:21:20,501 [INFO] ThirdParty:1030 - CMSIS Pack Vendor :STMicroelectronics X-CUBE-DPower 1.2.0
2025-04-30 13:21:20,501 [INFO] ThirdParty:1030 - CMSIS Pack Vendor :STMicroelectronics X-CUBE-SUBG2 5.0.0
2025-04-30 13:21:20,501 [INFO] ThirdParty:1030 - CMSIS Pack Vendor :STMicroelectronics X-CUBE-AZRTOS-H7RS 1.1.0
2025-04-30 13:21:20,501 [INFO] ThirdParty:1030 - CMSIS Pack Vendor :STMicroelectronics STM32_WPAN 1.0.0
2025-04-30 13:21:20,501 [INFO] ThirdParty:1030 - CMSIS Pack Vendor :EmbeddedOffice I-CUBE-FS-RTOS 1.0.1
2025-04-30 13:21:20,501 [INFO] ThirdParty:1030 - CMSIS Pack Vendor :STMicroelectronics lwIP 2.0.3
2025-04-30 13:21:20,501 [INFO] ThirdParty:1030 - CMSIS Pack Vendor :Cesanta I-CUBE-Mongoose 7.13.0
2025-04-30 13:21:20,501 [INFO] ThirdParty:1030 - CMSIS Pack Vendor :STMicroelectronics USB_HOST 1.0.0
2025-04-30 13:21:20,501 [INFO] ThirdParty:1030 - CMSIS Pack Vendor :Infineon AIROC-Wi-Fi-Bluetooth-STM32 1.7.0
2025-04-30 13:21:20,502 [INFO] ThirdParty:1030 - CMSIS Pack Vendor :STMicroelectronics X-CUBE-AZRTOS-G4 2.0.0
2025-04-30 13:21:20,502 [INFO] ThirdParty:1030 - CMSIS Pack Vendor :STMicroelectronics X-CUBE-WB05N 2.0.0
2025-04-30 13:21:20,502 [INFO] ThirdParty:1030 - CMSIS Pack Vendor :STMicroelectronics PDM2PCM 3.1.0
2025-04-30 13:21:20,502 [INFO] ThirdParty:1030 - CMSIS Pack Vendor :STMicroelectronics PDM2PCM 3.3.0
2025-04-30 13:21:20,502 [INFO] ThirdParty:1030 - CMSIS Pack Vendor :wolfSSL I-CUBE-wolfTPM 3.8.0
2025-04-30 13:21:20,502 [INFO] ThirdParty:1030 - CMSIS Pack Vendor :STMicroelectronics X-CUBE-DISPLAY 3.0.0
2025-04-30 13:21:20,502 [INFO] ThirdParty:1030 - CMSIS Pack Vendor :wolfSSL I-CUBE-wolfSSH 1.4.20
2025-04-30 13:21:20,502 [INFO] ThirdParty:1030 - CMSIS Pack Vendor :STMicroelectronics X-CUBE-TCPP 4.2.0
2025-04-30 13:21:20,502 [INFO] ThirdParty:1030 - CMSIS Pack Vendor :RealThread X-CUBE-RT-Thread_Nano 4.1.1
2025-04-30 13:21:20,502 [INFO] ThirdParty:1030 - CMSIS Pack Vendor :STMicroelectronics FP-ATR-SIGFOX1 3.2.0
2025-04-30 13:21:20,502 [INFO] ThirdParty:1030 - CMSIS Pack Vendor :STMicroelectronics X-CUBE-NFC10 1.0.0
2025-04-30 13:21:20,502 [INFO] ThirdParty:1030 - CMSIS Pack Vendor :STMicroelectronics X-CUBE-BLEMGR 4.0.0
2025-04-30 13:21:20,502 [INFO] ThirdParty:1030 - CMSIS Pack Vendor :STMicroelectronics X-CUBE-EEPRMA1 5.1.0
2025-04-30 13:21:20,502 [INFO] ThirdParty:1030 - CMSIS Pack Vendor :STMicroelectronics HAL Drivers 0.0.0
2025-04-30 13:21:20,502 [INFO] ThirdParty:1030 - CMSIS Pack Vendor :STMicroelectronics MBEDTLS 2.16.2
2025-04-30 13:21:20,502 [INFO] ThirdParty:1030 - CMSIS Pack Vendor :STMicroelectronics X-CUBE-IPS 3.1.0
2025-04-30 13:21:20,502 [INFO] ThirdParty:1030 - CMSIS Pack Vendor :STMicroelectronics X-CUBE-ALS 1.0.2
2025-04-30 13:21:20,502 [INFO] ThirdParty:1030 - CMSIS Pack Vendor :emotas I-CUBE-CANOPEN 1.3.0
2025-04-30 13:21:20,502 [INFO] ThirdParty:1030 - CMSIS Pack Vendor :STMicroelectronics X-CUBE-FREERTOS 1.3.0
2025-04-30 13:21:20,502 [INFO] ThirdParty:1030 - CMSIS Pack Vendor :STMicroelectronics X-CUBE-NFC7 1.0.1
2025-04-30 13:21:20,502 [INFO] ThirdParty:1030 - CMSIS Pack Vendor :STMicroelectronics MBEDTLS 2.14.1
2025-04-30 13:21:20,502 [INFO] ThirdParty:1030 - CMSIS Pack Vendor :wolfSSL I-CUBE-wolfSSL 5.7.6
2025-04-30 13:21:20,502 [INFO] ThirdParty:1030 - CMSIS Pack Vendor :ITTIA_DB I-CUBE-ITTIADB 8.9.0
2025-04-30 13:21:20,502 [INFO] ThirdParty:1030 - CMSIS Pack Vendor :portGmbH I-Cube-SoM-uGOAL 1.1.0
2025-04-30 13:21:20,502 [INFO] ThirdParty:1030 - CMSIS Pack Vendor :quantropi X-CUBE-qispace-sdk-base 2.0.0
2025-04-30 13:21:20,502 [INFO] ThirdParty:1030 - CMSIS Pack Vendor :STMicroelectronics X-CUBE-AI 10.0.0
2025-04-30 13:21:20,502 [INFO] ThirdParty:1030 - CMSIS Pack Vendor :STMicroelectronics ThreadX 1.0.0
2025-04-30 13:21:20,503 [INFO] ThirdParty:1030 - CMSIS Pack Vendor :STMicroelectronics FP-SNS-SMARTAG2 1.2.0
2025-04-30 13:21:20,503 [INFO] ThirdParty:1030 - CMSIS Pack Vendor :STMicroelectronics FP-SNS-FLIGHT1 5.1.0
2025-04-30 13:21:20,503 [INFO] ThirdParty:1030 - CMSIS Pack Vendor :STMicroelectronics X-CUBE-MEMS1 11.1.0
2025-04-30 13:21:20,503 [INFO] ThirdParty:1030 - CMSIS Pack Vendor :STMicroelectronics X-CUBE-AZRTOS-WL 2.0.0
2025-04-30 13:21:20,503 [INFO] ThirdParty:1030 - CMSIS Pack Vendor :SEGGER I-CUBE-embOS 1.3.1
2025-04-30 13:21:20,503 [INFO] ThirdParty:1030 - CMSIS Pack Vendor :STMicroelectronics X-CUBE-ALGOBUILD 1.4.0
2025-04-30 13:21:20,503 [INFO] ThirdParty:1030 - CMSIS Pack Vendor :STMicroelectronics X-CUBE-DPower 1.3.0
2025-04-30 13:21:20,503 [INFO] ThirdParty:1030 - CMSIS Pack Vendor :STMicroelectronics FP-SNS-MOTENV1 5.0.0
2025-04-30 13:21:20,503 [INFO] ThirdParty:1030 - CMSIS Pack Vendor :STMicroelectronics USB_DEVICE 1.0.0
2025-04-30 13:21:20,503 [INFO] ThirdParty:1030 - CMSIS Pack Vendor :STMicroelectronics X-CUBE-AZRTOS-L4 2.0.0
2025-04-30 13:21:20,503 [INFO] ThirdParty:1030 - CMSIS Pack Vendor :STMicroelectronics ThreadX 0.0.2
2025-04-30 13:21:20,503 [INFO] ThirdParty:1030 - CMSIS Pack Vendor :WES I-CUBE-Cesium 1.3.0
2025-04-30 13:21:20,503 [INFO] ThirdParty:1030 - CMSIS Pack Vendor :STMicroelectronics lwIP 2.1.2
2025-04-30 13:21:20,503 [INFO] ThirdParty:1030 - CMSIS Pack Vendor :STMicroelectronics X-CUBE-SFXS2LP1 4.0.0
2025-04-30 13:21:20,503 [INFO] ThirdParty:1030 - CMSIS Pack Vendor :STMicroelectronics X-CUBE-BLE2 3.3.0
2025-04-30 13:21:20,503 [INFO] ThirdParty:1030 - CMSIS Pack Vendor :STMicroelectronics X-CUBE-TOF1 3.4.2
2025-04-30 13:21:20,503 [INFO] ThirdParty:1030 - CMSIS Pack Vendor :STMicroelectronics X-CUBE-TOF1 3.4.3
2025-04-30 13:21:20,503 [INFO] ThirdParty:1030 - CMSIS Pack Vendor :STMicroelectronics PDM2PCM 3.2.0
2025-04-30 13:21:20,503 [INFO] ThirdParty:841 - exiting critical section [change project]
2025-04-30 13:21:22,129 [INFO] PinOutPanel:1589 - setPackage(No Configuration,No Configuration)
2025-04-30 13:21:22,135 [INFO] PinOutPanel:1589 - setPackage(STM32L4A6ZGTx,LQFP144)
2025-04-30 13:21:23,739 [INFO] UtilMem:75 - Before build in PCC Used Memory: 880266672 Bytes (1073741824)
2025-04-30 13:21:27,209 [INFO] UtilMem:75 - After build in PCC Used Memory: 998755760 Bytes (1073741824)
2025-04-30 13:21:27,310 [INFO] IPUIPlugin:80 - create IPUIPlugin
2025-04-30 13:21:27,311 [INFO] IPUIPlugin:80 - create IPUIPlugin
2025-04-30 13:21:27,311 [INFO] IPUIPlugin:80 - create IPUIPlugin
2025-04-30 13:21:27,311 [INFO] IPUIPlugin:80 - create IPUIPlugin
2025-04-30 13:21:27,311 [INFO] IPUIPlugin:80 - create IPUIPlugin
2025-04-30 13:21:27,311 [INFO] IPUIPlugin:80 - create IPUIPlugin
2025-04-30 13:21:27,311 [INFO] IPUIPlugin:80 - create IPUIPlugin
2025-04-30 13:21:27,311 [INFO] IPUIPlugin:80 - create IPUIPlugin
2025-04-30 13:21:27,312 [INFO] IPUIPlugin:80 - create IPUIPlugin
2025-04-30 13:21:27,312 [INFO] IPUIPlugin:80 - create IPUIPlugin
2025-04-30 13:21:27,312 [INFO] IPUIPlugin:80 - create IPUIPlugin
2025-04-30 13:21:27,312 [INFO] IPUIPlugin:80 - create IPUIPlugin
2025-04-30 13:21:27,313 [INFO] IPUIPlugin:80 - create IPUIPlugin
2025-04-30 13:21:27,313 [INFO] IPUIPlugin:80 - create IPUIPlugin
2025-04-30 13:21:27,313 [INFO] IPUIPlugin:80 - create IPUIPlugin
2025-04-30 13:21:27,313 [INFO] IPUIPlugin:80 - create IPUIPlugin
2025-04-30 13:21:27,313 [INFO] IPUIPlugin:80 - create IPUIPlugin
2025-04-30 13:21:27,314 [INFO] IPUIPlugin:80 - create IPUIPlugin
2025-04-30 13:21:27,314 [INFO] IPUIPlugin:80 - create IPUIPlugin
2025-04-30 13:21:27,314 [INFO] IPUIPlugin:80 - create IPUIPlugin
2025-04-30 13:21:27,314 [INFO] IPUIPlugin:80 - create IPUIPlugin
2025-04-30 13:21:27,314 [INFO] IPUIPlugin:80 - create IPUIPlugin
2025-04-30 13:21:27,314 [INFO] IPUIPlugin:80 - create IPUIPlugin
2025-04-30 13:21:27,315 [INFO] IPUIPlugin:80 - create IPUIPlugin
2025-04-30 13:21:27,315 [INFO] IPUIPlugin:80 - create IPUIPlugin
2025-04-30 13:21:27,315 [INFO] IPUIPlugin:80 - create IPUIPlugin
2025-04-30 13:21:27,315 [INFO] IPUIPlugin:80 - create IPUIPlugin
2025-04-30 13:21:27,316 [INFO] IPUIPlugin:80 - create IPUIPlugin
2025-04-30 13:21:27,316 [INFO] IPUIPlugin:80 - create IPUIPlugin
2025-04-30 13:21:27,316 [INFO] IPUIPlugin:80 - create IPUIPlugin
2025-04-30 13:21:27,316 [INFO] IPUIPlugin:80 - create IPUIPlugin
2025-04-30 13:21:27,317 [INFO] IPUIPlugin:80 - create IPUIPlugin
2025-04-30 13:21:27,317 [INFO] IPUIPlugin:80 - create IPUIPlugin
2025-04-30 13:21:27,317 [INFO] IPUIPlugin:80 - create IPUIPlugin
2025-04-30 13:21:27,317 [INFO] IPUIPlugin:80 - create IPUIPlugin
2025-04-30 13:21:27,318 [INFO] IPUIPlugin:80 - create IPUIPlugin
2025-04-30 13:21:27,318 [INFO] IPUIPlugin:80 - create IPUIPlugin
2025-04-30 13:21:27,318 [INFO] IPUIPlugin:80 - create IPUIPlugin
2025-04-30 13:21:27,319 [INFO] IPUIPlugin:80 - create IPUIPlugin
2025-04-30 13:21:27,319 [INFO] IPUIPlugin:80 - create IPUIPlugin
2025-04-30 13:21:27,320 [INFO] IPUIPlugin:80 - create IPUIPlugin
2025-04-30 13:21:27,320 [INFO] IPUIPlugin:80 - create IPUIPlugin
2025-04-30 13:21:27,320 [INFO] IPUIPlugin:80 - create IPUIPlugin
2025-04-30 13:21:27,321 [INFO] IPUIPlugin:80 - create IPUIPlugin
2025-04-30 13:21:27,321 [INFO] IPUIPlugin:80 - create IPUIPlugin
2025-04-30 13:21:27,321 [INFO] IPUIPlugin:80 - create IPUIPlugin
2025-04-30 13:21:27,322 [INFO] IPUIPlugin:80 - create IPUIPlugin
2025-04-30 13:21:27,323 [INFO] IPUIPlugin:80 - create IPUIPlugin
2025-04-30 13:21:27,323 [INFO] IPUIPlugin:80 - create IPUIPlugin
2025-04-30 13:21:27,324 [INFO] IPUIPlugin:80 - create IPUIPlugin
2025-04-30 13:21:27,324 [INFO] IPUIPlugin:80 - create IPUIPlugin
2025-04-30 13:21:27,325 [INFO] IPUIPlugin:80 - create IPUIPlugin
2025-04-30 13:21:27,325 [INFO] IPUIPlugin:80 - create IPUIPlugin
2025-04-30 13:21:27,325 [INFO] IPUIPlugin:80 - create IPUIPlugin
2025-04-30 13:21:27,326 [INFO] IPUIPlugin:80 - create IPUIPlugin
2025-04-30 13:21:27,327 [INFO] IPUIPlugin:80 - create IPUIPlugin
2025-04-30 13:21:27,328 [INFO] IPUIPlugin:80 - create IPUIPlugin
2025-04-30 13:21:27,329 [INFO] IPUIPlugin:80 - create IPUIPlugin
2025-04-30 13:21:27,330 [INFO] IPUIPlugin:80 - create IPUIPlugin
2025-04-30 13:21:27,331 [INFO] IPUIPlugin:80 - create IPUIPlugin
2025-04-30 13:21:27,331 [INFO] IPUIPlugin:80 - create IPUIPlugin
2025-04-30 13:21:27,332 [INFO] IPUIPlugin:80 - create IPUIPlugin
2025-04-30 13:21:27,332 [INFO] IPUIPlugin:80 - create IPUIPlugin
2025-04-30 13:21:27,333 [INFO] IPUIPlugin:80 - create IPUIPlugin
2025-04-30 13:21:27,333 [INFO] IPUIPlugin:80 - create IPUIPlugin
2025-04-30 13:21:27,334 [INFO] IPUIPlugin:80 - create IPUIPlugin
2025-04-30 13:21:27,366 [INFO] WebApp:194 - Connection lost
2025-04-30 13:21:27,738 [INFO] WebApp:191 - Connection restablished
2025-04-30 13:21:27,958 [INFO] CADModel:165 - CPN selected for project levelSTM32L4A6ZGT6
2025-04-30 13:21:27,958 [INFO] CADModel:114 - Register for checkConnection events
2025-04-30 13:21:28,082 [INFO] OpenFileManager:385 - Restore cursor
2025-04-30 13:21:30,931 [INFO] UtilMem:75 - End SaveConfig() Used Memory: 893173984 Bytes (1073741824)
2025-04-30 13:21:31,184 [INFO] UtilMem:75 - End SaveConfig() Used Memory: 926981840 Bytes (1073741824)
2025-04-30 13:21:32,214 [INFO] BlockDiagram:2775 - set Specific Code input for plugin: SYS
2025-04-30 13:21:32,214 [INFO] BlockDiagram:2775 - set Specific Code input for plugin: RCC
2025-04-30 13:21:32,214 [INFO] BlockDiagram:2775 - set Specific Code input for plugin: NVIC
2025-04-30 13:21:32,216 [INFO] BlockDiagram:2775 - set Specific Code input for plugin: GPIO
2025-04-30 13:21:32,223 [INFO] CodeGenerator:882 - code generatio: config db path: C:\ST\STM32CubeIDE_1.18.0\STM32CubeIDE\plugins\com.st.stm32cube.common.mx_6.14.1.202504091515\\db\
2025-04-30 13:21:32,696 [INFO] CodeEngine:263 - oldGeneratedFile, C:\Users\blew2\Documents\GitHub\STM32CubeIDE\workspace_1.18.0\A4\MXTmpFiles\license.tmp_save
2025-04-30 13:21:33,599 [INFO] CodeEngine:287 - Generated code: C:\Users\blew2\Documents\GitHub\STM32CubeIDE\workspace_1.18.0\A4\MXTmpFiles\license.tmp
2025-04-30 13:21:34,029 [INFO] CodeEngine:263 - oldGeneratedFile, C:\Users\blew2\Documents\GitHub\STM32CubeIDE\workspace_1.18.0\A4\MXTmpFiles\gpio.tmp_save
2025-04-30 13:21:34,378 [INFO] CodeEngine:287 - Generated code: C:\Users\blew2\Documents\GitHub\STM32CubeIDE\workspace_1.18.0\A4\MXTmpFiles\gpio.tmp
2025-04-30 13:21:34,810 [INFO] CodeEngine:263 - oldGeneratedFile, C:\Users\blew2\Documents\GitHub\STM32CubeIDE\workspace_1.18.0\A4\Core\Src\stm32l4xx_it.c_save
2025-04-30 13:21:35,163 [INFO] CodeEngine:287 - Generated code: C:\Users\blew2\Documents\GitHub\STM32CubeIDE\workspace_1.18.0\A4\Core\Src\stm32l4xx_it.c
2025-04-30 13:21:35,201 [INFO] CodeEngine:263 - oldGeneratedFile, C:\Users\blew2\Documents\GitHub\STM32CubeIDE\workspace_1.18.0\A4\Core\Inc\stm32l4xx_it.h_save
2025-04-30 13:21:35,441 [INFO] CodeEngine:287 - Generated code: C:\Users\blew2\Documents\GitHub\STM32CubeIDE\workspace_1.18.0\A4\Core\Inc\stm32l4xx_it.h
2025-04-30 13:21:35,576 [INFO] CodeEngine:263 - oldGeneratedFile, C:\Users\blew2\Documents\GitHub\STM32CubeIDE\workspace_1.18.0\A4\Core\Src\stm32l4xx_hal_msp.c_save
2025-04-30 13:21:35,869 [INFO] CodeEngine:287 - Generated code: C:\Users\blew2\Documents\GitHub\STM32CubeIDE\workspace_1.18.0\A4\Core\Src\stm32l4xx_hal_msp.c
2025-04-30 13:21:35,941 [INFO] CodeEngine:263 - oldGeneratedFile, C:\Users\blew2\Documents\GitHub\STM32CubeIDE\workspace_1.18.0\A4\MXTmpFiles\system.tmp_save
2025-04-30 13:21:36,098 [INFO] CodeEngine:287 - Generated code: C:\Users\blew2\Documents\GitHub\STM32CubeIDE\workspace_1.18.0\A4\MXTmpFiles\system.tmp
2025-04-30 13:21:36,232 [INFO] CodeEngine:319 - oldGeneratedFile, C:\Users\blew2\Documents\GitHub\STM32CubeIDE\workspace_1.18.0\A4\Core\Inc\stm32l4xx_hal_conf.h_save
2025-04-30 13:21:36,418 [INFO] CodeEngine:343 - Generated code: C:\Users\blew2\Documents\GitHub\STM32CubeIDE\workspace_1.18.0\A4\Core\Inc\stm32l4xx_hal_conf.h
2025-04-30 13:21:36,589 [INFO] ApiDbMcu:508 - Load IP Config File for RCC
2025-04-30 13:21:36,684 [INFO] CodeEngine:263 - oldGeneratedFile, C:\Users\blew2\Documents\GitHub\STM32CubeIDE\workspace_1.18.0\A4\Core\Inc\main.h_save
2025-04-30 13:21:36,917 [INFO] CodeEngine:287 - Generated code: C:\Users\blew2\Documents\GitHub\STM32CubeIDE\workspace_1.18.0\A4\Core\Inc\main.h
2025-04-30 13:21:36,952 [INFO] CodeEngine:263 - oldGeneratedFile, C:\Users\blew2\Documents\GitHub\STM32CubeIDE\workspace_1.18.0\A4\Core\Src\main.c_save
2025-04-30 13:21:37,228 [INFO] CodeEngine:287 - Generated code: C:\Users\blew2\Documents\GitHub\STM32CubeIDE\workspace_1.18.0\A4\Core\Src\main.c
2025-04-30 13:21:39,333 [INFO] ProjectBuilder:3324 - Time for Copy HAL[1] : 1614mS.
2025-04-30 13:21:39,356 [INFO] ProjectBuilder:4912 - Project Generator version: 4.6.0.1-B1
2025-04-30 13:21:39,507 [INFO] ConfigFileManager:1590 - The Die is : DIE461
2025-04-30 13:21:39,551 [INFO] ApiDbMcu:508 - Load IP Config File for FATFS
2025-04-30 13:21:39,570 [INFO] ApiDbMcu:508 - Load IP Config File for FREERTOS
2025-04-30 13:21:39,598 [INFO] ApiDbMcu:508 - Load IP Config File for TOUCHSENSING
2025-04-30 13:21:39,614 [INFO] ApiDbMcu:508 - Load IP Config File for USB_DEVICE
2025-04-30 13:21:39,625 [INFO] ApiDbMcu:508 - Load IP Config File for USB_HOST
2025-04-30 13:21:40,496 [INFO] LogOutputStream:77 - [STDOUT_REDIRECT] 
2025-04-30 13:21:48,850 [INFO] ProjectBuilder:5191 - Time for Generating toolchain IDE Files: 9494mS.
2025-04-30 13:21:48,854 [INFO] ProjectBuilder:3181 - Time for Copy CMSIS : 2mS.
2025-04-30 13:21:48,865 [INFO] ProjectBuilder:3181 - Time for Copy CMSIS : 0mS.
2025-04-30 13:21:50,559 [INFO] McuFinderGlobals:76 - Set McuFinderConnectedMode to true
2025-04-30 13:21:50,568 [INFO] ApiDb:448 - Save user favorites file C:\Users\blew2/.stm32cubeide/favorites.mcus.txt: 0 item(s)
2025-04-30 13:21:50,569 [INFO] ApiDb:452 - User favorites MCUs=[]
2025-04-30 13:21:50,574 [INFO] ApiDb:448 - Save user favorites file C:\Users\blew2/.stm32cubeide/favorites.boards.txt: 0 item(s)
2025-04-30 13:21:50,574 [INFO] ApiDb:452 - User favorites Boards=[]
2025-04-30 13:22:47,336 [INFO] WebApp:194 - Connection lost
2025-04-30 13:22:48,806 [INFO] WebApp:191 - Connection restablished
2025-04-30 13:23:49,856 [INFO] WebApp:194 - Connection lost
2025-04-30 13:23:50,519 [INFO] WebApp:191 - Connection restablished
2025-04-30 13:24:02,347 [INFO] WebApp:194 - Connection lost
2025-04-30 13:24:02,860 [INFO] WebApp:191 - Connection restablished
2025-04-30 13:24:42,011 [INFO] Gpio:277 - dependency for GPIO [SYS]
2025-04-30 13:24:54,645 [INFO] Gpio:277 - dependency for GPIO [SYS]
2025-04-30 13:25:01,972 [INFO] UtilMem:75 - End SaveConfig() Used Memory: 438826736 Bytes (1073741824)
2025-04-30 13:25:03,592 [INFO] UtilMem:75 - End SaveConfig() Used Memory: 472903408 Bytes (1073741824)
2025-04-30 13:25:06,584 [INFO] UtilMem:75 - End SaveConfig() Used Memory: 532672240 Bytes (1073741824)
2025-04-30 13:25:07,079 [INFO] BlockDiagram:2775 - set Specific Code input for plugin: SYS
2025-04-30 13:25:07,079 [INFO] BlockDiagram:2775 - set Specific Code input for plugin: RCC
2025-04-30 13:25:07,079 [INFO] BlockDiagram:2775 - set Specific Code input for plugin: NVIC
2025-04-30 13:25:07,080 [INFO] BlockDiagram:2775 - set Specific Code input for plugin: GPIO
2025-04-30 13:25:07,082 [INFO] CodeGenerator:882 - code generatio: config db path: C:\ST\STM32CubeIDE_1.18.0\STM32CubeIDE\plugins\com.st.stm32cube.common.mx_6.14.1.202504091515\\db\
2025-04-30 13:25:07,242 [INFO] CodeEngine:263 - oldGeneratedFile, C:\Users\blew2\Documents\GitHub\STM32CubeIDE\workspace_1.18.0\A4\MXTmpFiles\license.tmp_save
2025-04-30 13:25:07,745 [INFO] CodeEngine:287 - Generated code: C:\Users\blew2\Documents\GitHub\STM32CubeIDE\workspace_1.18.0\A4\MXTmpFiles\license.tmp
2025-04-30 13:25:07,880 [INFO] CodeEngine:263 - oldGeneratedFile, C:\Users\blew2\Documents\GitHub\STM32CubeIDE\workspace_1.18.0\A4\MXTmpFiles\gpio.tmp_save
2025-04-30 13:25:08,118 [INFO] CodeEngine:287 - Generated code: C:\Users\blew2\Documents\GitHub\STM32CubeIDE\workspace_1.18.0\A4\MXTmpFiles\gpio.tmp
2025-04-30 13:25:08,288 [INFO] CodeEngine:263 - oldGeneratedFile, C:\Users\blew2\Documents\GitHub\STM32CubeIDE\workspace_1.18.0\A4\Core\Src\stm32l4xx_it.c_save
2025-04-30 13:25:08,626 [INFO] CodeEngine:287 - Generated code: C:\Users\blew2\Documents\GitHub\STM32CubeIDE\workspace_1.18.0\A4\Core\Src\stm32l4xx_it.c
2025-04-30 13:25:08,664 [INFO] CodeEngine:263 - oldGeneratedFile, C:\Users\blew2\Documents\GitHub\STM32CubeIDE\workspace_1.18.0\A4\Core\Inc\stm32l4xx_it.h_save
2025-04-30 13:25:08,837 [INFO] CodeEngine:287 - Generated code: C:\Users\blew2\Documents\GitHub\STM32CubeIDE\workspace_1.18.0\A4\Core\Inc\stm32l4xx_it.h
2025-04-30 13:25:08,940 [INFO] CodeEngine:263 - oldGeneratedFile, C:\Users\blew2\Documents\GitHub\STM32CubeIDE\workspace_1.18.0\A4\Core\Src\stm32l4xx_hal_msp.c_save
2025-04-30 13:25:09,135 [INFO] CodeEngine:287 - Generated code: C:\Users\blew2\Documents\GitHub\STM32CubeIDE\workspace_1.18.0\A4\Core\Src\stm32l4xx_hal_msp.c
2025-04-30 13:25:09,178 [INFO] CodeEngine:263 - oldGeneratedFile, C:\Users\blew2\Documents\GitHub\STM32CubeIDE\workspace_1.18.0\A4\MXTmpFiles\system.tmp_save
2025-04-30 13:25:09,303 [INFO] CodeEngine:287 - Generated code: C:\Users\blew2\Documents\GitHub\STM32CubeIDE\workspace_1.18.0\A4\MXTmpFiles\system.tmp
2025-04-30 13:25:09,407 [INFO] CodeEngine:319 - oldGeneratedFile, C:\Users\blew2\Documents\GitHub\STM32CubeIDE\workspace_1.18.0\A4\Core\Inc\stm32l4xx_hal_conf.h_save
2025-04-30 13:25:09,572 [INFO] CodeEngine:343 - Generated code: C:\Users\blew2\Documents\GitHub\STM32CubeIDE\workspace_1.18.0\A4\Core\Inc\stm32l4xx_hal_conf.h
2025-04-30 13:25:09,705 [INFO] CodeEngine:263 - oldGeneratedFile, C:\Users\blew2\Documents\GitHub\STM32CubeIDE\workspace_1.18.0\A4\Core\Inc\main.h_save
2025-04-30 13:25:09,896 [INFO] CodeEngine:287 - Generated code: C:\Users\blew2\Documents\GitHub\STM32CubeIDE\workspace_1.18.0\A4\Core\Inc\main.h
2025-04-30 13:25:09,936 [INFO] CodeEngine:263 - oldGeneratedFile, C:\Users\blew2\Documents\GitHub\STM32CubeIDE\workspace_1.18.0\A4\Core\Src\main.c_save
2025-04-30 13:25:10,155 [INFO] CodeEngine:287 - Generated code: C:\Users\blew2\Documents\GitHub\STM32CubeIDE\workspace_1.18.0\A4\Core\Src\main.c
2025-04-30 13:25:10,905 [INFO] ProjectBuilder:3324 - Time for Copy HAL[1] : 554mS.
2025-04-30 13:25:10,918 [INFO] ProjectBuilder:4912 - Project Generator version: 4.6.0.1-B1
2025-04-30 13:25:11,172 [INFO] ConfigFileManager:1590 - The Die is : DIE461
2025-04-30 13:25:13,164 [INFO] ProjectBuilder:5191 - Time for Generating toolchain IDE Files: 2245mS.
2025-04-30 13:25:13,166 [INFO] ProjectBuilder:3181 - Time for Copy CMSIS : 2mS.
2025-04-30 13:25:13,175 [INFO] ProjectBuilder:3181 - Time for Copy CMSIS : 0mS.
2025-04-30 13:29:46,820 [INFO] WebApp:194 - Connection lost
2025-04-30 13:29:47,165 [INFO] WebApp:191 - Connection restablished
2025-04-30 13:30:20,831 [INFO] WebApp:194 - Connection lost
2025-04-30 13:30:21,156 [INFO] WebApp:191 - Connection restablished
2025-04-30 13:32:16,330 [INFO] WebApp:194 - Connection lost
2025-04-30 13:32:16,662 [INFO] WebApp:191 - Connection restablished
2025-04-30 13:33:15,853 [INFO] WebApp:194 - Connection lost
2025-04-30 13:33:16,209 [INFO] WebApp:191 - Connection restablished
2025-04-30 14:08:20,349 [INFO] WebApp:194 - Connection lost
2025-04-30 14:08:41,218 [INFO] WebApp:191 - Connection restablished
2025-04-30 15:11:57,344 [INFO] WebApp:194 - Connection lost
2025-04-30 15:11:59,093 [INFO] WebApp:191 - Connection restablished
2025-04-30 15:12:00,949 [INFO] WebApp:194 - Connection lost
2025-04-30 15:12:01,742 [INFO] WebApp:191 - Connection restablished
